<?xml version="1.0" encoding="UTF-8"?>
<!DOCTYPE language SYSTEM "language.dtd">
<!-- read from /usr/share/katepart5/syntax/actionscript.xml at 25/06/15 19:33:21 CEST -->
<language author="Aaron Miller (armantic101@gmail.com)" extensions="*.as" kateversion="2.3" license="LGPL" mimetype="text/x-actionscript" name="ActionScript 2.0" section="Sources" version="1.0">
	<highlighting>
		<contexts>
			<context attribute="Normal Text" lineEndContext="#stay" name="Normal">
				<IncludeRules context="##Javadoc" />
				<keyword String="properties" attribute="Properties" context="#stay" />
				<keyword String="global_functions" attribute="Global Functions" context="#stay" />
				<keyword String="classes" attribute="Classes" context="#stay" />
				<keyword String="keywords" attribute="Keyword" context="#stay" />
				<keyword String="const" attribute="Constants" context="#stay" />
				<keyword String="types" attribute="Data Type" context="#stay" />
				<Float attribute="Float" context="#stay">
					<AnyChar String="fF" attribute="Float" context="#stay" />
				</Float>
				<HlCOct attribute="Octal" context="#stay" />
				<HlCHex attribute="Hex" context="#stay" />
				<Int attribute="Decimal" context="#stay">
					<StringDetect String="ULL" attribute="Decimal" context="#stay" insensitive="true" />
					<StringDetect String="LUL" attribute="Decimal" context="#stay" insensitive="true" />
					<StringDetect String="LLU" attribute="Decimal" context="#stay" insensitive="true" />
					<StringDetect String="UL" attribute="Decimal" context="#stay" insensitive="true" />
					<StringDetect String="LU" attribute="Decimal" context="#stay" insensitive="true" />
					<StringDetect String="LL" attribute="Decimal" context="#stay" insensitive="true" />
					<StringDetect String="U" attribute="Decimal" context="#stay" insensitive="true" />
					<StringDetect String="L" attribute="Decimal" context="#stay" insensitive="true" />
				</Int>
				<HlCChar attribute="Char" context="#stay" />
				<RegExpr String="//\s*BEGIN.*$" attribute="Decimal" beginRegion="Region1" context="#stay" />
				<RegExpr String="//\s*END.*$" attribute="Decimal" context="#stay" endRegion="Region1" />
				<DetectChar attribute="String" char="&quot;" context="String" />
				<Detect2Chars attribute="Comment" char="/" char1="/" context="Commentar 1" />
				<Detect2Chars attribute="Comment" beginRegion="Comment" char="/" char1="*" context="Commentar 2" />
				<DetectChar attribute="Symbol" beginRegion="Brace1" char="{" context="#stay" />
				<DetectChar attribute="Symbol" char="}" context="#stay" endRegion="Brace1" />
				<RegExpr String="\.{3,3}\s+" attribute="Keyword" context="#stay" />
				<RegExpr String="\b(import\s+static)\b" attribute="Keyword" context="StaticImports" />
				<RegExpr String="\b(package|import)\b" attribute="Keyword" context="Imports" />
				<RegExpr String="\b[_\w][_\w\d]*(?=[\s]*(/\*\s*\d+\s*\*/\s*)?[(])" attribute="Function" context="#stay" />
				<RegExpr String="[.]{1,1}" attribute="Symbol" context="Member" />
				<AnyChar String=":!%&amp;()+,-/.*&lt;=&gt;?[]|~^;" attribute="Symbol" context="#stay" />
			</context>
			<context attribute="String" lineEndContext="#pop" name="String">
				<LineContinue attribute="String" context="#stay" />
				<HlCStringChar attribute="String Char" context="#stay" />
				<DetectChar attribute="String" char="&quot;" context="#pop" />
			</context>
			<context attribute="Normal Text" fallthrough="true" fallthroughContext="#pop" lineEndContext="#pop" name="Member">
				<RegExpr String="\b[_a-zA-Z]\w*(?=[\s]*)" attribute="Function" context="#pop" />
			</context>
			<context attribute="Normal Text" lineEndContext="#pop" name="StaticImports">
				<RegExpr String="\s*.*$" attribute="StaticImports" context="#pop" />
			</context>
			<context attribute="Normal Text" lineEndContext="#pop" name="Imports">
				<RegExpr String="\s*.*$" attribute="Imports" context="#pop" />
			</context>
			<context attribute="Comment" lineEndContext="#pop" name="Commentar 1" />
			<context attribute="Comment" lineEndContext="#stay" name="Commentar 2">
				<Detect2Chars attribute="Comment" char="*" char1="/" context="#pop" endRegion="Comment" />
			</context>
		</contexts>
		<itemDatas>
			<itemData defStyleNum="dsNormal" name="Normal Text" />
			<itemData defStyleNum="dsKeyword" name="Keyword" />
			<itemData defStyleNum="dsFunction" name="Function" />
			<itemData name="StaticImports" defStyleNum="dsImport" />
			<itemData name="Imports" defStyleNum="dsImport" />
			<itemData defStyleNum="dsDataType" name="Data Type" />
			<itemData defStyleNum="dsDecVal" name="Decimal" />
			<itemData defStyleNum="dsBaseN" name="Octal" />
			<itemData defStyleNum="dsBaseN" name="Hex" />
			<itemData defStyleNum="dsFloat" name="Float" />
			<itemData defStyleNum="dsChar" name="Char" />
			<itemData defStyleNum="dsString" name="String" />
			<itemData defStyleNum="dsChar" name="String Char" />
			<itemData defStyleNum="dsComment" name="Comment" />
			<itemData defStyleNum="dsNormal" name="Symbol" />
			<itemData name="Properties" defStyleNum="dsVariable" />
			<itemData name="Global Functions" defStyleNum="dsFunction" />
			<itemData name="Classes" defStyleNum="dsBuiltIn" />
			<itemData name="Constants" defStyleNum="dsConstant" />
		</itemDatas>
		<list name="global_functions">
			<item> asfunction </item>
			<item> call </item>
			<item> chr </item>
			<item> clearInterval </item>
			<item> duplicateMovieClip </item>
			<item> escape </item>
			<item> eval </item>
			<item> fscommand </item>
			<item> getProperty </item>
			<item> getTimer </item>
			<item> getURL </item>
			<item> getVersion </item>
			<item> gotoAndPlay </item>
			<item> gotoAndStop </item>
			<item> ifFrameLoaded </item>
			<item> int </item>
			<item> isFinite </item>
			<item> isNaN </item>
			<item> length </item>
			<item> loadMovie </item>
			<item> loadMovieNum </item>
			<item> loadVariables </item>
			<item> loadVariablesNum </item>
			<item> mbchr </item>
			<item> mblength </item>
			<item> mbord </item>
			<item> mbsubstring </item>
			<item> nextFrame </item>
			<item> nextScene </item>
			<item> on </item>
			<item> onClipEvent </item>
			<item> ord </item>
			<item> parseFloat </item>
			<item> parseInt </item>
			<item> play </item>
			<item> prevFrame </item>
			<item> prevScene </item>
			<item> print </item>
			<item> printAsBitmap </item>
			<item> printAsBitmapNum </item>
			<item> printNum </item>
			<item> random </item>
			<item> removeMovieClip </item>
			<item> setInterval </item>
			<item> setProperty </item>
			<item> showRedrawRegions </item>
			<item> startDrag </item>
			<item> stop </item>
			<item> stopAllSounds </item>
			<item> stopDrag </item>
			<item> substring </item>
			<item> targetPath </item>
			<item> tellTarget </item>
			<item> toggleHighQuality </item>
			<item> trace </item>
			<item> typeof </item>
			<item> unescape </item>
			<item> unloadMovie </item>
			<item> unloadMovieNum </item>
			<item> updateAfterEvent </item>
		</list>
		<list name="types">
			<item> Array </item>
			<item> Boolean </item>
			<item> Number </item>
			<item> Object </item>
			<item> String </item>
			<item> Void </item>
		</list>
		<list name="keywords">
			<item> add </item>
			<item> and </item>
			<item> break </item>
			<item> case </item>
			<item> catch </item>
			<item> class </item>
			<item> continue </item>
			<item> default </item>
			<item> delete </item>
			<item> do </item>
			<item> dynamic </item>
			<item> else </item>
			<item> eq </item>
			<item> extends </item>
			<item> finally </item>
			<item> for </item>
			<item> function </item>
			<item> ge </item>
			<item> get </item>
			<item> gt </item>
			<item> if </item>
			<item> implements </item>
			<item> import </item>
			<item> in </item>
			<item> instanceof </item>
			<item> interface </item>
			<item> intrinsic </item>
			<item> le </item>
			<item> lt </item>
			<item> ne </item>
			<item> new </item>
			<item> not </item>
			<item> or </item>
			<item> private </item>
			<item> public </item>
			<item> return </item>
			<item> set </item>
			<item> static </item>
			<item> switch </item>
			<item> throw </item>
			<item> try </item>
			<item> var </item>
			<item> void </item>
			<item> while </item>
			<item> with </item>
		</list>
		<list name="const">
			<item> false </item>
			<item> Infinity </item>
			<item> -Infinity </item>
			<item> NaN </item>
			<item> newline </item>
			<item> null </item>
			<item> true </item>
			<item> undefined </item>
		</list>
		<list name="classes">
			<item> Accessibility </item>
			<item> Accordion </item>
			<item> Alert </item>
			<item> Binding </item>
			<item> Button </item>
			<item> Camera </item>
			<item> CellRenderer </item>
			<item> CheckBox </item>
			<item> Collection </item>
			<item> Color </item>
			<item> ComboBox </item>
			<item> ComponentMixins </item>
			<item> ContextMenu </item>
			<item> ContextMenuItem </item>
			<item> CustomActions </item>
			<item> CustomFormatter </item>
			<item> CustomValidator </item>
			<item> DataGrid </item>
			<item> DataHolder </item>
			<item> DataProvider </item>
			<item> DataSet </item>
			<item> DataType </item>
			<item> Date </item>
			<item> DateChooser </item>
			<item> DateField </item>
			<item> Delta </item>
			<item> DeltaItem </item>
			<item> DeltaPacket </item>
			<item> DepthManager </item>
			<item> EndPoint </item>
			<item> Error </item>
			<item> FaultEvent </item>
			<item> FocusManager </item>
			<item> Form </item>
			<item> Function </item>
			<item> Iterator </item>
			<item> Key </item>
			<item> Label </item>
			<item> List </item>
			<item> LoadVars </item>
			<item> Loader </item>
			<item> LocalConnection </item>
			<item> Log </item>
			<item> Math </item>
			<item> Media </item>
			<item> Menu </item>
			<item> MenuBar </item>
			<item> Microphone </item>
			<item> Mouse </item>
			<item> MovieClip </item>
			<item> MovieClipLoader </item>
			<item> NetConnection </item>
			<item> NetStream </item>
			<item> Number </item>
			<item> NumericStepper </item>
			<item> PendingCall </item>
			<item> PopUpManager </item>
			<item> PrintJob </item>
			<item> ProgressBar </item>
			<item> RDBMSResolver </item>
			<item> RadioButton </item>
			<item> RelayResponder </item>
			<item> SOAPCall </item>
			<item> Screen </item>
			<item> ScrollPane </item>
			<item> Selection </item>
			<item> SharedObject </item>
			<item> Slide </item>
			<item> Sound </item>
			<item> Stage </item>
			<item> StyleManager </item>
			<item> System </item>
			<item> TextArea </item>
			<item> TextField </item>
			<item> TextFormat </item>
			<item> TextInput </item>
			<item> TextSnapshot </item>
			<item> TransferObject </item>
			<item> Tree </item>
			<item> TreeDataProvider </item>
			<item> TypedValue </item>
			<item> UIComponent </item>
			<item> UIEventDispatcher </item>
			<item> UIObject </item>
			<item> Video </item>
			<item> WebService </item>
			<item> WebServiceConnector </item>
			<item> Window </item>
			<item> XML </item>
			<item> XMLConnector </item>
			<item> XUpdateResolver </item>
		</list>
		<list name="properties">
			<item> _accProps </item>
			<item> _focusrect </item>
			<item> _global </item>
			<item> _highquality </item>
			<item> _level </item>
			<item> _parent </item>
			<item> _quality </item>
			<item> _root </item>
			<item> _soundbuftime </item>
			<item> maxscroll </item>
			<item> scroll </item>
			<item> this </item>
		</list>
	</highlighting>
	<general>
		<comments>
			<comment name="singleLine" start="//" />
			<comment end="*/" name="multiLine" start="/*" />
		</comments>
		<keywords casesensitive="1" />
	</general>
</language>
