<?xml version="1.0" encoding="UTF-8"?>
<!-- read from /usr/share/katepart5/syntax/alert_indent.xml at 26/09/15 17:36:12 CEST -->
<language author="Dominik Haumann (dhdev@gmx.de)" extensions="" hidden="true" kateversion="2.4" license="LGPL" mimetype="" name="Alerts_indent" section="Other" version="1.10">
	<highlighting>
		<contexts>
			<context attribute="Normal Text" lineEndContext="#pop" name="Normal Text">
				<IncludeRules context="##Alerts" />
			</context>
		</contexts>
		<itemDatas>
			<itemData defStyleNum="dsNormal" name="Normal Text" />
		</itemDatas>
	</highlighting>
	<general>
		<folding indentationsensitive="1" />
	</general>
</language>
