<?xml version="1.0" encoding="UTF-8"?>
<!-- read from /usr/share/katepart5/syntax/alert.xml at 26/09/15 17:36:16 CEST -->
<language author="Dominik Haumann (dhdev@gmx.de)" extensions="" hidden="true" kateversion="3.1" license="LGPL" mimetype="" name="Alerts" section="Other" version="1.11">
	<highlighting>
		<contexts>
			<context attribute="Normal Text" lineEndContext="#pop" name="Normal Text">
				<StringDetect String="{{{" attribute="Region Marker" beginRegion="AlertRegion1" context="#stay" />
				<StringDetect String="}}}" attribute="Region Marker" context="#stay" endRegion="AlertRegion1" />
				<StringDetect String="BEGIN" attribute="Region Marker" beginRegion="AlertRegion2" context="#stay" />
				<StringDetect String="END" attribute="Region Marker" context="#stay" endRegion="AlertRegion2" />
				<keyword String="alerts_hi" attribute="Alert Level 1" context="#stay" />
				<keyword String="alerts_mid" attribute="Alert Level 2" context="#stay" />
				<keyword String="alerts_lo" attribute="Alert Level 3" context="#stay" />
			</context>
		</contexts>
		<itemDatas>
			<itemData defStyleNum="dsNormal" name="Normal Text" />
			<itemData backgroundColor="#451e1a" color="#e85848" defStyleNum="dsAlert" name="Alert Level 1" selColor="#e85848" />
			<itemData backgroundColor="#451e1a" color="#ca9219" defStyleNum="dsAlert" name="Alert Level 2" selColor="#ca9219" />
			<itemData color="#81ca2d" defStyleNum="dsAlert" name="Alert Level 3" selColor="#81ca2d" />
			<itemData defStyleNum="dsRegionMarker" name="Region Marker" />
		</itemDatas>
		<list name="alerts_mid">
			<item> BUG </item>
			<item> FIXME </item>
			<item> DEPRECATED </item>
			<item> TASK </item>
			<item> TODO </item>
			<item> TBD </item>
			<item> WARNING </item>
			<item> CAUTION </item>
			<item> NOLINT </item>
		</list>
		<list name="alerts_lo">
			<item> ### </item>
			<item> NOTE </item>
			<item> NOTICE </item>
			<item> TEST </item>
			<item> TESTING </item>
		</list>
		<list name="alerts_hi">
			<item> ALERT </item>
			<item> ATTENTION </item>
			<item> DANGER </item>
			<item> HACK </item>
			<item> SECURITY </item>
		</list>
	</highlighting>
	<general>
		<keywords casesensitive="1" />
	</general>
</language>
