<?xml version="1.0" encoding="UTF-8"?>
<!DOCTYPE language SYSTEM "language.dtd">
<!-- read from /usr/share/katepart5/syntax/ansic89.xml at 25/06/15 19:33:21 CEST -->
<language author="Dominik Haumann (dhdev@gmx.de)" extensions="*.c;*.C;*.h" indenter="cstyle" kateversion="3.3" license="LGPL" mimetype="text/x-csrc;text/x-c++src;text/x-chdr" name="ANSI C89" priority="2" section="Sources" version="1.10">
	<highlighting>
		<contexts>
			<context attribute="Normal Text" lineEndContext="#stay" name="Normal">
				<DetectSpaces />
				<RegExpr String="#\s*if\s+0" attribute="Preprocessor" beginRegion="Outscoped" context="Outscoped" firstNonSpace="true" />
				<DetectChar attribute="Preprocessor" char="#" context="Preprocessor" firstNonSpace="true" />
				<keyword String="keywords" attribute="Keyword" context="#stay" />
				<keyword String="types" attribute="Data Type" context="#stay" />
				<DetectIdentifier />
				<DetectChar attribute="Symbol" beginRegion="Brace1" char="{" context="#stay" />
				<DetectChar attribute="Symbol" char="}" context="#stay" endRegion="Brace1" />
				<Float attribute="Float" context="#stay">
					<AnyChar String="fF" attribute="Float" context="#stay" />
				</Float>
				<HlCOct attribute="Octal" context="#stay" />
				<HlCHex attribute="Hex" context="#stay" />
				<Int attribute="Decimal" context="#stay">
					<StringDetect String="ULL" attribute="Decimal" context="#stay" insensitive="true" />
					<StringDetect String="LUL" attribute="Decimal" context="#stay" insensitive="true" />
					<StringDetect String="LLU" attribute="Decimal" context="#stay" insensitive="true" />
					<StringDetect String="UL" attribute="Decimal" context="#stay" insensitive="true" />
					<StringDetect String="LU" attribute="Decimal" context="#stay" insensitive="true" />
					<StringDetect String="LL" attribute="Decimal" context="#stay" insensitive="true" />
					<StringDetect String="U" attribute="Decimal" context="#stay" insensitive="true" />
					<StringDetect String="L" attribute="Decimal" context="#stay" insensitive="true" />
				</Int>
				<HlCChar attribute="Char" context="#stay" />
				<DetectChar attribute="String" char="&quot;" context="String" />
				<Detect2Chars attribute="Comment" beginRegion="blockcomment" char="/" char1="*" context="comment" />
				<AnyChar String=":!%&amp;()+,-/.*&lt;=&gt;?[]|~^;" attribute="Symbol" context="#stay" />
			</context>
			<context attribute="String" lineEndContext="#pop" name="String">
				<LineContinue attribute="String" context="#stay" />
				<HlCStringChar attribute="String Char" context="#stay" />
				<DetectChar attribute="String" char="&quot;" context="#pop" />
			</context>
			<context attribute="Comment" lineEndContext="#stay" name="comment">
				<Detect2Chars attribute="Comment" char="*" char1="/" context="#pop" endRegion="blockcomment" />
				<IncludeRules context="##Alerts" />
			</context>
			<context attribute="Preprocessor" lineEndContext="#pop" name="Preprocessor">
				<LineContinue attribute="Preprocessor" context="#stay" />
				<RegExpr String="define.*((?=\\))" attribute="Preprocessor" context="Define" />
				<RegExpr String="define.*" attribute="Preprocessor" context="#stay" />
				<RangeDetect attribute="Prep. Lib" char="&quot;" char1="&quot;" context="#stay" />
				<RangeDetect attribute="Prep. Lib" char="&lt;" char1="&gt;" context="#stay" />
				<Detect2Chars attribute="Comment" beginRegion="blockcomment" char="/" char1="*" context="comment" />
			</context>
			<context attribute="Preprocessor" lineEndContext="#pop" name="Define">
				<LineContinue attribute="Preprocessor" context="#stay" />
			</context>
			<context attribute="Comment" lineEndContext="#stay" name="Outscoped">
				<Detect2Chars attribute="Comment" beginRegion="Comment" char="/" char1="*" context="comment" />
				<IncludeRules context="##Alerts" />
				<RegExpr String="#\s*if" attribute="Comment" beginRegion="Outscoped" context="Outscoped intern" firstNonSpace="true" />
				<RegExpr String="#\s*(endif|else|elif)" attribute="Preprocessor" context="#pop" endRegion="Outscoped" firstNonSpace="true" />
			</context>
			<context attribute="Comment" lineEndContext="#stay" name="Outscoped intern">
				<Detect2Chars attribute="Comment" beginRegion="Comment" char="/" char1="*" context="comment" />
				<RegExpr String="#\s*if" attribute="Comment" beginRegion="Outscoped" context="Outscoped intern" firstNonSpace="true" />
				<RegExpr String="#\s*endif" attribute="Comment" context="#pop" endRegion="Outscoped" firstNonSpace="true" />
			</context>
		</contexts>
		<itemDatas>
			<itemData defStyleNum="dsNormal" name="Normal Text" />
			<itemData defStyleNum="dsKeyword" name="Keyword" />
			<itemData defStyleNum="dsDataType" name="Data Type" />
			<itemData defStyleNum="dsDecVal" name="Decimal" />
			<itemData defStyleNum="dsBaseN" name="Octal" />
			<itemData defStyleNum="dsBaseN" name="Hex" />
			<itemData defStyleNum="dsFloat" name="Float" />
			<itemData defStyleNum="dsChar" name="Char" />
			<itemData defStyleNum="dsString" name="String" />
			<itemData defStyleNum="dsChar" name="String Char" />
			<itemData defStyleNum="dsComment" name="Comment" />
			<itemData defStyleNum="dsNormal" name="Symbol" />
			<itemData defStyleNum="dsOthers" name="Preprocessor" />
			<itemData defStyleNum="dsOthers" name="Prep. Lib" />
		</itemDatas>
		<list name="types">
			<item> auto </item>
			<item> char </item>
			<item> const </item>
			<item> double </item>
			<item> float </item>
			<item> int </item>
			<item> long </item>
			<item> register </item>
			<item> short </item>
			<item> signed </item>
			<item> static </item>
			<item> unsigned </item>
			<item> void </item>
			<item> volatile </item>
		</list>
		<list name="keywords">
			<item> break </item>
			<item> case </item>
			<item> continue </item>
			<item> default </item>
			<item> do </item>
			<item> else </item>
			<item> enum </item>
			<item> extern </item>
			<item> for </item>
			<item> goto </item>
			<item> if </item>
			<item> return </item>
			<item> sizeof </item>
			<item> struct </item>
			<item> switch </item>
			<item> typedef </item>
			<item> union </item>
			<item> while </item>
		</list>
	</highlighting>
	<general>
		<comments>
			<comment end="*/" name="multiLine" start="/*" />
		</comments>
		<keywords casesensitive="1" />
	</general>
</language>
