<?xml version="1.0" encoding="UTF-8"?>
<!-- read from /usr/share/katepart5/syntax/asp.xml at 26/06/15 21:52:40 CEST -->
<language author="Antonio Salazar (savedfastcool@gmail.com)" extensions="*.asp;" kateversion="2.3" license="LGPL" mimetype="text/x-asp-src;text/x-asp-src" name="ASP" section="Markup" version="1.04">
	<highlighting>
		<contexts>
			<context attribute="Normal Text" lineEndContext="#stay" name="nosource">
				<StringDetect String="&lt;%" attribute="Keyword" context="aspsource" />
				<RegExpr String="&lt;\s*script\s*language=&quot;VBScript&quot;[^&gt;]*&gt;" attribute="HTML Tag" context="aspsource" insensitive="true" />
				<RegExpr String="&lt;\s*script(\s|&gt;)" attribute="HTML Tag" context="scripts" insensitive="true" />
				<RegExpr String="&lt;\s*\/?\s*[a-zA-Z_:][a-zA-Z0-9._:-]*" attribute="HTML Tag" context="htmltag" />
				<StringDetect String="&lt;!--" attribute="HTML Comment" context="htmlcomment" />
			</context>
			<context attribute="ASP Text" lineEndContext="#stay" name="aspsource">
				<StringDetect String="%&gt;" attribute="Keyword" context="#pop" />
				<RegExpr String="&lt;\s*\/\s*script\s*&gt;" attribute="HTML Tag" context="#pop" insensitive="true" />
				<DetectChar attribute="Comment" char="'" context="asp_onelinecomment" />
				<DetectChar attribute="String" char="&quot;" context="doublequotestring" />
				<DetectChar attribute="String" char="'" context="singlequotestring" />
				<DetectChar attribute="Keyword" char="&amp;" context="#stay" />
				<RegExpr String="" attribute="String" context="" />
				<RegExpr String="[0123456789]*\.\.\.[0123456789]*" attribute="String" context="#stay" />
				<HlCOct attribute="Octal" context="#stay" />
				<HlCHex attribute="Hex" context="#stay" />
				<Float attribute="Float" context="#stay" />
				<Int attribute="Decimal" context="#stay" />
				<AnyChar String=";()}{:,[]" attribute="Other" context="#stay" />
				<keyword String="Others" attribute="Other" context="#stay" />
				<RegExpr String="\belseif\b" attribute="Control Structures" beginRegion="iffi1" context="#stay" endRegion="iffi1" insensitive="true" />
				<RegExpr String="\belse\b" attribute="Control Structures" beginRegion="iffi1" context="#stay" endRegion="iffi1" insensitive="true" />
				<RegExpr String="\bif\b" attribute="Control Structures" beginRegion="iffi1" context="#stay" insensitive="true" />
				<RegExpr String="\bend if\b" attribute="Control Structures" context="#stay" endRegion="iffi1" insensitive="true" />
				<RegExpr String="\bexit function\b" attribute="Keyword" context="#stay" insensitive="true" />
				<RegExpr String="\bfunction\b" attribute="Keyword" beginRegion="funendfun1" context="#stay" insensitive="true" />
				<RegExpr String="\bend function\b" attribute="Keyword" context="#stay" endRegion="funendfun1" insensitive="true" />
				<RegExpr String="\bexit sub\b" attribute="Keyword" context="#stay" insensitive="true" />
				<RegExpr String="\bsub\b" attribute="Keyword" beginRegion="subendsub1" context="#stay" insensitive="true" />
				<RegExpr String="\bend sub\b" attribute="Keyword" context="#stay" endRegion="subendsub1" insensitive="true" />
				<RegExpr String="\bclass\b" attribute="Keyword" beginRegion="classendclass1" context="#stay" insensitive="true" />
				<RegExpr String="\bend class\b" attribute="Keyword" context="#stay" endRegion="classendclass1" insensitive="true" />
				<RegExpr String="\bexit do\b" attribute="Control Structures" context="#stay" insensitive="true" />
				<RegExpr String="\bdo(\s+(while))?\b" attribute="Control Structures" beginRegion="doloop1" context="#stay" insensitive="true" />
				<RegExpr String="\bloop\b" attribute="Control Structures" context="#stay" endRegion="doloop1" insensitive="true" />
				<RegExpr String="\bexit while\b" attribute="Control Structures" context="#stay" insensitive="true" />
				<RegExpr String="\bwhile\b" attribute="Control Structures" beginRegion="whilewend1" context="#stay" insensitive="true" />
				<RegExpr String="\bwend\b" attribute="Control Structures" context="#stay" endRegion="whilewend1" insensitive="true" />
				<RegExpr String="\bexit for\b" attribute="Control Structures" context="#stay" insensitive="true" />
				<RegExpr String="\bfor\b" attribute="Control Structures" beginRegion="fornext1" context="#stay" insensitive="true" />
				<RegExpr String="\bnext\b" attribute="Control Structures" context="#stay" endRegion="fornext1" insensitive="true" />
				<RegExpr String="\bselect case\b" attribute="Control Structures" beginRegion="selcase1" context="#stay" insensitive="true" />
				<RegExpr String="\bend select\b" attribute="Control Structures" context="#stay" endRegion="selcase1" insensitive="true" />
				<keyword String="keywords" attribute="Keyword" context="#stay" />
				<keyword String="control structures" attribute="Control Structures" context="#stay" />
				<keyword String="functions" attribute="Function" context="#stay" />
			</context>
			<context attribute="Comment" lineEndContext="#pop" name="asp_onelinecomment">
				<StringDetect String="%&gt;" attribute="Keyword" context="#pop#pop" />
			</context>
			<context attribute="String" lineEndContext="#stay" name="doublequotestring">
				<Detect2Chars attribute="Escape Code" char="&quot;" char1="&quot;" context="#stay" />
				<RegExpr String="\\[0-7]{1,3}" attribute="Escape Code" context="#stay" />
				<RegExpr String="\\x[0-9A-Fa-f]{1,2}" attribute="Escape Code" context="#stay" />
				<DetectChar attribute="String" char="&quot;" context="#pop" />
			</context>
			<context attribute="String" lineEndContext="#stay" name="singlequotestring">
				<Detect2Chars attribute="Escape Code" char="'" char1="'" context="#stay" />
				<DetectChar attribute="String" char="'" context="#pop" />
			</context>
			<context attribute="Identifier" lineEndContext="#stay" name="htmltag">
				<Detect2Chars attribute="HTML Tag" char="/" char1="&gt;" context="#pop" />
				<DetectChar attribute="HTML Tag" char="&gt;" context="#pop" />
				<StringDetect String="&lt;%" attribute="Keyword" context="aspsource" />
				<StringDetect String="&lt;%" attribute="Keyword" context="aspsource" />
				<RegExpr String="\s*=\s*" attribute="Identifier" context="identifiers" />
			</context>
			<context attribute="HTML Comment" lineEndContext="#stay" name="htmlcomment">
				<StringDetect String="&lt;%" attribute="Keyword" context="aspsource" />
				<StringDetect String="&lt;%" attribute="Keyword" context="aspsource" />
				<StringDetect String="--&gt;" attribute="HTML Comment" context="#pop" />
				<RegExpr String="\s*=\s*" attribute="Normal Text" context="identifiers" />
			</context>
			<context attribute="Identifier" lineEndContext="#stay" name="identifiers">
				<RegExpr String="\s*#?[a-zA-Z0-9]*" attribute="String" context="#pop" />
				<DetectChar attribute="Types" char="'" context="types1" />
				<DetectChar attribute="Types" char="&quot;" context="types2" />
			</context>
			<context attribute="Types" lineEndContext="#stay" name="types1">
				<StringDetect String="&lt;%" attribute="Keyword" context="aspsource" />
				<StringDetect String="&lt;%" attribute="Keyword" context="aspsource" />
				<DetectChar attribute="Types" char="'" context="#pop#pop" />
			</context>
			<context attribute="Types" lineEndContext="#stay" name="types2">
				<StringDetect String="&lt;%" attribute="Keyword" context="aspsource" />
				<StringDetect String="&lt;%" attribute="Keyword" context="aspsource" />
				<DetectChar attribute="Types" char="&quot;" context="#pop#pop" />
			</context>
			<context attribute="Normal Text" lineEndContext="#stay" name="scripts">
				<Detect2Chars attribute="Comment" char="/" char1="/" context="scripts_onelinecomment" />
				<Detect2Chars attribute="Comment" char="/" char1="*" context="twolinecomment" />
				<keyword String="control structures" attribute="Control Structures" context="#stay" />
				<keyword String="keywords" attribute="Keyword" context="#stay" />
				<keyword String="functions" attribute="Function" context="#stay" />
				<StringDetect String="&lt;%" attribute="Keyword" context="aspsource" />
				<RegExpr String="&lt;\s*\/\s*script\s*&gt;" attribute="HTML Tag" context="#pop" insensitive="true" />
				<DetectChar attribute="String" char="&quot;" context="doublequotestring" />
				<DetectChar attribute="String" char="'" context="singlequotestring" />
				<HlCOct attribute="Octal" context="#stay" />
				<HlCHex attribute="Hex" context="#stay" />
				<Float attribute="Float" context="#stay" />
				<Int attribute="Decimal" context="#stay" />
				<DetectChar attribute="Normal Text" beginRegion="Brace1" char="{" context="#stay" />
				<DetectChar attribute="Normal Text" char="}" context="#stay" endRegion="Brace1" />
				<AnyChar String=";()}{:,[]" attribute="Other" context="#stay" />
				<keyword String="Others" attribute="Other" context="#stay" />
			</context>
			<context attribute="Comment" lineEndContext="#pop" name="scripts_onelinecomment">
				<RegExpr String="&lt;\s*\/\s*script\s*&gt;" attribute="HTML Tag" context="#pop#pop" insensitive="true" />
			</context>
			<context attribute="Comment" lineEndContext="#stay" name="twolinecomment">
				<Detect2Chars attribute="Comment" char="*" char1="/" context="#pop" endRegion="Comment" />
			</context>
		</contexts>
		<itemDatas>
			<itemData defStyleNum="dsNormal" name="Normal Text" />
			<itemData defStyleNum="dsNormal" name="ASP Text" />
			<itemData defStyleNum="dsKeyword" name="Keyword" />
			<itemData name="Function" defStyleNum="dsFunction" />
			<itemData defStyleNum="dsDecVal" name="Decimal" />
			<itemData defStyleNum="dsBaseN" name="Octal" />
			<itemData defStyleNum="dsBaseN" name="Hex" />
			<itemData defStyleNum="dsFloat" name="Float" />
			<itemData defStyleNum="dsString" name="String" />
			<itemData defStyleNum="dsComment" name="Comment" />
			<itemData name="Variable" defStyleNum="dsVariable" />
			<itemData name="Control Structures" defStyleNum="dsControlFlow" />
			<itemData name="Escape Code" defStyleNum="dsSpecialChar" />
			<itemData defStyleNum="dsOthers" name="Other" />
			<itemData name="HTML Tag" defStyleNum="dsKeyword" />
			<itemData defStyleNum="dsComment" name="HTML Comment" />
			<itemData defStyleNum="dsOthers" name="Identifier" />
			<itemData defStyleNum="dsDataType" name="Types" />
		</itemDatas>
		<list name="keywords">
			<item>dim</item>
			<item>redim</item>
			<item>preserve</item>
			<item>const</item>
			<item>erase</item>
			<item>nothing</item>
			<item>set</item>
			<item>new</item>
			<item>me</item>
			<item>function</item>
			<item>sub</item>
			<item>call</item>
			<item>class</item>
			<item>private</item>
			<item>public</item>
			<item>with</item>
			<item>randomize</item>
			<item>open</item>
			<item>close</item>
			<item>movenext</item>
			<item>execute</item>
			<item>eof</item>
			<item>not</item>
			<item>true</item>
			<item>false</item>
			<item>or</item>
			<item>and</item>
			<item>xor</item>
		</list>
		<list name="functions">
			<item>response</item>
			<item>write</item>
			<item>redirect</item>
			<item>end</item>
			<item>request</item>
			<item>form</item>
			<item>querystring</item>
			<item>servervariables</item>
			<item>cookies</item>
			<item>session</item>
			<item>server</item>
			<item>createobject</item>
			<item>abs</item>
			<item>array</item>
			<item>asc</item>
			<item>atn</item>
			<item>cbool</item>
			<item>cbyte</item>
			<item>ccur</item>
			<item>cdate</item>
			<item>cdbl</item>
			<item>chr</item>
			<item>cint</item>
			<item>clng</item>
			<item>cos</item>
			<item>csng</item>
			<item>cstr</item>
			<item>date</item>
			<item>dateadd</item>
			<item>DateDiff</item>
			<item>DatePart</item>
			<item>DateSerial</item>
			<item>DateValue</item>
			<item>Date</item>
			<item>Day</item>
			<item>Exp</item>
			<item>Filter</item>
			<item>Fix</item>
			<item>FormatCurrency</item>
			<item>FormatDateTime</item>
			<item>FormatNumber</item>
			<item>FormatPercent</item>
			<item>GetObject</item>
			<item>Hex</item>
			<item>Hour</item>
			<item>InputBox</item>
			<item>InStr</item>
			<item>InStrRev</item>
			<item>Int</item>
			<item>IsArray</item>
			<item>IsDate</item>
			<item>IsEmpty</item>
			<item>IsNull</item>
			<item>IsNumeric</item>
			<item>IsObject</item>
			<item>Join</item>
			<item>LBound</item>
			<item>LCase</item>
			<item>Left</item>
			<item>Len</item>
			<item>LoadPicture</item>
			<item>Log</item>
			<item>LTrim</item>
			<item>Mid</item>
			<item>Minute</item>
			<item>Month</item>
			<item>MonthName</item>
			<item>MsgBox</item>
			<item>Now</item>
			<item>Oct</item>
			<item>Replace</item>
			<item>RGB</item>
			<item>Right</item>
			<item>Rnd</item>
			<item>Round</item>
			<item>RTrim</item>
			<item>ScriptEngine</item>
			<item>ScriptEngineBuildVersion</item>
			<item>ScriptEngineMajorVersion</item>
			<item>ScriptEngineMinorVersion</item>
			<item>Second</item>
			<item>Sgn</item>
			<item>Sin</item>
			<item>Space</item>
			<item>Split</item>
			<item>Sqr</item>
			<item>StrComp</item>
			<item>StrReverse</item>
			<item>String</item>
			<item>Tan</item>
			<item>Time</item>
			<item>Timer</item>
			<item>TimeSerial</item>
			<item>TimeValue</item>
			<item>Trim</item>
			<item>TypeName</item>
			<item>UBound</item>
			<item>UCase</item>
			<item>VarType</item>
			<item>Weekday</item>
			<item>WeekdayName</item>
			<item>Year</item>
			<item>Add</item>
			<item>AddFolders</item>
			<item>BuildPath</item>
			<item>Clear</item>
			<item>Close</item>
			<item>Copy</item>
			<item>CopyFile</item>
			<item>CopyFolder</item>
			<item>CreateFolder</item>
			<item>CreateTextFile</item>
			<item>Delete</item>
			<item>DeleteFile</item>
			<item>DeleteFolder</item>
			<item>DriveExists</item>
			<item>Exists</item>
			<item>FileExists</item>
			<item>FolderExists</item>
			<item>GetAbsolutePathName</item>
			<item>GetBaseName</item>
			<item>GetDrive</item>
			<item>GetDriveName</item>
			<item>GetExtensionName</item>
			<item>GetFile</item>
			<item>GetFileName</item>
			<item>GetFolder</item>
			<item>GetParentFolderName</item>
			<item>GetSpecialFolder</item>
			<item>GetTempName</item>
			<item>Items</item>
			<item>item</item>
			<item>Keys</item>
			<item>Move</item>
			<item>MoveFile</item>
			<item>MoveFolder</item>
			<item>OpenAsTextStream</item>
			<item>OpenTextFile</item>
			<item>Raise</item>
			<item>Read</item>
			<item>ReadAll</item>
			<item>ReadLine</item>
			<item>Remove</item>
			<item>RemoveAll</item>
			<item>Skip</item>
			<item>SkipLine</item>
			<item>Write</item>
			<item>WriteBlankLines</item>
			<item>WriteLine</item>
		</list>
		<list name="control structures">
			<item>select</item>
			<item>case</item>
			<item>end select</item>
			<item>if</item>
			<item>then</item>
			<item>else</item>
			<item>elseif</item>
			<item>end if</item>
			<item>while</item>
			<item>do</item>
			<item>until</item>
			<item>loop</item>
			<item>wend</item>
			<item>for</item>
			<item>each</item>
			<item>to</item>
			<item>in</item>
			<item>next</item>
			<item>exit</item>
			<item>continue</item>
		</list>
	</highlighting>
	<general>
		<comments>
			<comment name="singleLine" start="'" />
			<comment end="*/" name="multiLine" start="/*" />
		</comments>
		<keywords casesensitive="0" weakDeliminator="" />
	</general>
</language>
