<?xml version="1.0" encoding="UTF-8"?>
<!DOCTYPE language SYSTEM "language.dtd">
<!-- read from /usr/share/katepart5/syntax/awk.xml at 25/06/15 19:33:21 CEST -->
<language extensions="*.awk" indenter="cstyle" kateversion="3.3" license="LGPL" mimetype="text/x-awk" name="AWK" section="Scripts" version="0.93">
	<highlighting>
		<contexts>
			<context attribute="Normal" lineEndContext="#stay" name="Pattern">
				<DetectChar attribute="Keyword" beginRegion="block" char="{" context="Block" />
				<DetectChar attribute="Error" char="}" context="#stay" />
				<DetectChar char="/" context="MatchPattern" firstNonSpace="true" lookAhead="true" />
				<IncludeRules context="base" />
				<keyword String="special" attribute="Special" context="#stay" />
			</context>
			<context attribute="Normal" lineEndContext="#stay" name="Block">
				<DetectChar attribute="Keyword" char="}" context="#pop" endRegion="block" />
				<DetectChar attribute="Keyword" beginRegion="block" char="{" context="Block" />
				<IncludeRules context="base" />
				<keyword String="special" attribute="Error" context="#stay" />
			</context>
			<context attribute="Normal" lineEndContext="#stay" name="base">
				<DetectSpaces />
				<DetectChar attribute="Comment" char="#" context="Comment" />
				<DetectChar attribute="Operator" char="~" context="Match" />
				<DetectChar attribute="String" char="&quot;" context="String" />
				<AnyChar String="!%&amp;*+,-./:;&lt;=&gt;?^|" attribute="Operator" context="#stay" />
				<keyword String="keywords" attribute="Keyword" context="#stay" />
				<keyword String="builtins" attribute="Builtin" context="#stay" />
				<keyword String="functions" attribute="Function" context="#stay" />
				<Float attribute="Float" context="#stay" />
				<Int attribute="Decimal" context="#stay" />
				<RegExpr String="\$[A-Za-z0-9_]+" attribute="Field" context="#stay" />
			</context>
			<context attribute="String" lineEndContext="#stay" name="String">
				<DetectChar attribute="String" char="&quot;" context="#pop" />
				<HlCStringChar attribute="Escape" context="#stay" />
				<DetectChar attribute="Operator" char="\" context="Escape" />
			</context>
			<context attribute="Comment" lineEndContext="#pop" name="Comment">
				<IncludeRules context="##Alerts" />
			</context>
			<context attribute="Normal" lineEndContext="#pop" name="Escape">
				<RegExpr String="." attribute="String" context="#pop" />
			</context>
			<context attribute="Normal" fallthrough="true" fallthroughContext="#pop" lineEndContext="#pop" name="Match">
				<DetectSpaces />
				<Detect2Chars attribute="Regex Op" char="/" char1="^" context="Regex" />
				<DetectChar attribute="Regex Op" char="/" context="Regex" />
			</context>
			<context attribute="Regex" lineEndContext="#stay" name="Regex">
				<IncludeRules context="regex" />
				<DetectChar attribute="Regex Op" char="/" context="#pop#pop" />
			</context>
			<context attribute="Normal" lineEndContext="#stay" name="regex">
				<HlCStringChar attribute="Escape" context="#stay" />
				<DetectChar attribute="Regex Op" char="\" context="Regex Escape" />
				<Detect2Chars attribute="Regex Op" char="[" char1="^" context="RegexChar" />
				<DetectChar attribute="Regex Op" char="[" context="RegexChar" />
				<AnyChar String="$.+?*()|" attribute="Regex Op" context="#stay" />
			</context>
			<context attribute="Normal" lineEndContext="#pop" name="Regex Escape">
				<RegExpr String="." attribute="Regex" context="#pop" />
			</context>
			<context attribute="Regex" fallthrough="true" fallthroughContext="InChar" lineEndContext="#pop" name="RegexChar">
				<Detect2Chars attribute="Regex" char="-" char1="]" context="InChar" />
				<AnyChar String="-]" attribute="Regex" context="InChar" />
			</context>
			<context attribute="Regex" lineEndContext="#stay" name="InChar">
				<HlCStringChar attribute="String" context="#stay" />
				<DetectChar attribute="Regex Op" char="\" context="Regex Escape" />
				<Detect2Chars char="-" char1="]" context="Regex Escape" lookAhead="true" />
				<DetectChar attribute="Regex Op" char="]" context="#pop#pop" />
				<DetectChar attribute="Regex Op" char="-" context="#stay" />
				<RegExpr String="\[:(?=[_\w][_\d\w]*:\])" attribute="Regex Op" context="CharClass" />
			</context>
			<context attribute="Custom" lineEndContext="#pop" name="CharClass">
				<RegExpr String="(alpha|alnum|blank|cntrl|digit|graph|lower|punct|space|upper|xdigit)(?=:\])" attribute="CharClass" context="#stay" />
				<Detect2Chars attribute="Regex Op" char=":" char1="]" context="#pop" />
			</context>
			<context attribute="Normal" fallthrough="true" fallthroughContext="#pop" lineEndContext="#pop" name="MatchPattern">
				<Detect2Chars attribute="Regex Op" char="/" char1="^" context="RegexPattern" />
				<DetectChar attribute="Regex Op" char="/" context="RegexPattern" />
			</context>
			<context attribute="Regex" lineEndContext="#stay" name="RegexPattern">
				<IncludeRules context="regex" />
				<DetectChar attribute="Regex Op" char="/" context="CheckRange" />
			</context>
			<context attribute="Normal" fallthrough="true" fallthroughContext="#pop#pop#pop" lineEndContext="#pop#pop#pop" name="CheckRange">
				<RegExpr String="\s*,\s*(?=/)" attribute="Operator" context="RangePattern" />
			</context>
			<context attribute="Normal" fallthrough="true" fallthroughContext="#pop#pop#pop#pop" lineEndContext="#pop#pop#pop#pop" name="RangePattern">
				<Detect2Chars attribute="Regex Op" char="/" char1="^" context="Pattern2" />
				<DetectChar attribute="Regex Op" char="/" context="Pattern2" />
			</context>
			<context attribute="Regex" lineEndContext="#stay" name="Pattern2">
				<IncludeRules context="regex" />
				<DetectChar attribute="Regex Op" char="/" context="#pop#pop#pop#pop#pop" />
			</context>
		</contexts>
		<itemDatas>
			<itemData defStyleNum="dsNormal" name="Normal" />
			<itemData defStyleNum="dsKeyword" name="Keyword" />
			<itemData name="Builtin" defStyleNum="dsBuiltIn" />
			<itemData defStyleNum="dsFunction" name="Function" />
			<itemData defStyleNum="dsDecVal" name="Decimal" />
			<itemData defStyleNum="dsFloat" name="Float" />
			<itemData defStyleNum="dsString" name="String" />
			<itemData defStyleNum="dsComment" name="Comment" />
			<itemData name="Escape" defStyleNum="dsSpecialString" />
			<itemData defStyleNum="dsDataType" name="Field" />
			<itemData defStyleNum="dsError" name="Error" />
			<itemData name="Special" defStyleNum="dsKeyword" />
			<itemData name="Operator" defStyleNum="dsOperator" />
			<itemData name="Regex" defStyleNum="dsVerbatimString" />
			<itemData name="Regex Op" defStyleNum="dsOthers" />
			<itemData name="CharClass" defStyleNum="dsString" />
			<itemData name="Custom" defStyleNum="dsString" />
		</itemDatas>
		<list name="special">
			<item> BEGIN </item>
			<item> END </item>
		</list>
		<list name="builtins">
			<item>ARGC</item>
			<item>ARGV</item>
			<item>CONVFMT</item>
			<item>ENVIRON</item>
			<item>FILENAME</item>
			<item>FNR</item>
			<item>FS</item>
			<item>NF</item>
			<item>NR</item>
			<item>OFMT</item>
			<item>OFS</item>
			<item>ORS</item>
			<item>RS</item>
			<item>RSTART</item>
			<item>RLENGTH</item>
			<item>SUBSEP</item>
		</list>
		<list name="keywords">
			<item>if</item>
			<item>else</item>
			<item>while</item>
			<item>do</item>
			<item>for</item>
			<item>in</item>
			<item>continue</item>
			<item>break</item>
			<item>print</item>
			<item>printf</item>
			<item>getline</item>
			<item>function</item>
			<item>return</item>
			<item>next</item>
			<item>exit</item>
		</list>
		<list name="functions">
			<item>gsub</item>
			<item>gensub</item>
			<item>index</item>
			<item>length</item>
			<item>match</item>
			<item>split</item>
			<item>sprintf</item>
			<item>sub</item>
			<item>substr</item>
			<item>tolower</item>
			<item>toupper</item>
			<item>atan2</item>
			<item>cos</item>
			<item>exp</item>
			<item>int</item>
			<item>log</item>
			<item>rand</item>
			<item>sin</item>
			<item>sqrt</item>
			<item>srand</item>
			<item>close</item>
			<item>fflush</item>
			<item>system</item>
		</list>
	</highlighting>
	<general>
		<comments>
			<comment name="singleLine" start="#" />
		</comments>
		<keywords casesensitive="1" />
	</general>
</language>
