<?xml version="1.0" encoding="UTF-8"?>
<!-- read from /usr/share/katepart5/syntax/bash.xml at 26/06/15 21:52:58 CEST -->
<language author="Wilbert Berendsen (wilbert@kde.nl)" casesensitive="1" extensions="*.sh;*.bash;*.ebuild;*.eclass;.bashrc;.bash_profile;.bash_login;.profile;PKGBUILD" kateversion="2.4" license="LGPL" mimetype="application/x-shellscript" name="Bash" section="Scripts" version="2.17">
	<highlighting>
		<contexts>
			<context attribute="Normal Text" lineEndContext="#stay" name="Start">
				<IncludeRules context="FindAll" />
			</context>
			<context attribute="Normal Text" lineEndContext="#stay" name="FindAll">
				<IncludeRules context="FindComments" />
				<IncludeRules context="FindCommands" />
				<IncludeRules context="FindStrings" />
				<IncludeRules context="FindSubstitutions" />
				<IncludeRules context="FindOthers" />
			</context>
			<context attribute="Normal Text" lineEndContext="#stay" name="FindMost">
				<IncludeRules context="FindComments" />
				<IncludeRules context="FindStrings" />
				<IncludeRules context="FindSubstitutions" />
				<IncludeRules context="FindOthers" />
			</context>
			<context attribute="Normal Text" lineEndContext="#pop" name="FindComments">
				<DetectChar attribute="Comment" char="#" context="Comment" firstNonSpace="true" />
				<RegExpr String="[\s;](?=#)" attribute="Normal Text" context="Comment" />
			</context>
			<context attribute="Comment" lineEndContext="#pop" name="Comment">
				<IncludeRules context="##Alerts" />
				<IncludeRules context="##Modelines" />
			</context>
			<context attribute="Normal Text" lineEndContext="#pop" name="FindCommentsParen">
				<DetectChar attribute="Comment" char="#" context="CommentParen" firstNonSpace="true" />
				<RegExpr String="[\s;](?=#)" attribute="Normal Text" context="CommentParen" />
			</context>
			<context attribute="Comment" lineEndContext="#pop" name="CommentParen">
				<RegExpr String="[^)](?=\))" attribute="Comment" context="#pop" />
				<IncludeRules context="##Alerts" />
			</context>
			<context attribute="Normal Text" lineEndContext="#pop" name="FindCommentsBackq">
				<DetectChar attribute="Comment" char="#" context="CommentBackq" firstNonSpace="true" />
				<RegExpr String="[\s;](?=#)" attribute="Normal Text" context="CommentBackq" />
			</context>
			<context attribute="Comment" lineEndContext="#pop" name="CommentBackq">
				<RegExpr String="[^`](?=`)" attribute="Comment" context="#pop" />
				<IncludeRules context="##Alerts" />
			</context>
			<context attribute="Normal Text" lineEndContext="#stay" name="FindCommands">
				<IncludeRules context="FindSpecialCommands" />
				<IncludeRules context="FindNormalCommands" />
			</context>
			<context attribute="Normal Text" lineEndContext="#stay" name="FindSpecialCommands">
				<Detect2Chars attribute="Keyword" beginRegion="expression" char="(" char1="(" context="ExprDblParen" />
				<RegExpr String="\[\[(?=($|\s))" attribute="Keyword" beginRegion="expression" column="0" context="ExprDblBracket" />
				<RegExpr String="\s\[\[(?=($|\s))" attribute="Keyword" beginRegion="expression" context="ExprDblBracket" />
				<RegExpr String="\[(?=($|\s))" attribute="Builtin" beginRegion="expression" column="0" context="ExprBracket" />
				<RegExpr String="\s\[(?=($|\s))" attribute="Builtin" beginRegion="expression" context="ExprBracket" />
				<RegExpr String="\{(?=($|\s))" attribute="Keyword" beginRegion="group" context="Group" />
				<DetectChar attribute="Keyword" beginRegion="subshell" char="(" context="SubShell" />
				<RegExpr String="\bdo(?![\w$+-])" attribute="Keyword" beginRegion="do" context="#stay" />
				<RegExpr String="\bdone(?![\w$+-])" attribute="Keyword" context="#stay" endRegion="do" />
				<RegExpr String="\bif(?=($|\s))" attribute="Keyword" beginRegion="if" context="#stay" />
				<RegExpr String="\bfi(?![\w$+-])" attribute="Keyword" context="#stay" endRegion="if" />
				<RegExpr String="\bcase(?![\w$+-])" attribute="Keyword" beginRegion="case" context="Case" />
				<RegExpr String="\b[A-Za-z_][A-Za-z0-9_]*\+?=" attribute="Variable" context="Assign" />
				<RegExpr String="\b[A-Za-z_][A-Za-z0-9_]*(?=\[.+\]\+?=)" attribute="Variable" context="AssignSubscr" />
				<StringDetect String=":()" attribute="Function" context="#stay" />
				<RegExpr String="\bfunction\b" attribute="Keyword" context="FunctionDef" />
				<RegExpr String="[A-Za-z_:][A-Za-z0-9_:#%@-]*\s*\(\)" attribute="Function" context="#stay" />
				<keyword String="keywords" attribute="Keyword" context="#stay" />
				<RegExpr String="\.(?=\s)" attribute="Builtin" context="#stay" />
				<keyword String="builtins_var" attribute="Builtin" context="VarName" />
				<RegExpr String="\d*&lt;&lt;&lt;" attribute="Redirection" context="#stay" />
				<StringDetect String="&lt;&lt;" attribute="Redirection" context="HereDoc" lookAhead="true" />
				<RegExpr String="[&lt;&gt;]\(" attribute="Redirection" context="ProcessSubst" />
				<RegExpr String="([0-9]*(&gt;{1,2}|&lt;)(&amp;[0-9]+-?)?|&amp;&gt;|&gt;&amp;|[0-9]*&lt;&gt;)" attribute="Redirection" context="#stay" />
				<RegExpr String="([|&amp;])\1?" attribute="Control" context="#stay" />
			</context>
			<context attribute="Normal Text" lineEndContext="#stay" name="FindNormalCommands">
				<keyword String="builtins" attribute="Builtin" context="CommandArgs" />
				<keyword String="unixcommands" attribute="Command" context="CommandArgs" />
				<RegExpr String="([\w_@.%*?+-]|\\ )*(?=/)" attribute="OtherCommand" context="#stay" />
				<RegExpr String="~\w*" attribute="OtherCommand" context="#stay" />
				<RegExpr String="/([\w_@.%*?+-]|\\ )*(?=([/);$`'&quot;]|$))" attribute="OtherCommand" context="#stay" />
				<RegExpr String="/([\w_@.%*?+-]|\\ )*(?=([\s);$`'&quot;]|$))" attribute="OtherCommand" context="CommandArgs" />
				<RegExpr String="([\w_@.%*?+-]|\\ )*" attribute="OtherCommand" context="CommandArgs" />
			</context>
			<context attribute="Normal Text" lineEndContext="#pop" name="CommandArgs">
				<LineContinue />
				<IncludeRules context="FindMost" />
				<RegExpr String="\\$" attribute="Keyword" context="#stay" />
				<RegExpr String="\.(?=\s)" attribute="Option" context="#stay" />
				<RegExpr String="\d*&lt;&lt;&lt;" attribute="Redirection" context="#stay" />
				<StringDetect String="&lt;&lt;" attribute="Redirection" context="HereDoc" lookAhead="true" />
				<RegExpr String="[&lt;&gt;]\(" attribute="Redirection" context="ProcessSubst" />
				<RegExpr String="([0-9]*(&gt;{1,2}|&lt;)(&amp;[0-9]+-?)?|&amp;&gt;|&gt;&amp;|[0-9]*&lt;&gt;)" attribute="Redirection" context="#stay" />
				<RegExpr String="([|&amp;;])\1?" attribute="Control" context="#pop" />
				<RegExpr String="-?-[a-z][A-Za-z0-9_-]*" attribute="Option" context="#stay" />
				<keyword String="keywords" attribute="Option" context="#stay" />
				<AnyChar String=")}" context="#pop" lookAhead="true" />
			</context>
			<context attribute="Normal Text" lineEndContext="#stay" name="FindCommandsBackq">
				<IncludeRules context="FindSpecialCommands" />
				<IncludeRules context="FindNormalCommandsBackq" />
			</context>
			<context attribute="Normal Text" lineEndContext="#stay" name="FindNormalCommandsBackq">
				<keyword String="builtins" attribute="Builtin" context="CommandArgsBackq" />
				<keyword String="unixcommands" attribute="Command" context="CommandArgsBackq" />
				<RegExpr String="([\w_@.%*?+-]|\\ )*(?=/)" attribute="OtherCommand" context="#stay" />
				<RegExpr String="~\w*" attribute="OtherCommand" context="#stay" />
				<RegExpr String="/([\w_@.%*?+-]|\\ )*(?=([/);$`'&quot;]|$))" attribute="OtherCommand" context="#stay" />
				<RegExpr String="/([\w_@.%*?+-]|\\ )*(?=([\s);$`'&quot;]|$))" attribute="OtherCommand" context="CommandArgsBackq" />
				<RegExpr String="([\w_@.%*?+-]|\\ )*" attribute="OtherCommand" context="CommandArgsBackq" />
			</context>
			<context attribute="Normal Text" lineEndContext="#pop" name="CommandArgsBackq">
				<LineContinue />
				<DetectChar attribute="Keyword" char="`" context="#pop" lookAhead="true" />
				<IncludeRules context="CommandArgs" />
			</context>
			<context attribute="Normal Text" lineEndContext="#stay" name="FindOthers">
				<RegExpr String="\\[][;\\$`{}()|&amp;&lt;&gt;* ]" attribute="Escape" context="#stay" />
				<RegExpr String="\\$" attribute="Keyword" context="#stay" />
				<RegExpr String="\{(?!(\s|$))\S*\}" attribute="Escape" context="#stay" />
				<RegExpr String="([\w_@.%*?+-]|\\ )*(?=/)" attribute="Path" context="#stay" />
				<RegExpr String="~\w*" attribute="Path" context="#stay" />
				<RegExpr String="/([\w_@.%*?+-]|\\ )*(?=([\s/):;$`'&quot;]|$))" attribute="Path" context="#stay" />
			</context>
			<context attribute="Normal Text" lineEndContext="#stay" name="FindStrings">
				<Detect2Chars attribute="Escape" char="\\" char1="'" context="#stay" />
				<Detect2Chars attribute="Escape" char="\\" char1="&quot;" context="#stay" />
				<DetectChar attribute="String SingleQ" char="'" context="StringSQ" />
				<DetectChar attribute="String DoubleQ" char="&quot;" context="StringDQ" />
				<Detect2Chars attribute="String SingleQ" char="$" char1="'" context="StringEsc" />
				<Detect2Chars attribute="String Transl." char="$" char1="&quot;" context="StringDQ" />
			</context>
			<context attribute="Normal Text" lineEndContext="#stay" name="FindSubstitutions">
				<RegExpr String="\$[A-Za-z_][A-Za-z0-9_]*\[" attribute="Variable" context="Subscript" />
				<RegExpr String="\$[A-Za-z_][A-Za-z0-9_]*" attribute="Variable" context="#stay" />
				<RegExpr String="\$[*@#?$!_0-9-]" attribute="Variable" context="#stay" />
				<RegExpr String="\$\{[*@#?$!_0-9-]\}" attribute="Variable" context="#stay" />
				<RegExpr String="\$\{#[A-Za-z_][A-Za-z0-9_]*(\[[*@]\])?\}" attribute="Variable" context="#stay" />
				<RegExpr String="\$\{![A-Za-z_][A-Za-z0-9_]*(\[[*@]\]|[*@])?\}" attribute="Variable" context="#stay" />
				<RegExpr String="\$\{#[0-9]+\}" attribute="Variable" context="#stay" />
				<RegExpr String="\$\{[A-Za-z_][A-Za-z0-9_]*" attribute="Variable" context="VarBrace" />
				<RegExpr String="\$\{[*@#?$!_0-9-](?=[:#%/=?+-])" attribute="Variable" context="VarBrace" />
				<StringDetect String="$((" attribute="Variable" beginRegion="expression" context="ExprDblParenSubst" />
				<StringDetect String="$(&lt;" attribute="Redirection" context="SubstFile" />
				<StringDetect String="$(" attribute="Variable" context="SubstCommand" />
				<DetectChar attribute="Backquote" char="`" context="SubstBackq" />
				<RegExpr String="\\[`$\\]" attribute="Escape" context="#stay" />
			</context>
			<context attribute="Normal Text" lineEndContext="#stay" name="FindTests">
				<RegExpr String="-[abcdefghkprstuwxOGLSNozn](?=\s)" attribute="Expression" context="#stay" />
				<RegExpr String="-([no]t|ef)(?=\s)" attribute="Expression" context="#stay" />
				<RegExpr String="([!=]=?|[&gt;&lt;])(?=\s)" attribute="Expression" context="#stay" />
				<RegExpr String="-(eq|ne|[gl][te])(?=\s)" attribute="Expression" context="#stay" />
			</context>
			<context attribute="Normal Text" lineEndContext="#stay" name="ExprDblParen">
				<Detect2Chars attribute="Keyword" char=")" char1=")" context="#pop" endRegion="expression" />
				<DetectChar attribute="Normal Text" char="(" context="ExprSubParen" />
				<IncludeRules context="FindMost" />
			</context>
			<context attribute="Normal Text" lineEndContext="#stay" name="ExprDblParenSubst">
				<Detect2Chars attribute="Variable" char=")" char1=")" context="#pop" endRegion="expression" />
				<DetectChar attribute="Normal Text" char="(" context="ExprSubParen" />
				<IncludeRules context="FindMost" />
			</context>
			<context attribute="Normal Text" lineEndContext="#stay" name="ExprSubParen">
				<DetectChar attribute="Normal Text" char=")" context="#pop" />
				<DetectChar attribute="Normal Text" char="(" context="ExprSubParen" />
				<IncludeRules context="FindMost" />
			</context>
			<context attribute="Normal Text" lineEndContext="#stay" name="ExprBracket">
				<RegExpr String="\s\](?=($|[\s;|&amp;]))" attribute="Builtin" context="#pop" endRegion="expression" />
				<RegExpr String="\](?=($|[\s;|&amp;]))" attribute="Builtin" column="0" context="#pop" endRegion="expression" />
				<DetectChar attribute="Normal Text" char="(" context="ExprSubParen" />
				<IncludeRules context="FindTests" />
				<IncludeRules context="FindMost" />
			</context>
			<context attribute="Normal Text" lineEndContext="#stay" name="ExprDblBracket">
				<RegExpr String="\s\]\](?=($|[\s;|&amp;]))" attribute="Keyword" context="#pop" endRegion="expression" />
				<RegExpr String="\]\](?=($|[\s;|&amp;]))" attribute="Keyword" column="0" context="#pop" endRegion="expression" />
				<DetectChar attribute="Normal Text" char="(" context="ExprSubParen" />
				<IncludeRules context="FindTests" />
				<IncludeRules context="FindMost" />
			</context>
			<context attribute="Normal Text" lineEndContext="#stay" name="Group">
				<DetectChar attribute="Keyword" char="}" context="#pop" endRegion="group" />
				<IncludeRules context="FindAll" />
			</context>
			<context attribute="Normal Text" lineEndContext="#stay" name="SubShell">
				<DetectChar attribute="Keyword" char=")" context="#pop" endRegion="subshell" />
				<IncludeRules context="FindAll" />
			</context>
			<context attribute="Normal Text" fallthrough="true" fallthroughContext="#pop" lineEndContext="#pop" name="Assign">
				<DetectChar attribute="Variable" char="(" context="AssignArray" />
				<IncludeRules context="FindStrings" />
				<IncludeRules context="FindSubstitutions" />
				<IncludeRules context="FindOthers" />
				<RegExpr String="[\w:,+_./-]" attribute="Normal Text" context="#stay" />
			</context>
			<context attribute="Normal Text" lineEndContext="#pop" name="AssignArray">
				<DetectChar attribute="Variable" char=")" context="#pop" />
				<DetectChar attribute="Variable" char="[" context="Subscript" />
				<DetectChar attribute="Variable" char="=" context="Assign" />
				<IncludeRules context="FindMost" />
			</context>
			<context attribute="Normal Text" fallthrough="true" fallthroughContext="#pop" lineEndContext="#pop" name="AssignSubscr">
				<DetectChar attribute="Variable" char="[" context="Subscript" />
				<Detect2Chars attribute="Variable" char="+" char1="=" context="Assign" />
				<DetectChar attribute="Variable" char="=" context="Assign" />
				<IncludeRules context="FindStrings" />
				<IncludeRules context="FindSubstitutions" />
				<IncludeRules context="FindOthers" />
			</context>
			<context attribute="Variable" lineEndContext="#stay" name="Subscript">
				<DetectChar attribute="Variable" char="]" context="#pop" />
				<IncludeRules context="FindStrings" />
				<IncludeRules context="FindSubstitutions" />
				<IncludeRules context="FindOthers" />
			</context>
			<context attribute="Function" fallthrough="true" fallthroughContext="#pop" lineEndContext="#pop" name="FunctionDef">
				<RegExpr String="\s+[A-Za-z_:][A-Za-z0-9_:#%@-]*(\s*\(\))?" attribute="Function" context="#pop" />
			</context>
			<context attribute="Normal Text" fallthrough="true" fallthroughContext="#pop" lineEndContext="#pop" name="VarName">
				<RegExpr String="-[A-Za-z0-9]+" attribute="Option" context="#stay" />
				<RegExpr String="--[a-z][A-Za-z0-9_-]*" attribute="Option" context="#stay" />
				<RegExpr String="\b[A-Za-z_][A-Za-z0-9_]*" attribute="Variable" context="#stay" />
				<DetectChar attribute="Variable" char="[" context="Subscript" />
				<DetectChar attribute="Variable" char="=" context="Assign" />
				<IncludeRules context="FindMost" />
				<RegExpr String="[^]})|;`&amp;&gt;&lt;]" attribute="Normal Text" context="#stay" />
			</context>
			<context attribute="Normal Text" lineEndContext="#stay" name="ProcessSubst">
				<DetectChar attribute="Redirection" char=")" context="#pop" />
				<IncludeRules context="FindCommentsParen" />
				<IncludeRules context="FindCommands" />
				<IncludeRules context="FindStrings" />
				<IncludeRules context="FindSubstitutions" />
				<IncludeRules context="FindOthers" />
			</context>
			<context attribute="String SingleQ" lineEndContext="#stay" name="StringSQ">
				<DetectChar attribute="String SingleQ" char="'" context="#pop" />
			</context>
			<context attribute="String DoubleQ" lineEndContext="#stay" name="StringDQ">
				<DetectChar attribute="String DoubleQ" char="&quot;" context="#pop" />
				<RegExpr String="\\[`&quot;\\$\n]" attribute="String Escape" context="#stay" />
				<IncludeRules context="FindSubstitutions" />
			</context>
			<context attribute="String SingleQ" lineEndContext="#stay" name="StringEsc">
				<DetectChar attribute="String SingleQ" char="'" context="#pop" />
				<RegExpr String="\\[abefnrtv\\']" attribute="String Escape" context="#stay" />
				<RegExpr String="\\([0-7]{1,3}|x[A-Fa-f0-9]{1,2}|c.)" attribute="String Escape" context="#stay" />
			</context>
			<context attribute="Error" lineEndContext="#stay" name="VarBrace">
				<DetectChar attribute="Variable" char="}" context="#pop" />
				<DetectChar attribute="Variable" char="[" context="Subscript" />
				<RegExpr String="(:?[-=?+]|##?|%%?)" attribute="Variable" context="VarAlt" />
				<RegExpr String="//?" attribute="Variable" context="VarSubst" />
				<DetectChar attribute="Variable" char=":" context="VarSub" />
			</context>
			<context attribute="Normal Text" lineEndContext="#stay" name="VarAlt">
				<DetectChar attribute="Variable" char="}" context="#pop#pop" />
				<IncludeRules context="FindStrings" />
				<IncludeRules context="FindSubstitutions" />
			</context>
			<context attribute="Normal Text" lineEndContext="#stay" name="VarSubst">
				<DetectChar attribute="Variable" char="}" context="#pop#pop" />
				<DetectChar attribute="Variable" char="/" context="VarSubst2" />
				<IncludeRules context="FindStrings" />
				<IncludeRules context="FindSubstitutions" />
			</context>
			<context attribute="Normal Text" lineEndContext="#stay" name="VarSubst2">
				<DetectChar attribute="Variable" char="}" context="#pop#pop#pop" />
				<IncludeRules context="FindStrings" />
				<IncludeRules context="FindSubstitutions" />
			</context>
			<context attribute="Error" lineEndContext="#stay" name="VarSub">
				<DetectChar attribute="Variable" char=":" context="VarSub2" />
				<DetectChar attribute="Variable" char="}" context="#pop#pop" />
				<RegExpr String="[A-Za-z_][A-Za-z0-9_]*" attribute="Variable" context="#stay" />
				<RegExpr String="[0-9]+(?=[:}])" attribute="Variable" context="#stay" />
				<IncludeRules context="FindSubstitutions" />
			</context>
			<context attribute="Error" lineEndContext="#stay" name="VarSub2">
				<DetectChar attribute="Variable" char="}" context="#pop#pop#pop" />
				<RegExpr String="[A-Za-z_][A-Za-z0-9_]*" attribute="Variable" context="#stay" />
				<RegExpr String="[0-9](?=[:}])" attribute="Variable" context="#stay" />
				<IncludeRules context="FindSubstitutions" />
			</context>
			<context attribute="Normal Text" lineEndContext="#stay" name="SubstFile">
				<DetectChar attribute="Redirection" char=")" context="#pop" />
				<IncludeRules context="FindCommentsParen" />
				<IncludeRules context="FindStrings" />
				<IncludeRules context="FindSubstitutions" />
				<IncludeRules context="FindOthers" />
			</context>
			<context attribute="Normal Text" lineEndContext="#stay" name="SubstCommand">
				<DetectChar attribute="Variable" char=")" context="#pop" />
				<IncludeRules context="FindCommentsParen" />
				<IncludeRules context="FindCommands" />
				<IncludeRules context="FindStrings" />
				<IncludeRules context="FindSubstitutions" />
				<IncludeRules context="FindOthers" />
			</context>
			<context attribute="Normal Text" lineEndContext="#stay" name="SubstBackq">
				<DetectChar attribute="Backquote" char="`" context="#pop" />
				<IncludeRules context="FindCommentsBackq" />
				<IncludeRules context="FindCommandsBackq" />
				<IncludeRules context="FindStrings" />
				<IncludeRules context="FindSubstitutions" />
				<IncludeRules context="FindOthers" />
			</context>
			<context attribute="Normal Text" lineEndContext="#stay" name="Case">
				<RegExpr String="\sin\b" attribute="Keyword" context="CaseIn" />
				<IncludeRules context="FindMost" />
			</context>
			<context attribute="Normal Text" lineEndContext="#stay" name="CaseIn">
				<RegExpr String="\besac(?=$|[\s;)])" attribute="Keyword" context="#pop#pop" endRegion="case" />
				<DetectChar attribute="Keyword" beginRegion="caseexpr" char=")" context="CaseExpr" />
				<AnyChar String="(|" attribute="Keyword" context="#stay" />
				<IncludeRules context="FindMost" />
			</context>
			<context attribute="Normal Text" lineEndContext="#stay" name="CaseExpr">
				<Detect2Chars attribute="Keyword" char=";" char1=";" context="#pop" endRegion="caseexpr" />
				<RegExpr String="esac(?=$|[\s;)])" attribute="Keyword" context="#pop" endRegion="caseexpr" firstNonSpace="true" lookAhead="true" />
				<IncludeRules context="FindAll" />
			</context>
			<context attribute="Normal Text" lineEndContext="#stay" name="HereDoc">
				<RegExpr String="(&lt;&lt;-\s*&quot;([^|&amp;;()&lt;&gt;\s]+)&quot;)" attribute="Redirection" context="HereDocIQ" lookAhead="true" />
				<RegExpr String="(&lt;&lt;-\s*'([^|&amp;;()&lt;&gt;\s]+)')" attribute="Redirection" context="HereDocIQ" lookAhead="true" />
				<RegExpr String="(&lt;&lt;-\s*\\([^|&amp;;()&lt;&gt;\s]+))" attribute="Redirection" context="HereDocIQ" lookAhead="true" />
				<RegExpr String="(&lt;&lt;-\s*([^|&amp;;()&lt;&gt;\s]+))" attribute="Redirection" context="HereDocINQ" lookAhead="true" />
				<RegExpr String="(&lt;&lt;\s*&quot;([^|&amp;;()&lt;&gt;\s]+)&quot;)" attribute="Redirection" context="HereDocQ" lookAhead="true" />
				<RegExpr String="(&lt;&lt;\s*'([^|&amp;;()&lt;&gt;\s]+)')" attribute="Redirection" context="HereDocQ" lookAhead="true" />
				<RegExpr String="(&lt;&lt;\s*\\([^|&amp;;()&lt;&gt;\s]+))" attribute="Redirection" context="HereDocQ" lookAhead="true" />
				<RegExpr String="(&lt;&lt;\s*([^|&amp;;()&lt;&gt;\s]+))" attribute="Redirection" context="HereDocNQ" lookAhead="true" />
				<StringDetect String="&lt;&lt;" attribute="Redirection" context="#pop" />
			</context>
			<context attribute="Normal Text" lineEndContext="#pop" name="HereDocRemainder">
				<IncludeRules context="FindAll" />
			</context>
			<context attribute="Normal Text" dynamic="true" lineEndContext="#stay" name="HereDocQ">
				<RegExpr String="%1" attribute="Redirection" context="HereDocRemainder" dynamic="true" />
				<RegExpr String="^%2\b" attribute="Redirection" column="0" context="#pop#pop" dynamic="true" />
			</context>
			<context attribute="Normal Text" dynamic="true" lineEndContext="#stay" name="HereDocNQ">
				<RegExpr String="%1" attribute="Redirection" context="HereDocRemainder" dynamic="true" />
				<RegExpr String="^%2\b" attribute="Redirection" column="0" context="#pop#pop" dynamic="true" />
				<IncludeRules context="FindSubstitutions" />
			</context>
			<context attribute="Normal Text" dynamic="true" lineEndContext="#stay" name="HereDocIQ">
				<RegExpr String="%1" attribute="Redirection" context="HereDocRemainder" dynamic="true" />
				<RegExpr String="^\t*%2\b" attribute="Redirection" column="0" context="#pop#pop" dynamic="true" />
			</context>
			<context attribute="Normal Text" dynamic="true" lineEndContext="#stay" name="HereDocINQ">
				<RegExpr String="%1" attribute="Redirection" context="HereDocRemainder" dynamic="true" />
				<RegExpr String="^\t*%2\b" attribute="Redirection" column="0" context="#pop#pop" dynamic="true" />
				<IncludeRules context="FindSubstitutions" />
			</context>
		</contexts>
		<itemDatas>
			<itemData defStyleNum="dsNormal" name="Normal Text" />
			<itemData defStyleNum="dsComment" name="Comment" />
			<itemData defStyleNum="dsKeyword" name="Keyword" />
			<itemData defStyleNum="dsKeyword" name="Control" />
			<itemData name="Builtin" defStyleNum="dsBuiltIn" />
			<itemData name="Command" defStyleNum="dsBuiltIn" />
			<itemData name="OtherCommand" defStyleNum="dsOthers" />
			<itemData name="Redirection" defStyleNum="dsKeyword" />
			<itemData defStyleNum="dsDataType" name="Escape" />
			<itemData defStyleNum="dsString" name="String SingleQ" />
			<itemData defStyleNum="dsString" name="String DoubleQ" />
			<itemData defStyleNum="dsKeyword" name="Backquote" />
			<itemData defStyleNum="dsString" name="String Transl." />
			<itemData defStyleNum="dsDataType" name="String Escape" />
			<itemData defStyleNum="dsOthers" name="Variable" />
			<itemData defStyleNum="dsOthers" name="Expression" />
			<itemData defStyleNum="dsFunction" name="Function" />
			<itemData defStyleNum="dsNormal" name="Path" />
			<itemData defStyleNum="dsNormal" name="Option" />
			<itemData defStyleNum="dsError" name="Error" />
		</itemDatas>
		<list name="builtins">
			<item> : </item>
			<item> source </item>
			<item> alias </item>
			<item> bg </item>
			<item> bind </item>
			<item> break </item>
			<item> builtin </item>
			<item> cd </item>
			<item> caller </item>
			<item> command </item>
			<item> compgen </item>
			<item> complete </item>
			<item> continue </item>
			<item> dirs </item>
			<item> disown </item>
			<item> echo </item>
			<item> enable </item>
			<item> eval </item>
			<item> exec </item>
			<item> exit </item>
			<item> fc </item>
			<item> fg </item>
			<item> getopts </item>
			<item> hash </item>
			<item> help </item>
			<item> history </item>
			<item> jobs </item>
			<item> kill </item>
			<item> let </item>
			<item> logout </item>
			<item> popd </item>
			<item> printf </item>
			<item> pushd </item>
			<item> pwd </item>
			<item> return </item>
			<item> set </item>
			<item> shift </item>
			<item> shopt </item>
			<item> suspend </item>
			<item> test </item>
			<item> time </item>
			<item> times </item>
			<item> trap </item>
			<item> type </item>
			<item> ulimit </item>
			<item> umask </item>
			<item> unalias </item>
			<item> wait </item>
		</list>
		<list name="keywords">
			<item> else </item>
			<item> for </item>
			<item> function </item>
			<item> in </item>
			<item> select </item>
			<item> until </item>
			<item> while </item>
			<item> elif </item>
			<item> then </item>
			<item> set </item>
		</list>
		<list name="builtins_var">
			<item> export </item>
			<item> unset </item>
			<item> declare </item>
			<item> typeset </item>
			<item> local </item>
			<item> read </item>
			<item> readonly </item>
		</list>
		<list name="unixcommands">
			<item> arch </item>
			<item> awk </item>
			<item> bash </item>
			<item> bunzip2 </item>
			<item> bzcat </item>
			<item> bzcmp </item>
			<item> bzdiff </item>
			<item> bzegrep </item>
			<item> bzfgrep </item>
			<item> bzgrep </item>
			<item> bzip2 </item>
			<item> bzip2recover </item>
			<item> bzless </item>
			<item> bzmore </item>
			<item> cat </item>
			<item> chattr </item>
			<item> chgrp </item>
			<item> chmod </item>
			<item> chown </item>
			<item> chvt </item>
			<item> cp </item>
			<item> date </item>
			<item> dd </item>
			<item> deallocvt </item>
			<item> df </item>
			<item> dir </item>
			<item> dircolors </item>
			<item> dmesg </item>
			<item> dnsdomainname </item>
			<item> domainname </item>
			<item> du </item>
			<item> dumpkeys </item>
			<item> echo </item>
			<item> ed </item>
			<item> egrep </item>
			<item> false </item>
			<item> fgconsole </item>
			<item> fgrep </item>
			<item> fuser </item>
			<item> gawk </item>
			<item> getkeycodes </item>
			<item> gocr </item>
			<item> grep </item>
			<item> groff </item>
			<item> groups </item>
			<item> gunzip </item>
			<item> gzexe </item>
			<item> gzip </item>
			<item> hostname </item>
			<item> igawk </item>
			<item> install </item>
			<item> kbd_mode </item>
			<item> kbdrate </item>
			<item> killall </item>
			<item> last </item>
			<item> lastb </item>
			<item> link </item>
			<item> ln </item>
			<item> loadkeys </item>
			<item> loadunimap </item>
			<item> login </item>
			<item> ls </item>
			<item> lsattr </item>
			<item> lsmod </item>
			<item> lsmod.old </item>
			<item> lzcat </item>
			<item> lzcmp </item>
			<item> lzdiff </item>
			<item> lzegrep </item>
			<item> lzfgrep </item>
			<item> lzgrep </item>
			<item> lzless </item>
			<item> lzcat </item>
			<item> lzma </item>
			<item> lzmainfo </item>
			<item> lzmore </item>
			<item> mapscrn </item>
			<item> mesg </item>
			<item> mkdir </item>
			<item> mkfifo </item>
			<item> mknod </item>
			<item> mktemp </item>
			<item> more </item>
			<item> mount </item>
			<item> mv </item>
			<item> nano </item>
			<item> netstat </item>
			<item> nisdomainname </item>
			<item> nroff </item>
			<item> openvt </item>
			<item> pgawk </item>
			<item> pidof </item>
			<item> ping </item>
			<item> ps </item>
			<item> pstree </item>
			<item> pwd </item>
			<item> rbash </item>
			<item> readlink </item>
			<item> red </item>
			<item> resizecons </item>
			<item> rm </item>
			<item> rmdir </item>
			<item> run-parts </item>
			<item> sash </item>
			<item> sed </item>
			<item> setfont </item>
			<item> setkeycodes </item>
			<item> setleds </item>
			<item> setmetamode </item>
			<item> setserial </item>
			<item> sh </item>
			<item> showkey </item>
			<item> shred </item>
			<item> sleep </item>
			<item> ssed </item>
			<item> stat </item>
			<item> stty </item>
			<item> su </item>
			<item> sync </item>
			<item> tar </item>
			<item> tempfile </item>
			<item> touch </item>
			<item> troff </item>
			<item> true </item>
			<item> umount </item>
			<item> uname </item>
			<item> unicode_start </item>
			<item> unicode_stop </item>
			<item> unlink </item>
			<item> unlzma </item>
			<item> unxz </item>
			<item> utmpdump </item>
			<item> uuidgen </item>
			<item> vdir </item>
			<item> wall </item>
			<item> wc </item>
			<item> xz </item>
			<item> xzcat </item>
			<item> ypdomainname </item>
			<item> zcat </item>
			<item> zcmp </item>
			<item> zdiff </item>
			<item> zegrep </item>
			<item> zfgrep </item>
			<item> zforce </item>
			<item> zgrep </item>
			<item> zless </item>
			<item> zmore </item>
			<item> znew </item>
			<item> zsh </item>
			<item> aclocal </item>
			<item> aconnect </item>
			<item> aplay </item>
			<item> apm </item>
			<item> apmsleep </item>
			<item> apropos </item>
			<item> ar </item>
			<item> arecord </item>
			<item> as </item>
			<item> as86 </item>
			<item> autoconf </item>
			<item> autoheader </item>
			<item> automake </item>
			<item> awk </item>
			<item> basename </item>
			<item> bc </item>
			<item> bison </item>
			<item> c++ </item>
			<item> cal </item>
			<item> cat </item>
			<item> cc </item>
			<item> cdda2wav </item>
			<item> cdparanoia </item>
			<item> cdrdao </item>
			<item> cd-read </item>
			<item> cdrecord </item>
			<item> chfn </item>
			<item> chgrp </item>
			<item> chmod </item>
			<item> chown </item>
			<item> chroot </item>
			<item> chsh </item>
			<item> clear </item>
			<item> cmp </item>
			<item> co </item>
			<item> col </item>
			<item> comm </item>
			<item> cp </item>
			<item> cpio </item>
			<item> cpp </item>
			<item> cut </item>
			<item> dc </item>
			<item> dd </item>
			<item> df </item>
			<item> diff </item>
			<item> diff3 </item>
			<item> dir </item>
			<item> dircolors </item>
			<item> directomatic </item>
			<item> dirname </item>
			<item> du </item>
			<item> env </item>
			<item> expr </item>
			<item> fbset </item>
			<item> file </item>
			<item> find </item>
			<item> flex </item>
			<item> flex++ </item>
			<item> fmt </item>
			<item> free </item>
			<item> ftp </item>
			<item> funzip </item>
			<item> fuser </item>
			<item> g++ </item>
			<item> gawk </item>
			<item> gc </item>
			<item> gcc </item>
			<item> gdb </item>
			<item> getent </item>
			<item> getopt </item>
			<item> gettext </item>
			<item> gettextize </item>
			<item> gimp </item>
			<item> gimp-remote </item>
			<item> gimptool </item>
			<item> gmake </item>
			<item> gs </item>
			<item> head </item>
			<item> hexdump </item>
			<item> id </item>
			<item> install </item>
			<item> join </item>
			<item> kill </item>
			<item> killall </item>
			<item> ld </item>
			<item> ld86 </item>
			<item> ldd </item>
			<item> less </item>
			<item> lex </item>
			<item> ln </item>
			<item> locate </item>
			<item> lockfile </item>
			<item> logname </item>
			<item> lp </item>
			<item> lpr </item>
			<item> ls </item>
			<item> lynx </item>
			<item> m4 </item>
			<item> make </item>
			<item> man </item>
			<item> mkdir </item>
			<item> mknod </item>
			<item> msgfmt </item>
			<item> mv </item>
			<item> namei </item>
			<item> nasm </item>
			<item> nawk </item>
			<item> nice </item>
			<item> nl </item>
			<item> nm </item>
			<item> nm86 </item>
			<item> nmap </item>
			<item> nohup </item>
			<item> nop </item>
			<item> od </item>
			<item> passwd </item>
			<item> patch </item>
			<item> pcregrep </item>
			<item> pcretest </item>
			<item> perl </item>
			<item> perror </item>
			<item> pidof </item>
			<item> pr </item>
			<item> printf </item>
			<item> procmail </item>
			<item> prune </item>
			<item> ps2ascii </item>
			<item> ps2epsi </item>
			<item> ps2frag </item>
			<item> ps2pdf </item>
			<item> ps2ps </item>
			<item> psbook </item>
			<item> psmerge </item>
			<item> psnup </item>
			<item> psresize </item>
			<item> psselect </item>
			<item> pstops </item>
			<item> rcs </item>
			<item> rev </item>
			<item> rm </item>
			<item> scp </item>
			<item> sed </item>
			<item> seq </item>
			<item> setterm </item>
			<item> shred </item>
			<item> size </item>
			<item> size86 </item>
			<item> skill </item>
			<item> slogin </item>
			<item> snice </item>
			<item> sort </item>
			<item> sox </item>
			<item> split </item>
			<item> ssh </item>
			<item> ssh-add </item>
			<item> ssh-agent </item>
			<item> ssh-keygen </item>
			<item> ssh-keyscan </item>
			<item> stat </item>
			<item> strings </item>
			<item> strip </item>
			<item> sudo </item>
			<item> suidperl </item>
			<item> sum </item>
			<item> tac </item>
			<item> tail </item>
			<item> tee </item>
			<item> test </item>
			<item> tr </item>
			<item> uniq </item>
			<item> unlink </item>
			<item> unzip </item>
			<item> updatedb </item>
			<item> updmap </item>
			<item> uptime </item>
			<item> users </item>
			<item> vmstat </item>
			<item> w </item>
			<item> wc </item>
			<item> wget </item>
			<item> whatis </item>
			<item> whereis </item>
			<item> which </item>
			<item> who </item>
			<item> whoami </item>
			<item> write </item>
			<item> xargs </item>
			<item> yacc </item>
			<item> yes </item>
			<item> zip </item>
			<item> zsoelim </item>
			<item> dcop </item>
			<item> kdialog </item>
			<item> kfile </item>
			<item> xhost </item>
			<item> xmodmap </item>
			<item> xset </item>
		</list>
	</highlighting>
	<general>
		<comments>
			<comment name="singleLine" start="#" />
		</comments>
		<keywords additionalDeliminator="`" casesensitive="1" weakDeliminator="^%#[]$._{}:-/" />
	</general>
</language>
