<?xml version="1.0" encoding="UTF-8"?>
<!-- read from /usr/share/katepart5/syntax/c.xml at 26/09/15 17:36:25 CEST -->
<language extensions="*.c;*.C;*.h" indenter="cstyle" kateversion="3.4" mimetype="text/x-csrc;text/x-c++src;text/x-chdr" name="C" priority="5" section="Sources" version="1.46">
	<highlighting>
		<contexts>
			<context attribute="Normal Text" lineEndContext="#stay" name="Normal">
				<DetectSpaces />
				<RegExpr String="#\s*if\s+0\s*$" attribute="Preprocessor" beginRegion="PP" context="Outscoped" firstNonSpace="true" />
				<DetectChar char="#" context="AfterHash" firstNonSpace="true" lookAhead="true" />
				<StringDetect String="//BEGIN" attribute="Region Marker" beginRegion="Region1" context="Region Marker" firstNonSpace="true" />
				<StringDetect String="//END" attribute="Region Marker" context="Region Marker" endRegion="Region1" firstNonSpace="true" />
				<keyword String="keywords" attribute="Keyword" context="#stay" />
				<keyword String="types" attribute="Data Type" context="#stay" />
				<DetectIdentifier />
				<DetectChar attribute="Symbol" beginRegion="Brace1" char="{" context="#stay" />
				<DetectChar attribute="Symbol" char="}" context="#stay" endRegion="Brace1" />
				<Float attribute="Float" context="#stay">
					<AnyChar String="fF" attribute="Float" context="#stay" />
				</Float>
				<HlCOct attribute="Octal" context="#stay" />
				<HlCHex attribute="Hex" context="#stay" />
				<RegExpr String="0b[01]+[ul]{0,3}" attribute="Binary" context="#stay" insensitive="true" />
				<Int attribute="Decimal" context="#stay">
					<StringDetect String="ULL" attribute="Decimal" context="#stay" insensitive="true" />
					<StringDetect String="LUL" attribute="Decimal" context="#stay" insensitive="true" />
					<StringDetect String="LLU" attribute="Decimal" context="#stay" insensitive="true" />
					<StringDetect String="UL" attribute="Decimal" context="#stay" insensitive="true" />
					<StringDetect String="LU" attribute="Decimal" context="#stay" insensitive="true" />
					<StringDetect String="LL" attribute="Decimal" context="#stay" insensitive="true" />
					<StringDetect String="U" attribute="Decimal" context="#stay" insensitive="true" />
					<StringDetect String="L" attribute="Decimal" context="#stay" insensitive="true" />
				</Int>
				<HlCChar attribute="Char" context="#stay" />
				<DetectChar attribute="String" char="&quot;" context="String" />
				<IncludeRules context="##Doxygen" />
				<Detect2Chars attribute="Comment" char="/" char1="/" context="Commentar 1" />
				<Detect2Chars attribute="Comment" beginRegion="Comment" char="/" char1="*" context="Commentar 2" />
				<AnyChar String=":!%&amp;()+,-/.*&lt;=&gt;?[]|~^;" attribute="Symbol" context="#stay" />
			</context>
			<context attribute="String" lineEndContext="#pop" name="String">
				<LineContinue attribute="String" context="#stay" />
				<HlCStringChar attribute="String Char" context="#stay" />
				<DetectChar attribute="String" char="&quot;" context="#pop" />
			</context>
			<context attribute="Region Marker" lineEndContext="#pop" name="Region Marker">
				
			</context>
			<context attribute="Comment" lineEndContext="#pop" name="Commentar 1">
				<LineContinue attribute="Comment" context="#stay" />
				<IncludeRules context="##Alerts" />
			</context>
			<context attribute="Comment" lineEndContext="#stay" name="Commentar 2">
				<Detect2Chars attribute="Comment" char="*" char1="/" context="#pop" endRegion="Comment" />
				<IncludeRules context="##Alerts" />
			</context>
			<context attribute="Error" lineEndContext="#pop" name="AfterHash">
				<RegExpr String="#\s*(?:include|include_next)" attribute="Preprocessor" context="Include" firstNonSpace="true" insensitive="true" />
				<RegExpr String="#\s*if(?:def|ndef)?(?=\s+\S)" attribute="Preprocessor" beginRegion="PP" context="Preprocessor" firstNonSpace="true" insensitive="true" />
				<RegExpr String="#\s*endif" attribute="Preprocessor" context="Preprocessor" endRegion="PP" firstNonSpace="true" insensitive="true" />
				<RegExpr String="#\s*define.*((?=\\))" attribute="Preprocessor" context="Define" firstNonSpace="true" insensitive="true" />
				<RegExpr String="#\s*pragma\s+mark\s+-\s*$" attribute="Preprocessor" context="Preprocessor" endRegion="pragma_mark" firstNonSpace="true" insensitive="true" />
				<RegExpr String="#\s*pragma\s+mark" attribute="Preprocessor" beginRegion="pragma_mark" context="Preprocessor" endRegion="pragma_mark" firstNonSpace="true" insensitive="true" />
				<RegExpr String="#\s*(?:el(?:se|if)|define|undef|line|error|warning|pragma)" attribute="Preprocessor" context="Preprocessor" firstNonSpace="true" insensitive="true" />
				<RegExpr String="#\s+[0-9]+" attribute="Preprocessor" context="Preprocessor" firstNonSpace="true" insensitive="true" />
			</context>
			<context attribute="Preprocessor" lineEndContext="#pop" name="Include">
				<LineContinue attribute="Preprocessor" context="#stay" />
				<RangeDetect attribute="Prep. Lib" char="&quot;" char1="&quot;" context="#stay" />
				<RangeDetect attribute="Prep. Lib" char="&lt;" char1="&gt;" context="#stay" />
				<IncludeRules context="Preprocessor" />
			</context>
			<context attribute="Preprocessor" lineEndContext="#pop" name="Preprocessor">
				<LineContinue attribute="Preprocessor" context="#stay" />
				<IncludeRules context="##Doxygen" />
				<Detect2Chars attribute="Comment" beginRegion="Comment2" char="/" char1="*" context="Commentar/Preprocessor" />
				<Detect2Chars attribute="Comment" char="/" char1="/" context="Commentar 1" />
			</context>
			<context attribute="Preprocessor" lineEndContext="#pop" name="Define">
				<LineContinue attribute="Preprocessor" context="#stay" />
			</context>
			<context attribute="Comment" lineEndContext="#stay" name="Commentar/Preprocessor">
				<Detect2Chars attribute="Comment" char="*" char1="/" context="#pop" endRegion="Comment2" />
			</context>
			<context attribute="Comment" lineEndContext="#stay" name="Outscoped">
				<DetectSpaces />
				<IncludeRules context="##Alerts" />
				<DetectIdentifier />
				<DetectChar attribute="String" char="&quot;" context="String" />
				<IncludeRules context="##Doxygen" />
				<Detect2Chars attribute="Comment" char="/" char1="/" context="Commentar 1" />
				<Detect2Chars attribute="Comment" beginRegion="Comment" char="/" char1="*" context="Commentar 2" />
				<RegExpr String="#\s*if" attribute="Comment" beginRegion="PP" context="Outscoped intern" firstNonSpace="true" />
				<RegExpr String="#\s*el(?:se|if)" attribute="Preprocessor" context="#pop" firstNonSpace="true" />
				<RegExpr String="#\s*endif" attribute="Preprocessor" context="#pop" endRegion="PP" firstNonSpace="true" />
			</context>
			<context attribute="Comment" lineEndContext="#stay" name="Outscoped intern">
				<DetectSpaces />
				<IncludeRules context="##Alerts" />
				<DetectIdentifier />
				<DetectChar attribute="String" char="&quot;" context="String" />
				<IncludeRules context="##Doxygen" />
				<Detect2Chars attribute="Comment" char="/" char1="/" context="Commentar 1" />
				<Detect2Chars attribute="Comment" beginRegion="Comment" char="/" char1="*" context="Commentar 2" />
				<RegExpr String="#\s*if" attribute="Comment" beginRegion="PP" context="Outscoped intern" firstNonSpace="true" />
				<RegExpr String="#\s*endif" attribute="Comment" context="#pop" endRegion="PP" firstNonSpace="true" />
			</context>
		</contexts>
		<itemDatas>
			<itemData defStyleNum="dsNormal" name="Normal Text" spellChecking="false" />
			<itemData defStyleNum="dsKeyword" name="Keyword" spellChecking="false" />
			<itemData defStyleNum="dsDataType" name="Data Type" spellChecking="false" />
			<itemData defStyleNum="dsDecVal" name="Decimal" spellChecking="false" />
			<itemData defStyleNum="dsBaseN" name="Octal" spellChecking="false" />
			<itemData defStyleNum="dsBaseN" name="Hex" spellChecking="false" />
			<itemData defStyleNum="dsBaseN" name="Binary" spellChecking="false" />
			<itemData defStyleNum="dsFloat" name="Float" spellChecking="false" />
			<itemData defStyleNum="dsChar" name="Char" spellChecking="false" />
			<itemData defStyleNum="dsString" name="String" />
			<itemData defStyleNum="dsChar" name="String Char" />
			<itemData defStyleNum="dsComment" name="Comment" />
			<itemData defStyleNum="dsNormal" name="Symbol" spellChecking="false" />
			<itemData defStyleNum="dsOthers" name="Preprocessor" spellChecking="false" />
			<itemData defStyleNum="dsOthers" name="Prep. Lib" spellChecking="false" />
			<itemData defStyleNum="dsAlert" name="Alert" spellChecking="false" />
			<itemData defStyleNum="dsRegionMarker" name="Region Marker" spellChecking="false" />
			<itemData defStyleNum="dsError" name="Error" spellChecking="false" />
		</itemDatas>
		<list name="types">
			<item> auto </item>
			<item> char </item>
			<item> const </item>
			<item> double </item>
			<item> float </item>
			<item> int </item>
			<item> long </item>
			<item> register </item>
			<item> restrict </item>
			<item> short </item>
			<item> signed </item>
			<item> static </item>
			<item> unsigned </item>
			<item> void </item>
			<item> volatile </item>
			<item> int8_t </item>
			<item> int16_t </item>
			<item> int32_t </item>
			<item> int64_t </item>
			<item> uint8_t </item>
			<item> uint16_t </item>
			<item> uint32_t </item>
			<item> uint64_t </item>
			<item> wchar_t </item>
			<item> _Imaginary </item>
			<item> _Complex </item>
			<item> _Bool </item>
		</list>
		<list name="keywords">
			<item> break </item>
			<item> case </item>
			<item> continue </item>
			<item> default </item>
			<item> do </item>
			<item> else </item>
			<item> enum </item>
			<item> extern </item>
			<item> for </item>
			<item> goto </item>
			<item> if </item>
			<item> inline </item>
			<item> return </item>
			<item> sizeof </item>
			<item> struct </item>
			<item> switch </item>
			<item> typedef </item>
			<item> union </item>
			<item> while </item>
		</list>
	</highlighting>
	<general>
		<comments>
			<comment name="singleLine" start="//" />
			<comment end="*/" name="multiLine" start="/*" />
		</comments>
		<keywords additionalDeliminator="'&quot;" casesensitive="1" />
	</general>
</language>
