<?xml version="1.0" encoding="UTF-8"?>
<!-- read from /usr/share/katepart5/syntax/changelog.xml at 26/06/15 21:52:58 CEST -->
<language author="Dominik Haumann (dhdev@gmx.de)" extensions="ChangeLog" kateversion="2.4" license="LGPL" mimetype="" name="ChangeLog" section="Other" version="1.04">
	<highlighting>
		<contexts>
			<context attribute="Normal Text" lineEndContext="#stay" name="Normal">
				<DetectChar attribute="Entry" char="*" context="entry" firstNonSpace="true" />
				<RegExpr String="\d\d\d\d\s*-\s*\d\d\s*-\s*\d\d\s*" attribute="Date" column="0" context="line" />
			</context>
			<context attribute="Normal Text" lineEndContext="#pop" name="line">
				<RegExpr String="(\w\s*)+" attribute="Name" context="#stay" />
				<RegExpr String="&lt;.*&gt;\s*$" attribute="E-Mail" context="#pop" />
			</context>
			<context attribute="Normal Text" lineEndContext="#pop" name="entry">
				<RegExpr String=".*:" attribute="Entry" context="#pop" minimal="true" />
			</context>
		</contexts>
		<itemDatas>
			<itemData defStyleNum="dsNormal" name="Normal Text" />
			<itemData defStyleNum="dsKeyword" name="Name" />
			<itemData defStyleNum="dsOthers" name="E-Mail" />
			<itemData defStyleNum="dsDataType" name="Date" />
			<itemData defStyleNum="dsDecVal" name="Entry" />
		</itemDatas>
	</highlighting>
	<general>
		<keywords casesensitive="1" />
	</general>
</language>
