<?xml version="1.0" encoding="UTF-8"?>
<!DOCTYPE language SYSTEM "language.dtd">
<!-- read from /usr/share/katepart5/syntax/clojure.xml at 25/06/15 19:33:21 CEST -->
<language author="Dominik Haumann [lisp] modified for clojure by Caspar Hasenclever" extensions="*.clj" kateversion="2.3" license="LGPL" mimetype="" name="Clojure" section="Sources" version="2">
	<highlighting>
		<contexts>
			<context attribute="Normal" lineEndContext="#stay" name="Level0">
				<DetectChar attribute="Brackets1" char="(" context="Level1" />
				<Detect2Chars attribute="Brackets1" char="#" char1="(" context="Level1" />
				<IncludeRules context="Default" />
			</context>
			<context attribute="Normal" lineEndContext="#stay" name="Default">
				<RegExpr String=";.*$" attribute="Comment" context="#stay" />
				<Detect2Chars attribute="Comment" char="#" char1="_" context="#stay" />
				<RegExpr String="[@~]\S+" attribute="Modifier" context="#stay" />
				<RegExpr String="::?[a-zA-Z0-9\-]+" attribute="Modifier2" context="#stay" />
				<Detect2Chars attribute="Brackets" char="#" char1="{" context="#stay" />
				<Detect2Chars attribute="Brackets" char="^" char1="{" context="#stay" />
				<DetectChar attribute="BracketsCurly" char="{" context="#stay" />
				<DetectChar attribute="BracketsCurly" char="}" context="#stay" />
				<DetectChar attribute="BracketsSquare" char="[" context="#stay" />
				<DetectChar attribute="BracketsSquare" char="]" context="#stay" />
				<Detect2Chars attribute="Variable" char="#" char1="'" context="#stay" />
				<keyword String="keywords" attribute="Keyword" context="#stay" />
				<keyword String="variables" attribute="Variable" context="#stay" />
				<keyword String="definitions" attribute="Definition" context="function_decl" />
				<RegExpr String="\\." attribute="Char" context="#stay" />
				<Detect2Chars attribute="String" char="#" char1="&quot;" context="String" />
				<DetectChar attribute="String" char="&quot;" context="String" />
				<Float attribute="Float" context="#stay" />
				<Int attribute="Decimal" context="#stay" />
				<DetectChar attribute="Brackets1" char="(" context="Level1" />
			</context>
			<context attribute="Function" lineEndContext="#stay" name="function_decl">
				<RegExpr String="\s*[A-Za-z0-9-+\&lt;\&gt;//\*]*\s*" attribute="Function" context="#pop" />
			</context>
			<context attribute="Normal" lineEndContext="#pop" name="SpecialNumber">
				<Float attribute="Float" context="#pop" />
				<Int attribute="Decimal" context="#pop" />
				<HlCOct attribute="BaseN" context="#pop" />
				<HlCHex attribute="Float" context="#pop" />
			</context>
			<context attribute="String" lineEndContext="#stay" name="String">
				<RegExpr String="#\\." attribute="Char" context="#stay" />
				<HlCStringChar attribute="String Char" context="#stay" />
				<DetectChar attribute="String" char="&quot;" context="#pop" />
			</context>
			<context attribute="Normal" lineEndContext="#stay" name="Level1">
				<DetectChar attribute="Brackets2" char="(" context="Level2" />
				<Detect2Chars attribute="Brackets2" char="#" char1="(" context="Level2" />
				<DetectChar attribute="Brackets1" char=")" context="#pop" />
				<IncludeRules context="Default" />
			</context>
			<context attribute="Normal" lineEndContext="#stay" name="Level2">
				<DetectChar attribute="Brackets3" char="(" context="Level3" />
				<Detect2Chars attribute="Brackets3" char="#" char1="(" context="Level3" />
				<DetectChar attribute="Brackets2" char=")" context="#pop" />
				<IncludeRules context="Default" />
			</context>
			<context attribute="Normal" lineEndContext="#stay" name="Level3">
				<DetectChar attribute="Brackets4" char="(" context="Level4" />
				<Detect2Chars attribute="Brackets4" char="#" char1="(" context="Level4" />
				<DetectChar attribute="Brackets3" char=")" context="#pop" />
				<IncludeRules context="Default" />
			</context>
			<context attribute="Normal" lineEndContext="#stay" name="Level4">
				<DetectChar attribute="Brackets5" char="(" context="Level5" />
				<Detect2Chars attribute="Brackets5" char="#" char1="(" context="Level5" />
				<DetectChar attribute="Brackets4" char=")" context="#pop" />
				<IncludeRules context="Default" />
			</context>
			<context attribute="Normal" lineEndContext="#stay" name="Level5">
				<DetectChar attribute="Brackets6" char="(" context="Level6" />
				<Detect2Chars attribute="Brackets6" char="#" char1="(" context="Level6" />
				<DetectChar attribute="Brackets5" char=")" context="#pop" />
				<IncludeRules context="Default" />
			</context>
			<context attribute="Normal" lineEndContext="#stay" name="Level6">
				<DetectChar attribute="Brackets1" char="(" context="Level1" />
				<Detect2Chars attribute="Brackets1" char="#" char1="(" context="Level1" />
				<DetectChar attribute="Brackets6" char=")" context="#pop" />
				<IncludeRules context="Default" />
			</context>
		</contexts>
		<itemDatas>
			<itemData defStyleNum="dsNormal" name="Normal" />
			<itemData defStyleNum="dsKeyword" name="Keyword" />
			<itemData name="Operator" defStyleNum="dsOperator" />
			<itemData name="Modifier" defStyleNum="dsKeyword" />
			<itemData name="Modifier2" defStyleNum="dsKeyword" />
			<itemData name="Variable" defStyleNum="dsVariable" />
			<itemData name="Definition" defStyleNum="dsPreprocessor" />
			<itemData defStyleNum="dsDataType" name="Data" />
			<itemData defStyleNum="dsDecVal" name="Decimal" />
			<itemData defStyleNum="dsBaseN" name="BaseN" />
			<itemData defStyleNum="dsFloat" name="Float" />
			<itemData defStyleNum="dsFunction" name="Function" />
			<itemData defStyleNum="dsChar" name="Char" />
			<itemData defStyleNum="dsString" name="String" />
			<itemData defStyleNum="dsComment" name="Comment" />
			<itemData defStyleNum="dsRegionMarker" name="Region Marker" />
			<itemData name="Brackets" defStyleNum="dsNormal" />
			<itemData name="BracketsSquare" defStyleNum="dsNormal" />
			<itemData name="BracketsCurly" defStyleNum="dsNormal" />
			<itemData name="Brackets1" defStyleNum="dsNormal" />
			<itemData name="Brackets2" defStyleNum="dsNormal" />
			<itemData name="Brackets3" defStyleNum="dsNormal" />
			<itemData name="Brackets4" defStyleNum="dsNormal" />
			<itemData name="Brackets5" defStyleNum="dsNormal" />
			<itemData name="Brackets6" defStyleNum="dsNormal" />
		</itemDatas>
		<list name="variables">
			<item> *1 </item>
			<item> *2 </item>
			<item> *3 </item>
			<item> *agent* </item>
			<item> *allow-unresolved-vars* </item>
			<item> *assert* </item>
			<item> *clojure-version* </item>
			<item> *command-line-args* </item>
			<item> *compile-files* </item>
			<item> *compile-path* </item>
			<item> *current* </item>
			<item> *e </item>
			<item> *err* </item>
			<item> *file* </item>
			<item> *flush-on-newline* </item>
			<item> *in* </item>
			<item> *initial-report-counters* </item>
			<item> *load-tests* </item>
			<item> *macro-meta* </item>
			<item> *math-context* </item>
			<item> *ns* </item>
			<item> *out* </item>
			<item> *print-dup* </item>
			<item> *print-length* </item>
			<item> *print-level* </item>
			<item> *print-meta* </item>
			<item> *print-readably* </item>
			<item> *read-eval* </item>
			<item> *report-counters* </item>
			<item> *sb* </item>
			<item> *source-path* </item>
			<item> *stack* </item>
			<item> *stack-trace-depth* </item>
			<item> *state* </item>
			<item> *testing-contexts* </item>
			<item> *testing-vars* </item>
			<item> *test-out* </item>
			<item> *use-context-classloader* </item>
			<item> *warn-on-reflection* </item>
		</list>
		<list name="keywords">
			<item> &lt; </item>
			<item> &lt;= </item>
			<item> = </item>
			<item> == </item>
			<item> &gt; </item>
			<item> &gt;= </item>
			<item> - </item>
			<item> -&gt; </item>
			<item> -&gt;&gt; </item>
			<item> / </item>
			<item> . </item>
			<item> .. </item>
			<item> * </item>
			<item> + </item>
			<item> accessor </item>
			<item> aclone </item>
			<item> add-classpath </item>
			<item> add-watcher </item>
			<item> agent </item>
			<item> agent-errors </item>
			<item> aget </item>
			<item> alength </item>
			<item> alias </item>
			<item> all-ns </item>
			<item> alter </item>
			<item> alter-meta! </item>
			<item> alter-var-root </item>
			<item> amap </item>
			<item> ancestors </item>
			<item> and </item>
			<item> append-child </item>
			<item> apply </item>
			<item> apply-template </item>
			<item> are </item>
			<item> areduce </item>
			<item> array-map </item>
			<item> aset </item>
			<item> aset-boolean </item>
			<item> aset-byte </item>
			<item> aset-char </item>
			<item> aset-double </item>
			<item> aset-float </item>
			<item> aset-int </item>
			<item> aset-long </item>
			<item> aset-short </item>
			<item> assert </item>
			<item> assert-any </item>
			<item> assert-expr </item>
			<item> assert-predicate </item>
			<item> assoc </item>
			<item> assoc! </item>
			<item> associative? </item>
			<item> assoc-in </item>
			<item> atom </item>
			<item> atom? </item>
			<item> attrs </item>
			<item> await </item>
			<item> await1 </item>
			<item> await-for </item>
			<item> bases </item>
			<item> bean </item>
			<item> bigdec </item>
			<item> bigint </item>
			<item> binding </item>
			<item> bit-and </item>
			<item> bit-and-not </item>
			<item> bit-clear </item>
			<item> bit-flip </item>
			<item> bit-not </item>
			<item> bit-or </item>
			<item> bit-set </item>
			<item> bit-shift-left </item>
			<item> bit-shift-right </item>
			<item> bit-test </item>
			<item> bit-xor </item>
			<item> boolean </item>
			<item> boolean-array </item>
			<item> booleans </item>
			<item> bound-fn </item>
			<item> bound-fn* </item>
			<item> branch? </item>
			<item> butlast </item>
			<item> byte </item>
			<item> byte-array </item>
			<item> bytes </item>
			<item> case </item>
			<item> cast </item>
			<item> catch </item>
			<item> char </item>
			<item> char? </item>
			<item> char-array </item>
			<item> char-escape-string </item>
			<item> char-name-string </item>
			<item> chars </item>
			<item> children </item>
			<item> chunk </item>
			<item> chunk-append </item>
			<item> chunk-buffer </item>
			<item> chunk-cons </item>
			<item> chunked-seq? </item>
			<item> chunk-first </item>
			<item> chunk-next </item>
			<item> chunk-rest </item>
			<item> class </item>
			<item> class? </item>
			<item> clear-agent-errors </item>
			<item> clojure-version </item>
			<item> coll? </item>
			<item> collection-tag </item>
			<item> comment </item>
			<item> commute </item>
			<item> comp </item>
			<item> comparator </item>
			<item> compare </item>
			<item> compare-and-set! </item>
			<item> compile </item>
			<item> complement </item>
			<item> compose-fixtures </item>
			<item> concat </item>
			<item> cond </item>
			<item> condp </item>
			<item> conj </item>
			<item> conj! </item>
			<item> cons </item>
			<item> constantly </item>
			<item> construct-proxy </item>
			<item> contains? </item>
			<item> content </item>
			<item> content-handler </item>
			<item> count </item>
			<item> counted? </item>
			<item> create-ns </item>
			<item> create-struct </item>
			<item> cycle </item>
			<item> dec </item>
			<item> decimal? </item>
			<item> declare </item>
			<item> delay </item>
			<item> delay? </item>
			<item> deliver </item>
			<item> deref </item>
			<item> derive </item>
			<item> descendants </item>
			<item> destructure </item>
			<item> difference </item>
			<item> disj </item>
			<item> disj! </item>
			<item> dissoc </item>
			<item> dissoc! </item>
			<item> distinct </item>
			<item> distinct? </item>
			<item> do </item>
			<item> doall </item>
			<item> doc </item>
			<item> dorun </item>
			<item> doseq </item>
			<item> dosync </item>
			<item> do-template </item>
			<item> dotimes </item>
			<item> doto </item>
			<item> double </item>
			<item> double-array </item>
			<item> doubles </item>
			<item> down </item>
			<item> drop </item>
			<item> drop-last </item>
			<item> drop-while </item>
			<item> e </item>
			<item> edit </item>
			<item> element </item>
			<item> emit </item>
			<item> emit-element </item>
			<item> empty </item>
			<item> empty? </item>
			<item> end? </item>
			<item> ensure </item>
			<item> enumeration-seq </item>
			<item> eval </item>
			<item> even? </item>
			<item> every? </item>
			<item> extend </item>
			<item> extenders </item>
			<item> extend-protocol </item>
			<item> extends? </item>
			<item> extend-type </item>
			<item> false? </item>
			<item> ffirst </item>
			<item> file-position </item>
			<item> file-seq </item>
			<item> filter </item>
			<item> finally </item>
			<item> find </item>
			<item> find-doc </item>
			<item> find-ns </item>
			<item> find-var </item>
			<item> first </item>
			<item> float </item>
			<item> float? </item>
			<item> float-array </item>
			<item> floats </item>
			<item> flush </item>
			<item> fn </item>
			<item> fn? </item>
			<item> fnext </item>
			<item> for </item>
			<item> force </item>
			<item> format </item>
			<item> function? </item>
			<item> future </item>
			<item> future? </item>
			<item> future-call </item>
			<item> future-cancel </item>
			<item> future-cancelled? </item>
			<item> future-done? </item>
			<item> gen-and-load-class </item>
			<item> gen-and-save-class </item>
			<item> gen-class </item>
			<item> gen-interface </item>
			<item> gensym </item>
			<item> get </item>
			<item> get-child </item>
			<item> get-child-count </item>
			<item> get-in </item>
			<item> get-method </item>
			<item> get-possibly-unbound-var </item>
			<item> get-proxy-class </item>
			<item> get-thread-bindings </item>
			<item> get-validator </item>
			<item> handle </item>
			<item> handler-case </item>
			<item> hash </item>
			<item> hash-map </item>
			<item> hash-set </item>
			<item> identical? </item>
			<item> identity </item>
			<item> if </item>
			<item> if-let </item>
			<item> ifn? </item>
			<item> if-not </item>
			<item> import </item>
			<item> inc </item>
			<item> inc-report-counter </item>
			<item> index </item>
			<item> init-proxy </item>
			<item> in-ns </item>
			<item> insert-child </item>
			<item> insert-left </item>
			<item> insert-right </item>
			<item> inspect </item>
			<item> inspect-table </item>
			<item> inspect-tree </item>
			<item> instance? </item>
			<item> int </item>
			<item> int-array </item>
			<item> integer? </item>
			<item> interleave </item>
			<item> intern </item>
			<item> interpose </item>
			<item> intersection </item>
			<item> into </item>
			<item> into-array </item>
			<item> ints </item>
			<item> io! </item>
			<item> is </item>
			<item> isa? </item>
			<item> is-leaf </item>
			<item> iterate </item>
			<item> iterator-seq </item>
			<item> join </item>
			<item> join-fixtures </item>
			<item> juxt </item>
			<item> key </item>
			<item> keys </item>
			<item> keyword </item>
			<item> keyword? </item>
			<item> keywordize-keys </item>
			<item> last </item>
			<item> lazy-cat </item>
			<item> lazy-seq </item>
			<item> left </item>
			<item> leftmost </item>
			<item> lefts </item>
			<item> let </item>
			<item> letfn </item>
			<item> line-seq </item>
			<item> list </item>
			<item> list* </item>
			<item> list? </item>
			<item> list-model </item>
			<item> list-provider </item>
			<item> load </item>
			<item> loaded-libs </item>
			<item> load-file </item>
			<item> load-reader </item>
			<item> load-script </item>
			<item> load-string </item>
			<item> locking </item>
			<item> long </item>
			<item> long-array </item>
			<item> longs </item>
			<item> loop </item>
			<item> macroexpand </item>
			<item> macroexpand-1 </item>
			<item> macroexpand-all </item>
			<item> main </item>
			<item> make-array </item>
			<item> make-hierarchy </item>
			<item> make-node </item>
			<item> map </item>
			<item> map? </item>
			<item> mapcat </item>
			<item> map-invert </item>
			<item> max </item>
			<item> max-key </item>
			<item> memfn </item>
			<item> memoize </item>
			<item> merge </item>
			<item> merge-with </item>
			<item> meta </item>
			<item> methods </item>
			<item> method-sig </item>
			<item> min </item>
			<item> min-key </item>
			<item> mod </item>
			<item> name </item>
			<item> namespace </item>
			<item> neg? </item>
			<item> newline </item>
			<item> next </item>
			<item> nfirst </item>
			<item> nil? </item>
			<item> nnext </item>
			<item> node </item>
			<item> not </item>
			<item> not= </item>
			<item> not-any? </item>
			<item> not-empty </item>
			<item> not-every? </item>
			<item> ns </item>
			<item> ns-aliases </item>
			<item> ns-imports </item>
			<item> ns-interns </item>
			<item> ns-map </item>
			<item> ns-name </item>
			<item> ns-publics </item>
			<item> ns-refers </item>
			<item> ns-resolve </item>
			<item> ns-unalias </item>
			<item> ns-unmap </item>
			<item> nth </item>
			<item> nthnext </item>
			<item> num </item>
			<item> number? </item>
			<item> odd? </item>
			<item> or </item>
			<item> parents </item>
			<item> partial </item>
			<item> partition </item>
			<item> path </item>
			<item> pcalls </item>
			<item> peek </item>
			<item> persistent! </item>
			<item> pmap </item>
			<item> pop </item>
			<item> pop! </item>
			<item> pop-thread-bindings </item>
			<item> pos? </item>
			<item> postwalk </item>
			<item> postwalk-demo </item>
			<item> postwalk-replace </item>
			<item> pr </item>
			<item> prefer-method </item>
			<item> prefers </item>
			<item> prev </item>
			<item> prewalk </item>
			<item> prewalk-demo </item>
			<item> prewalk-replace </item>
			<item> primitives-classnames </item>
			<item> print </item>
			<item> print-cause-trace </item>
			<item> print-ctor </item>
			<item> print-doc </item>
			<item> print-dup </item>
			<item> printf </item>
			<item> println </item>
			<item> println-str </item>
			<item> print-method </item>
			<item> print-namespace-doc </item>
			<item> print-simple </item>
			<item> print-special-doc </item>
			<item> print-stack-trace </item>
			<item> print-str </item>
			<item> print-throwable </item>
			<item> print-trace-element </item>
			<item> prn </item>
			<item> prn-str </item>
			<item> project </item>
			<item> promise </item>
			<item> proxy </item>
			<item> proxy-call-with-super </item>
			<item> proxy-mappings </item>
			<item> proxy-name </item>
			<item> proxy-super </item>
			<item> pr-str </item>
			<item> push-thread-bindings </item>
			<item> pvalues </item>
			<item> quot </item>
			<item> rand </item>
			<item> rand-int </item>
			<item> range </item>
			<item> ratio? </item>
			<item> rational? </item>
			<item> rationalize </item>
			<item> read </item>
			<item> read-line </item>
			<item> read-string </item>
			<item> recur </item>
			<item> reduce </item>
			<item> ref </item>
			<item> refer </item>
			<item> refer-clojure </item>
			<item> ref-history-count </item>
			<item> re-find </item>
			<item> ref-max-history </item>
			<item> ref-min-history </item>
			<item> ref-set </item>
			<item> re-groups </item>
			<item> reify </item>
			<item> release-pending-sends </item>
			<item> rem </item>
			<item> re-matcher </item>
			<item> re-matches </item>
			<item> remove </item>
			<item> remove-method </item>
			<item> remove-ns </item>
			<item> remove-watcher </item>
			<item> rename </item>
			<item> rename-keys </item>
			<item> re-pattern </item>
			<item> repeat </item>
			<item> repeatedly </item>
			<item> repl </item>
			<item> replace </item>
			<item> repl-caught </item>
			<item> repl-exception </item>
			<item> replicate </item>
			<item> repl-prompt </item>
			<item> repl-read </item>
			<item> report </item>
			<item> require </item>
			<item> re-seq </item>
			<item> reset! </item>
			<item> reset-meta! </item>
			<item> resolve </item>
			<item> rest </item>
			<item> resultset-seq </item>
			<item> reverse </item>
			<item> reversible? </item>
			<item> right </item>
			<item> rightmost </item>
			<item> rights </item>
			<item> root </item>
			<item> rseq </item>
			<item> rsubseq </item>
			<item> run-all-tests </item>
			<item> run-tests </item>
			<item> satisfies? </item>
			<item> second </item>
			<item> select </item>
			<item> select-keys </item>
			<item> send </item>
			<item> send-off </item>
			<item> seq </item>
			<item> seq? </item>
			<item> seque </item>
			<item> sequence </item>
			<item> sequential? </item>
			<item> seq-zip </item>
			<item> set </item>
			<item> set? </item>
			<item> set-test </item>
			<item> set-validator! </item>
			<item> short </item>
			<item> short-array </item>
			<item> shorts </item>
			<item> shutdown-agents </item>
			<item> skip-if-eol </item>
			<item> skip-whitespace </item>
			<item> slurp </item>
			<item> some </item>
			<item> sort </item>
			<item> sort-by </item>
			<item> sorted? </item>
			<item> sorted-map </item>
			<item> sorted-map-by </item>
			<item> sorted-set </item>
			<item> sorted-set-by </item>
			<item> special-form-anchor </item>
			<item> special-symbol? </item>
			<item> split-at </item>
			<item> split-with </item>
			<item> str </item>
			<item> stream? </item>
			<item> string? </item>
			<item> stringify-keys </item>
			<item> struct </item>
			<item> struct-map </item>
			<item> subs </item>
			<item> subseq </item>
			<item> subvec </item>
			<item> successful? </item>
			<item> supers </item>
			<item> swap! </item>
			<item> symbol </item>
			<item> symbol? </item>
			<item> sync </item>
			<item> syntax-symbol-anchor </item>
			<item> take </item>
			<item> take-last </item>
			<item> take-nth </item>
			<item> take-while </item>
			<item> test </item>
			<item> test-all-vars </item>
			<item> testing </item>
			<item> testing-contexts-str </item>
			<item> testing-vars-str </item>
			<item> test-ns </item>
			<item> test-var </item>
			<item> the-ns </item>
			<item> throw </item>
			<item> time </item>
			<item> to-array </item>
			<item> to-array-2d </item>
			<item> trampoline </item>
			<item> transient </item>
			<item> tree-seq </item>
			<item> true? </item>
			<item> try </item>
			<item> try-expr </item>
			<item> type </item>
			<item> unchecked-add </item>
			<item> unchecked-dec </item>
			<item> unchecked-divide </item>
			<item> unchecked-inc </item>
			<item> unchecked-multiply </item>
			<item> unchecked-negate </item>
			<item> unchecked-remainder </item>
			<item> unchecked-subtract </item>
			<item> underive </item>
			<item> unimport </item>
			<item> union </item>
			<item> unquote </item>
			<item> unquote-splicing </item>
			<item> up </item>
			<item> update-in </item>
			<item> update-proxy </item>
			<item> use </item>
			<item> use-fixtures </item>
			<item> val </item>
			<item> vals </item>
			<item> var? </item>
			<item> var-get </item>
			<item> var-set </item>
			<item> vary-meta </item>
			<item> vec </item>
			<item> vector </item>
			<item> vector? </item>
			<item> walk </item>
			<item> when </item>
			<item> when-first </item>
			<item> when-let </item>
			<item> when-not </item>
			<item> while </item>
			<item> with-bindings </item>
			<item> with-bindings* </item>
			<item> with-in-str </item>
			<item> with-loading-context </item>
			<item> with-local-vars </item>
			<item> with-meta </item>
			<item> with-open </item>
			<item> with-out-str </item>
			<item> with-precision </item>
			<item> with-test </item>
			<item> with-test-out </item>
			<item> xml-seq </item>
			<item> zero? </item>
		</list>
		<list name="definitions">
			<item> def </item>
			<item> def- </item>
			<item> defalias </item>
			<item> defhinted </item>
			<item> definline </item>
			<item> defmacro </item>
			<item> defmacro- </item>
			<item> defmethod </item>
			<item> defmulti </item>
			<item> defn </item>
			<item> defn- </item>
			<item> defnk </item>
			<item> defn-memo </item>
			<item> defonce </item>
			<item> defonce- </item>
			<item> defprotocol </item>
			<item> defrecord </item>
			<item> defstruct </item>
			<item> defstruct- </item>
			<item> deftest </item>
			<item> deftest- </item>
			<item> deftype </item>
			<item> defunbound </item>
			<item> defunbound- </item>
			<item> defvar </item>
			<item> defvar- </item>
		</list>
	</highlighting>
	<general>
		<keywords casesensitive="1" weakDeliminator="-+*?!&lt;&gt;=/:#\" />
		<comments>
			<comment name="singleLine" start=";;" />
		</comments>
	</general>
</language>
