<?xml version="1.0" encoding="UTF-8"?>
<!-- read from /usr/share/katepart5/syntax/component-pascal.xml at 26/06/15 21:52:45 CEST -->
<language author="Werner Braun (wb@o3-software.de)" extensions="*.cp;*.bro" kateversion="2.3" license="" mimetype="text/x-component-pascal" name="Component-Pascal" section="Sources" version="1.05">
	<highlighting>
		<contexts>
			<context attribute="Normal Text" lineEndContext="#stay" name="Normal">
				<StringDetect String="(**" attribute="CommentMaior" beginRegion="Comment" context="Comment1" />
				<Detect2Chars attribute="CommentMinor" beginRegion="Comment" char="(" char1="*" context="Comment2" />
				<DetectChar attribute="String" char="&quot;" context="String1" />
				<DetectChar attribute="String" char="'" context="String2" />
				<RegExpr String="PROCEDURE\s" attribute="Keyword" beginRegion="Proc" context="#stay" />
				<RegExpr String="ABSTRACT;|EMPTY;|END\s*[A-Za-z][A-Za-z0-9_]*\;" attribute="Normal Text" context="#stay" endRegion="Proc" />
				<RegExpr String="RECORD" attribute="Type" beginRegion="Rec" context="#stay" />
				<RegExpr String="END" attribute="Keyword" context="#stay" endRegion="Rec" />
				<StringDetect String="NEW" attribute="MemAlloc" context="#stay" />
				<keyword String="keywords" attribute="Keyword" context="#stay" />
				<keyword String="exits" attribute="Exit" context="#stay" />
				<keyword String="types" attribute="Type" context="#stay" />
				<keyword String="attributes" attribute="Attribute" context="#stay" />
				<keyword String="builtins" attribute="Builtin" context="#stay" />
				<keyword String="specials" attribute="SpecialValues" context="#stay" />
				<RegExpr String="\s[\+|\-]{0,1}[0-9]([0-9]*|[0-9A-F]*(H|L))" attribute="Integer" context="#stay" />
				<Float attribute="Float" context="#stay" />
				<RegExpr String="\s[0-9][0-9A-F]*X" attribute="Char" context="#stay" />
				<RegExpr String="[A-Za-z][A-Za-z0-9_]*\*" attribute="ExportFull" context="#stay" />
				<RegExpr String="[A-Za-z][A-Za-z0-9_]*\-" attribute="ExportReadOnly" context="#stay" />
				<RegExpr String="\s(=|#|&lt;|&lt;=|&gt;|&gt;=|IN\s|IS)" attribute="Relation" context="#stay" />
				<RegExpr String="\s(\+|\-|OR|\*|/|DIV|MOD|\&amp;)" attribute="Operator" context="#stay" />
			</context>
			<context attribute="CommentMaior" lineEndContext="#stay" name="Comment1">
				<Detect2Chars attribute="CommentMaior" char="*" char1=")" context="#pop" endRegion="Comment" />
				<Detect2Chars attribute="CommentMinor" char="(" char1="*" context="CommentN" />
			</context>
			<context attribute="CommentMinor" lineEndContext="#stay" name="Comment2">
				<Detect2Chars attribute="CommentMinor" char="*" char1=")" context="#pop" endRegion="Comment" />
				<Detect2Chars attribute="CommentMinor" char="(" char1="*" context="CommentN" />
			</context>
			<context attribute="CommentMinor" lineEndContext="#stay" name="CommentN">
				<Detect2Chars attribute="CommentMinor" char="*" char1=")" context="#pop" />
				<Detect2Chars attribute="CommentMinor" char="(" char1="*" context="CommentN2" />
			</context>
			<context attribute="CommentMinor" lineEndContext="#stay" name="CommentN2">
				<Detect2Chars attribute="CommentMinor" char="*" char1=")" context="#pop" />
			</context>
			<context attribute="String" lineEndContext="#stay" name="String1">
				<DetectChar attribute="String" char="&quot;" context="#pop" />
			</context>
			<context attribute="String" lineEndContext="#stay" name="String2">
				<DetectChar attribute="String" char="'" context="#pop" />
			</context>
		</contexts>
		<itemDatas>
			<itemData defStyleNum="dsNormal" name="Normal Text" />
			<itemData defStyleNum="dsComment" name="CommentMaior" />
			<itemData defStyleNum="dsComment" name="CommentMinor" />
			<itemData defStyleNum="dsString" name="String" />
			<itemData defStyleNum="dsKeyword" name="Keyword" />
			<itemData defStyleNum="dsKeyword" name="MemAlloc" />
			<itemData defStyleNum="dsKeyword" name="Exit" />
			<itemData defStyleNum="dsDataType" name="Type" />
			<itemData defStyleNum="dsOthers" name="Attribute" />
			<itemData defStyleNum="dsNormal" name="Builtin" />
			<itemData defStyleNum="dsBaseN" name="Integer" />
			<itemData defStyleNum="dsFloat" name="Float" />
			<itemData defStyleNum="dsChar" name="Char" />
			<itemData defStyleNum="dsDecVal" name="SpecialValues" />
			<itemData defStyleNum="dsOthers" name="ExportFull" />
			<itemData defStyleNum="dsOthers" name="ExportReadOnly" />
			<itemData defStyleNum="dsNormal" name="Relation" />
			<itemData defStyleNum="dsNormal" name="Operator" />
		</itemDatas>
		<list name="builtins">
			<item> ABS </item>
			<item> ASH </item>
			<item> BITS </item>
			<item> CAP </item>
			<item> CHR </item>
			<item> DEC </item>
			<item> ENTIER </item>
			<item> EXCL </item>
			<item> INC </item>
			<item> INCL </item>
			<item> LEN </item>
			<item> LONG </item>
			<item> MAX </item>
			<item> MIN </item>
			<item> ODD </item>
			<item> ORD </item>
			<item> SHORT </item>
			<item> SIZE </item>
		</list>
		<list name="exits">
			<item> ASSERT </item>
			<item> EXIT </item>
			<item> HALT </item>
			<item> RETURN </item>
		</list>
		<list name="types">
			<item> ANYPTR </item>
			<item> ANYREC </item>
			<item> ARRAY </item>
			<item> BOOLEAN </item>
			<item> SHORTCHAR </item>
			<item> CHAR </item>
			<item> BYTE </item>
			<item> SHORTINT </item>
			<item> INTEGER </item>
			<item> LONGINT </item>
			<item> POINTER </item>
			<item> RECORD </item>
			<item> SHORTREAL </item>
			<item> REAL </item>
			<item> SET </item>
		</list>
		<list name="keywords">
			<item> BEGIN </item>
			<item> BY </item>
			<item> CASE </item>
			<item> CLOSE </item>
			<item> CONST </item>
			<item> DO </item>
			<item> ELSE </item>
			<item> ELSIF </item>
			<item> END </item>
			<item> FOR </item>
			<item> IF </item>
			<item> IMPORT </item>
			<item> LOOP </item>
			<item> MODULE </item>
			<item> NEW </item>
			<item> OF </item>
			<item> OUT </item>
			<item> PROCEDURE </item>
			<item> REPEAT </item>
			<item> THEN </item>
			<item> TO </item>
			<item> TYPE </item>
			<item> UNTIL </item>
			<item> VAR </item>
			<item> WHILE </item>
			<item> WITH </item>
		</list>
		<list name="specials">
			<item> FALSE </item>
			<item> INF </item>
			<item> NIL </item>
			<item> TRUE </item>
		</list>
		<list name="attributes">
			<item> ABSTRACT </item>
			<item> EMPTY </item>
			<item> EXTENSIBLE </item>
			<item> LIMITED </item>
		</list>
	</highlighting>
	<general>
		<keywords casesensitive="1" />
		<comments>
			<comment end="*)" name="multiLine" start="(*" />
		</comments>
	</general>
</language>
