<?xml version="1.0" encoding="UTF-8"?>
<!-- read from /usr/share/katepart5/syntax/cpp.xml at 26/09/15 17:36:25 CEST -->
<language author="Alex Turbov (i.zaufi@gmail.com)" extensions="*.c++;*.cxx;*.cpp;*.cc;*.C;*.h;*.hh;*.H;*.h++;*.hxx;*.hpp;*.hcc;*.moc" indenter="cstyle" kateversion="3.4" license="LGPL" mimetype="text/x-c++src;text/x-c++hdr;text/x-chdr" name="C++" priority="9" section="Sources" style="C++" version="1.9">
	<highlighting>
		<contexts>
			<context attribute="Normal Text" lineEndContext="#stay" name="Normal">
				<IncludeRules context="DetectQt4Extensions" />
				<IncludeRules context="##ISO C++" />
			</context>
			<context attribute="Normal Text" lineEndContext="#stay" name="DetectQt4Extensions">
				<keyword String="Qt4Types" attribute="Qt4 Types" context="#stay" />
				<keyword String="Qt4Classes" attribute="Qt4 Classes" context="QtClassMember" />
				<keyword String="Qt4Func" attribute="Qt4 Functions" context="#stay" />
				<keyword String="Qt4Macros" attribute="Qt4 Macros" context="#stay" />
			</context>
			<context attribute="Qt4 Classes" lineEndContext="#pop" name="QtClassMember">
				<IncludeRules context="DetectNSEnd" />
			</context>
			<context attribute="Normal Text" lineEndContext="#pop" name="DetectNSEnd">
				<DetectIdentifier context="#stay" />
				<AnyChar String="!% &amp;()+-/.*&lt;=&gt;?[]{|}~^,;" context="#pop" lookAhead="true" />
				<AnyChar String=" " context="#stay" lookAhead="true" />
			</context>
		</contexts>
		<itemDatas>
			<itemData defStyleNum="dsNormal" name="Normal Text" spellChecking="false" />
			<itemData name="Qt4 Macros" defStyleNum="dsPreprocessor" />
			<itemData defStyleNum="dsDataType" name="Qt4 Types" spellChecking="false" />
			<itemData defStyleNum="dsOthers" name="Qt4 Classes" spellChecking="false" />
			<itemData defStyleNum="dsFunction" name="Qt4 Functions" spellChecking="false" />
		</itemDatas>
		<list name="Qt4Classes">
			<item> QAbstractAnimation </item>
			<item> QAbstractButton </item>
			<item> QAbstractEventDispatcher </item>
			<item> QAbstractExtensionFactory </item>
			<item> QAbstractExtensionManager </item>
			<item> QAbstractFileEngine </item>
			<item> QAbstractFileEngineHandler </item>
			<item> QAbstractFileEngineIterator </item>
			<item> QAbstractFontEngine </item>
			<item> QAbstractFormBuilder </item>
			<item> QAbstractGraphicsShapeItem </item>
			<item> QAbstractItemDelegate </item>
			<item> QAbstractItemModel </item>
			<item> QAbstractItemView </item>
			<item> QAbstractListModel </item>
			<item> QAbstractMessageHandler </item>
			<item> QAbstractNetworkCache </item>
			<item> QAbstractPrintDialog </item>
			<item> QAbstractProxyModel </item>
			<item> QAbstractScrollArea </item>
			<item> QAbstractSlider </item>
			<item> QAbstractSocket </item>
			<item> QAbstractSpinBox </item>
			<item> QAbstractState </item>
			<item> QAbstractTableModel </item>
			<item> QAbstractTextDocumentLayout </item>
			<item> QAbstractTransition </item>
			<item> QAbstractUriResolver </item>
			<item> QAbstractVideoBuffer </item>
			<item> QAbstractVideoSurface </item>
			<item> QAbstractXmlNodeModel </item>
			<item> QAbstractXmlReceiver </item>
			<item> QAccessible </item>
			<item> QAccessibleBridge </item>
			<item> QAccessibleBridgePlugin </item>
			<item> QAccessibleEvent </item>
			<item> QAccessibleInterface </item>
			<item> QAccessibleObject </item>
			<item> QAccessiblePlugin </item>
			<item> QAccessibleWidget </item>
			<item> QAction </item>
			<item> QActionEvent </item>
			<item> QActionGroup </item>
			<item> QAnimationGroup </item>
			<item> QApplication </item>
			<item> QAtomicInt </item>
			<item> QAtomicPointer </item>
			<item> QAudioDeviceInfo </item>
			<item> QAudioFormat </item>
			<item> QAudioInput </item>
			<item> QAudioOutput </item>
			<item> QAuthenticator </item>
			<item> QAxAggregated </item>
			<item> QAxBase </item>
			<item> QAxBindable </item>
			<item> QAxFactory </item>
			<item> QAxObject </item>
			<item> QAxScript </item>
			<item> QAxScriptEngine </item>
			<item> QAxScriptManager </item>
			<item> QAxWidget </item>
			<item> QBasicTimer </item>
			<item> QBitArray </item>
			<item> QBitmap </item>
			<item> QBoxLayout </item>
			<item> QBool </item>
			<item> QBrush </item>
			<item> QBuffer </item>
			<item> QButtonGroup </item>
			<item> QByteArray </item>
			<item> QByteArrayMatcher </item>
			<item> QCache </item>
			<item> QCalendarWidget </item>
			<item> QCDEStyle </item>
			<item> QChar </item>
			<item> QCheckBox </item>
			<item> QChildEvent </item>
			<item> QCleanlooksStyle </item>
			<item> QClipboard </item>
			<item> QCloseEvent </item>
			<item> QColor </item>
			<item> QColorDialog </item>
			<item> QColormap </item>
			<item> QColumnView </item>
			<item> QComboBox </item>
			<item> QCommandLinkButton </item>
			<item> QCommonStyle </item>
			<item> QCompleter </item>
			<item> QConicalGradient </item>
			<item> QContextMenuEvent </item>
			<item> QContiguousCache </item>
			<item> QCopChannel </item>
			<item> QCoreApplication </item>
			<item> QCryptographicHash </item>
			<item> QCursor </item>
			<item> QCustomRasterPaintDevice </item>
			<item> QDataStream </item>
			<item> QDataWidgetMapper </item>
			<item> QDate </item>
			<item> QDateEdit </item>
			<item> QDateTime </item>
			<item> QDateTimeEdit </item>
			<item> QDBusAbstractAdaptor </item>
			<item> QDBusAbstractInterface </item>
			<item> QDBusArgument </item>
			<item> QDBusConnection </item>
			<item> QDBusConnectionInterface </item>
			<item> QDBusContext </item>
			<item> QDBusError </item>
			<item> QDBusInterface </item>
			<item> QDBusMessage </item>
			<item> QDBusObjectPath </item>
			<item> QDBusPendingCall </item>
			<item> QDBusPendingCallWatcher </item>
			<item> QDBusPendingReply </item>
			<item> QDBusReply </item>
			<item> QDBusServiceWatcher </item>
			<item> QDBusSignature </item>
			<item> QDBusUnixFileDescriptor </item>
			<item> QDBusVariant </item>
			<item> QDebug </item>
			<item> QDeclarativeComponent </item>
			<item> QDeclarativeContext </item>
			<item> QDeclarativeEngine </item>
			<item> QDeclarativeError </item>
			<item> QDeclarativeExpression </item>
			<item> QDeclarativeExtensionPlugin </item>
			<item> QDeclarativeImageProvider </item>
			<item> QDeclarativeItem </item>
			<item> QDeclarativeListProperty </item>
			<item> QDeclarativeListReference </item>
			<item> QDeclarativeNetworkAccessManagerFactory </item>
			<item> QDeclarativeParserStatus </item>
			<item> QDeclarativeProperty </item>
			<item> QDeclarativePropertyMap </item>
			<item> QDeclarativePropertyValueSource </item>
			<item> QDeclarativeScriptString </item>
			<item> QDeclarativeView </item>
			<item> QDecoration </item>
			<item> QDecorationDefault </item>
			<item> QDecorationFactory </item>
			<item> QDecorationPlugin </item>
			<item> QDesignerActionEditorInterface </item>
			<item> QDesignerContainerExtension </item>
			<item> QDesignerCustomWidgetCollectionInterface </item>
			<item> QDesignerCustomWidgetInterface </item>
			<item> QDesignerDynamicPropertySheetExtension </item>
			<item> QDesignerFormEditorInterface </item>
			<item> QDesignerFormWindowCursorInterface </item>
			<item> QDesignerFormWindowInterface </item>
			<item> QDesignerFormWindowManagerInterface </item>
			<item> QDesignerMemberSheetExtension </item>
			<item> QDesignerObjectInspectorInterface </item>
			<item> QDesignerPropertyEditorInterface </item>
			<item> QDesignerPropertySheetExtension </item>
			<item> QDesignerTaskMenuExtension </item>
			<item> QDesignerWidgetBoxInterface </item>
			<item> QDesktopServices </item>
			<item> QDesktopWidget </item>
			<item> QDial </item>
			<item> QDialog </item>
			<item> QDialogButtonBox </item>
			<item> QDir </item>
			<item> QDirectPainter </item>
			<item> QDirIterator </item>
			<item> QDockWidget </item>
			<item> QDomAttr </item>
			<item> QDomCDATASection </item>
			<item> QDomCharacterData </item>
			<item> QDomComment </item>
			<item> QDomDocument </item>
			<item> QDomDocumentFragment </item>
			<item> QDomDocumentType </item>
			<item> QDomElement </item>
			<item> QDomEntity </item>
			<item> QDomEntityReference </item>
			<item> QDomImplementation </item>
			<item> QDomNamedNodeMap </item>
			<item> QDomNode </item>
			<item> QDomNodeList </item>
			<item> QDomNotation </item>
			<item> QDomProcessingInstruction </item>
			<item> QDomText </item>
			<item> QDoubleSpinBox </item>
			<item> QDoubleValidator </item>
			<item> QDrag </item>
			<item> QDragEnterEvent </item>
			<item> QDragLeaveEvent </item>
			<item> QDragMoveEvent </item>
			<item> QDropEvent </item>
			<item> QDynamicPropertyChangeEvent </item>
			<item> QEasingCurve </item>
			<item> QElapsedTimer </item>
			<item> QErrorMessage </item>
			<item> QEvent </item>
			<item> QEventLoop </item>
			<item> QEventTransition </item>
			<item> QExplicitlySharedDataPointer </item>
			<item> QExtensionFactory </item>
			<item> QExtensionManager </item>
			<item> QFile </item>
			<item> QFileDialog </item>
			<item> QFileIconProvider </item>
			<item> QFileInfo </item>
			<item> QFileOpenEvent </item>
			<item> QFileSystemModel </item>
			<item> QFileSystemWatcher </item>
			<item> QFinalState </item>
			<item> QFlag </item>
			<item> QFlags </item>
			<item> QFocusEvent </item>
			<item> QFocusFrame </item>
			<item> QFont </item>
			<item> QFontComboBox </item>
			<item> QFontDatabase </item>
			<item> QFontDialog </item>
			<item> QFontEngineInfo </item>
			<item> QFontEnginePlugin </item>
			<item> QFontInfo </item>
			<item> QFontMetrics </item>
			<item> QFontMetricsF </item>
			<item> QFormBuilder </item>
			<item> QFormLayout </item>
			<item> QFrame </item>
			<item> QFSFileEngine </item>
			<item> QFtp </item>
			<item> QFuture </item>
			<item> QFutureIterator </item>
			<item> QFutureSynchronizer </item>
			<item> QFutureWatcher </item>
			<item> QGenericArgument </item>
			<item> QGenericMatrix </item>
			<item> QGenericPlugin </item>
			<item> QGenericPluginFactory </item>
			<item> QGenericReturnArgument </item>
			<item> QGesture </item>
			<item> QGestureEvent </item>
			<item> QGestureRecognizer </item>
			<item> QGLBuffer </item>
			<item> QGLColormap </item>
			<item> QGLContext </item>
			<item> QGLFormat </item>
			<item> QGLFramebufferObject </item>
			<item> QGLFramebufferObjectFormat </item>
			<item> QGLFunctions </item>
			<item> QGLPixelBuffer </item>
			<item> QGLShader </item>
			<item> QGLShaderProgram </item>
			<item> QGLWidget </item>
			<item> QGlyphRun </item>
			<item> QGradient </item>
			<item> QGraphicsAnchor </item>
			<item> QGraphicsAnchorLayout </item>
			<item> QGraphicsBlurEffect </item>
			<item> QGraphicsColorizeEffect </item>
			<item> QGraphicsDropShadowEffect </item>
			<item> QGraphicsEffect </item>
			<item> QGraphicsEllipseItem </item>
			<item> QGraphicsGridLayout </item>
			<item> QGraphicsItem </item>
			<item> QGraphicsItemAnimation </item>
			<item> QGraphicsItemGroup </item>
			<item> QGraphicsLayout </item>
			<item> QGraphicsLayoutItem </item>
			<item> QGraphicsLinearLayout </item>
			<item> QGraphicsLineItem </item>
			<item> QGraphicsObject </item>
			<item> QGraphicsOpacityEffect </item>
			<item> QGraphicsPathItem </item>
			<item> QGraphicsPixmapItem </item>
			<item> QGraphicsPolygonItem </item>
			<item> QGraphicsProxyWidget </item>
			<item> QGraphicsRectItem </item>
			<item> QGraphicsRotation </item>
			<item> QGraphicsScale </item>
			<item> QGraphicsScene </item>
			<item> QGraphicsSceneContextMenuEvent </item>
			<item> QGraphicsSceneDragDropEvent </item>
			<item> QGraphicsSceneEvent </item>
			<item> QGraphicsSceneHelpEvent </item>
			<item> QGraphicsSceneHoverEvent </item>
			<item> QGraphicsSceneMouseEvent </item>
			<item> QGraphicsSceneMoveEvent </item>
			<item> QGraphicsSceneResizeEvent </item>
			<item> QGraphicsSceneWheelEvent </item>
			<item> QGraphicsSimpleTextItem </item>
			<item> QGraphicsSvgItem </item>
			<item> QGraphicsTextItem </item>
			<item> QGraphicsTransform </item>
			<item> QGraphicsView </item>
			<item> QGraphicsWebView </item>
			<item> QGraphicsWidget </item>
			<item> QGridLayout </item>
			<item> QGroupBox </item>
			<item> QGtkStyle </item>
			<item> QHash </item>
			<item> QHashIterator </item>
			<item> QHBoxLayout </item>
			<item> QHeaderView </item>
			<item> QHelpContentItem </item>
			<item> QHelpContentModel </item>
			<item> QHelpContentWidget </item>
			<item> QHelpEngine </item>
			<item> QHelpEngineCore </item>
			<item> QHelpEvent </item>
			<item> QHelpIndexModel </item>
			<item> QHelpIndexWidget </item>
			<item> QHelpSearchEngine </item>
			<item> QHelpSearchQuery </item>
			<item> QHelpSearchQueryWidget </item>
			<item> QHelpSearchResultWidget </item>
			<item> QHideEvent </item>
			<item> QHistoryState </item>
			<item> QHostAddress </item>
			<item> QHostInfo </item>
			<item> QHoverEvent </item>
			<item> QHttpMultiPart </item>
			<item> QHttpPart </item>
			<item> QIcon </item>
			<item> QIconDragEvent </item>
			<item> QIconEngine </item>
			<item> QIconEnginePlugin </item>
			<item> QIconEnginePluginV2 </item>
			<item> QIconEngineV2 </item>
			<item> QIdentityProxyModel </item>
			<item> QImage </item>
			<item> QImageIOHandler </item>
			<item> QImageIOPlugin </item>
			<item> QImageReader </item>
			<item> QImageWriter </item>
			<item> QInputContext </item>
			<item> QInputContextFactory </item>
			<item> QInputContextPlugin </item>
			<item> QInputDialog </item>
			<item> QInputEvent </item>
			<item> QInputMethodEvent </item>
			<item> QIntValidator </item>
			<item> QIODevice </item>
			<item> QItemDelegate </item>
			<item> QItemEditorCreator </item>
			<item> QItemEditorCreatorBase </item>
			<item> QItemEditorFactory </item>
			<item> QItemSelection </item>
			<item> QItemSelectionModel </item>
			<item> QItemSelectionRange </item>
			<item> QKbdDriverFactory </item>
			<item> QKbdDriverPlugin </item>
			<item> QKeyEvent </item>
			<item> QKeyEventTransition </item>
			<item> QKeySequence </item>
			<item> QLabel </item>
			<item> QLatin1Char </item>
			<item> QLatin1String </item>
			<item> QLayout </item>
			<item> QLayoutItem </item>
			<item> QLCDNumber </item>
			<item> QLibrary </item>
			<item> QLibraryInfo </item>
			<item> QLine </item>
			<item> QLinearGradient </item>
			<item> QLineEdit </item>
			<item> QLineF </item>
			<item> QLinkedList </item>
			<item> QLinkedListIterator </item>
			<item> QList </item>
			<item> QListIterator </item>
			<item> QListView </item>
			<item> QListWidget </item>
			<item> QListWidgetItem </item>
			<item> QLocale </item>
			<item> QLocalServer </item>
			<item> QLocalSocket </item>
			<item> QMacCocoaViewContainer </item>
			<item> QMacNativeWidget </item>
			<item> QMacPasteboardMime </item>
			<item> QMacStyle </item>
			<item> QMainWindow </item>
			<item> QMap </item>
			<item> QMapIterator </item>
			<item> QMargins </item>
			<item> QMatrix4x4 </item>
			<item> QMdiArea </item>
			<item> QMdiSubWindow </item>
			<item> QMenu </item>
			<item> QMenuBar </item>
			<item> QMessageBox </item>
			<item> QMetaClassInfo </item>
			<item> QMetaEnum </item>
			<item> QMetaMethod </item>
			<item> QMetaObject </item>
			<item> QMetaProperty </item>
			<item> QMetaType </item>
			<item> QMimeData </item>
			<item> QModelIndex </item>
			<item> QMotifStyle </item>
			<item> QMouseDriverFactory </item>
			<item> QMouseDriverPlugin </item>
			<item> QMouseEvent </item>
			<item> QMouseEventTransition </item>
			<item> QMoveEvent </item>
			<item> QMovie </item>
			<item> QMultiHash </item>
			<item> QMultiMap </item>
			<item> QMutableHashIterator </item>
			<item> QMutableLinkedListIterator </item>
			<item> QMutableListIterator </item>
			<item> QMutableMapIterator </item>
			<item> QMutableSetIterator </item>
			<item> QMutableVectorIterator </item>
			<item> QMutex </item>
			<item> QMutexLocker </item>
			<item> QNetworkAccessManager </item>
			<item> QNetworkAddressEntry </item>
			<item> QNetworkCacheMetaData </item>
			<item> QNetworkConfiguration </item>
			<item> QNetworkConfigurationManager </item>
			<item> QNetworkCookie </item>
			<item> QNetworkCookieJar </item>
			<item> QNetworkDiskCache </item>
			<item> QNetworkInterface </item>
			<item> QNetworkProxy </item>
			<item> QNetworkProxyFactory </item>
			<item> QNetworkProxyQuery </item>
			<item> QNetworkReply </item>
			<item> QNetworkRequest </item>
			<item> QNetworkSession </item>
			<item> QObject </item>
			<item> QObjectCleanupHandler </item>
			<item> QPageSetupDialog </item>
			<item> QPaintDevice </item>
			<item> QPaintEngine </item>
			<item> QPaintEngineState </item>
			<item> QPainter </item>
			<item> QPainterPath </item>
			<item> QPainterPathStroker </item>
			<item> QPaintEvent </item>
			<item> QPair </item>
			<item> QPalette </item>
			<item> QPanGesture </item>
			<item> QParallelAnimationGroup </item>
			<item> QPauseAnimation </item>
			<item> QPen </item>
			<item> QPersistentModelIndex </item>
			<item> QPicture </item>
			<item> QPinchGesture </item>
			<item> QPixmap </item>
			<item> QPixmapCache </item>
			<item> QPlainTextDocumentLayout </item>
			<item> QPlainTextEdit </item>
			<item> QPlastiqueStyle </item>
			<item> QPlatformCursor </item>
			<item> QPlatformCursorImage </item>
			<item> QPlatformFontDatabase </item>
			<item> QPlatformWindowFormat </item>
			<item> QPluginLoader </item>
			<item> QPoint </item>
			<item> QPointer </item>
			<item> QPointF </item>
			<item> QPolygon </item>
			<item> QPolygonF </item>
			<item> QPrintDialog </item>
			<item> QPrintEngine </item>
			<item> QPrinter </item>
			<item> QPrinterInfo </item>
			<item> QPrintPreviewDialog </item>
			<item> QPrintPreviewWidget </item>
			<item> QProcess </item>
			<item> QProcessEnvironment </item>
			<item> QProgressBar </item>
			<item> QProgressDialog </item>
			<item> QPropertyAnimation </item>
			<item> QProxyScreen </item>
			<item> QProxyScreenCursor </item>
			<item> QProxyStyle </item>
			<item> QPushButton </item>
			<item> QQuaternion </item>
			<item> QQueue </item>
			<item> QRadialGradient </item>
			<item> QRadioButton </item>
			<item> QRasterPaintEngine </item>
			<item> QRawFont </item>
			<item> QReadLocker </item>
			<item> QReadWriteLock </item>
			<item> QRect </item>
			<item> QRectF </item>
			<item> QRegExp </item>
			<item> QRegExpValidator </item>
			<item> QRegion </item>
			<item> QResizeEvent </item>
			<item> QResource </item>
			<item> QRubberBand </item>
			<item> QRunnable </item>
			<item> QS60MainApplication </item>
			<item> QS60MainAppUi </item>
			<item> QS60MainDocument </item>
			<item> QS60Style </item>
			<item> QScopedArrayPointer </item>
			<item> QScopedPointer </item>
			<item> QScopedValueRollback </item>
			<item> QScreen </item>
			<item> QScreenCursor </item>
			<item> QScreenDriverFactory </item>
			<item> QScreenDriverPlugin </item>
			<item> QScriptable </item>
			<item> QScriptClass </item>
			<item> QScriptClassPropertyIterator </item>
			<item> QScriptContext </item>
			<item> QScriptContextInfo </item>
			<item> QScriptEngine </item>
			<item> QScriptEngineAgent </item>
			<item> QScriptEngineDebugger </item>
			<item> QScriptExtensionPlugin </item>
			<item> QScriptProgram </item>
			<item> QScriptString </item>
			<item> QScriptSyntaxCheckResult </item>
			<item> QScriptValue </item>
			<item> QScriptValueIterator </item>
			<item> QScrollArea </item>
			<item> QScrollBar </item>
			<item> QSemaphore </item>
			<item> QSequentialAnimationGroup </item>
			<item> QSessionManager </item>
			<item> QSet </item>
			<item> QSetIterator </item>
			<item> QSettings </item>
			<item> QSharedData </item>
			<item> QSharedDataPointer </item>
			<item> QSharedMemory </item>
			<item> QSharedPointer </item>
			<item> QShortcut </item>
			<item> QShortcutEvent </item>
			<item> QShowEvent </item>
			<item> QSignalMapper </item>
			<item> QSignalSpy </item>
			<item> QSignalTransition </item>
			<item> QSimpleXmlNodeModel </item>
			<item> QSize </item>
			<item> QSizeF </item>
			<item> QSizeGrip </item>
			<item> QSizePolicy </item>
			<item> QSlider </item>
			<item> QSocketNotifier </item>
			<item> QSortFilterProxyModel </item>
			<item> QSound </item>
			<item> QSourceLocation </item>
			<item> QSpacerItem </item>
			<item> QSpinBox </item>
			<item> QSplashScreen </item>
			<item> QSplitter </item>
			<item> QSplitterHandle </item>
			<item> QSqlDatabase </item>
			<item> QSqlDriver </item>
			<item> QSqlDriverCreator </item>
			<item> QSqlDriverCreatorBase </item>
			<item> QSqlDriverPlugin </item>
			<item> QSqlError </item>
			<item> QSqlField </item>
			<item> QSqlIndex </item>
			<item> QSqlQuery </item>
			<item> QSqlQueryModel </item>
			<item> QSqlRecord </item>
			<item> QSqlRelation </item>
			<item> QSqlRelationalDelegate </item>
			<item> QSqlRelationalTableModel </item>
			<item> QSqlResult </item>
			<item> QSqlTableModel </item>
			<item> QSslCertificate </item>
			<item> QSslCipher </item>
			<item> QSslConfiguration </item>
			<item> QSslError </item>
			<item> QSslKey </item>
			<item> QSslSocket </item>
			<item> QStack </item>
			<item> QStackedLayout </item>
			<item> QStackedWidget </item>
			<item> QStandardItem </item>
			<item> QStandardItemEditorCreator </item>
			<item> QStandardItemModel </item>
			<item> QState </item>
			<item> QStateMachine </item>
			<item> QStaticText </item>
			<item> QStatusBar </item>
			<item> QStatusTipEvent </item>
			<item> QString </item>
			<item> QStringList </item>
			<item> QStringListModel </item>
			<item> QStringMatcher </item>
			<item> QStringRef </item>
			<item> QStyle </item>
			<item> QStyledItemDelegate </item>
			<item> QStyleFactory </item>
			<item> QStyleHintReturn </item>
			<item> QStyleHintReturnMask </item>
			<item> QStyleHintReturnVariant </item>
			<item> QStyleOption </item>
			<item> QStyleOptionButton </item>
			<item> QStyleOptionComboBox </item>
			<item> QStyleOptionComplex </item>
			<item> QStyleOptionDockWidget </item>
			<item> QStyleOptionFocusRect </item>
			<item> QStyleOptionFrame </item>
			<item> QStyleOptionFrameV2 </item>
			<item> QStyleOptionFrameV3 </item>
			<item> QStyleOptionGraphicsItem </item>
			<item> QStyleOptionGroupBox </item>
			<item> QStyleOptionHeader </item>
			<item> QStyleOptionMenuItem </item>
			<item> QStyleOptionProgressBar </item>
			<item> QStyleOptionProgressBarV2 </item>
			<item> QStyleOptionQ3DockWindow </item>
			<item> QStyleOptionQ3ListView </item>
			<item> QStyleOptionQ3ListViewItem </item>
			<item> QStyleOptionRubberBand </item>
			<item> QStyleOptionSizeGrip </item>
			<item> QStyleOptionSlider </item>
			<item> QStyleOptionSpinBox </item>
			<item> QStyleOptionTab </item>
			<item> QStyleOptionTabBarBase </item>
			<item> QStyleOptionTabBarBaseV2 </item>
			<item> QStyleOptionTabV2 </item>
			<item> QStyleOptionTabV3 </item>
			<item> QStyleOptionTabWidgetFrame </item>
			<item> QStyleOptionTabWidgetFrameV2 </item>
			<item> QStyleOptionTitleBar </item>
			<item> QStyleOptionToolBar </item>
			<item> QStyleOptionToolBox </item>
			<item> QStyleOptionToolBoxV2 </item>
			<item> QStyleOptionToolButton </item>
			<item> QStyleOptionViewItem </item>
			<item> QStyleOptionViewItemV2 </item>
			<item> QStyleOptionViewItemV3 </item>
			<item> QStyleOptionViewItemV4 </item>
			<item> QStylePainter </item>
			<item> QStylePlugin </item>
			<item> QSupportedWritingSystems </item>
			<item> QSvgGenerator </item>
			<item> QSvgRenderer </item>
			<item> QSvgWidget </item>
			<item> QSwipeGesture </item>
			<item> QSymbianEvent </item>
			<item> QSymbianGraphicsSystemHelper </item>
			<item> QSyntaxHighlighter </item>
			<item> QSysInfo </item>
			<item> QSystemLocale </item>
			<item> QSystemSemaphore </item>
			<item> QSystemTrayIcon </item>
			<item> QTabBar </item>
			<item> QTabletEvent </item>
			<item> QTableView </item>
			<item> QTableWidget </item>
			<item> QTableWidgetItem </item>
			<item> QTableWidgetSelectionRange </item>
			<item> QTabWidget </item>
			<item> QTapAndHoldGesture </item>
			<item> QTapGesture </item>
			<item> QTcpServer </item>
			<item> QTcpSocket </item>
			<item> QTemporaryFile </item>
			<item> QTestEventList </item>
			<item> QTextBlock </item>
			<item> QTextBlockFormat </item>
			<item> QTextBlockGroup </item>
			<item> QTextBlockUserData </item>
			<item> QTextBoundaryFinder </item>
			<item> QTextBrowser </item>
			<item> QTextCharFormat </item>
			<item> QTextCodec </item>
			<item> QTextCodecPlugin </item>
			<item> QTextCursor </item>
			<item> QTextDecoder </item>
			<item> QTextDocument </item>
			<item> QTextDocumentFragment </item>
			<item> QTextDocumentWriter </item>
			<item> QTextEdit </item>
			<item> QTextEncoder </item>
			<item> QTextFormat </item>
			<item> QTextFragment </item>
			<item> QTextFrame </item>
			<item> QTextFrameFormat </item>
			<item> QTextImageFormat </item>
			<item> QTextInlineObject </item>
			<item> QTextItem </item>
			<item> QTextLayout </item>
			<item> QTextLength </item>
			<item> QTextLine </item>
			<item> QTextList </item>
			<item> QTextListFormat </item>
			<item> QTextObject </item>
			<item> QTextObjectInterface </item>
			<item> QTextOption </item>
			<item> QTextStream </item>
			<item> QTextTable </item>
			<item> QTextTableCell </item>
			<item> QTextTableCellFormat </item>
			<item> QTextTableFormat </item>
			<item> QThread </item>
			<item> QThreadPool </item>
			<item> QThreadStorage </item>
			<item> QTileRules </item>
			<item> QTime </item>
			<item> QTimeEdit </item>
			<item> QTimeLine </item>
			<item> QTimer </item>
			<item> QTimerEvent </item>
			<item> QToolBar </item>
			<item> QToolBox </item>
			<item> QToolButton </item>
			<item> QToolTip </item>
			<item> QTouchEvent </item>
			<item> QTransform </item>
			<item> QTranslator </item>
			<item> QTreeView </item>
			<item> QTreeWidget </item>
			<item> QTreeWidgetItem </item>
			<item> QTreeWidgetItemIterator </item>
			<item> QUdpSocket </item>
			<item> QUiLoader </item>
			<item> QUndoCommand </item>
			<item> QUndoGroup </item>
			<item> QUndoStack </item>
			<item> QUndoView </item>
			<item> QUrl </item>
			<item> QUrlInfo </item>
			<item> QUuid </item>
			<item> QValidator </item>
			<item> QVariant </item>
			<item> QVariantAnimation </item>
			<item> QVarLengthArray </item>
			<item> QVBoxLayout </item>
			<item> QVector </item>
			<item> QVector2D </item>
			<item> QVector3D </item>
			<item> QVector4D </item>
			<item> QVectorIterator </item>
			<item> QVideoFrame </item>
			<item> QVideoSurfaceFormat </item>
			<item> QWaitCondition </item>
			<item> QWeakPointer </item>
			<item> QWebDatabase </item>
			<item> QWebElement </item>
			<item> QWebElementCollection </item>
			<item> QWebFrame </item>
			<item> QWebHistory </item>
			<item> QWebHistoryInterface </item>
			<item> QWebHistoryItem </item>
			<item> QWebHitTestResult </item>
			<item> QWebInspector </item>
			<item> QWebPage </item>
			<item> QWebPluginFactory </item>
			<item> QWebSecurityOrigin </item>
			<item> QWebSettings </item>
			<item> QWebView </item>
			<item> QWhatsThis </item>
			<item> QWhatsThisClickedEvent </item>
			<item> QWheelEvent </item>
			<item> QWidget </item>
			<item> QWidgetAction </item>
			<item> QWidgetItem </item>
			<item> QWindowsMime </item>
			<item> QWindowsStyle </item>
			<item> QWindowStateChangeEvent </item>
			<item> QWindowsVistaStyle </item>
			<item> QWindowsXPStyle </item>
			<item> QWizard </item>
			<item> QWizardPage </item>
			<item> QWriteLocker </item>
			<item> QWSCalibratedMouseHandler </item>
			<item> QWSClient </item>
			<item> QWSEmbedWidget </item>
			<item> QWSEvent </item>
			<item> QWSGLWindowSurface </item>
			<item> QWSInputMethod </item>
			<item> QWSKeyboardHandler </item>
			<item> QWSMouseHandler </item>
			<item> QWSPointerCalibrationData </item>
			<item> QWSScreenSaver </item>
			<item> QWSServer </item>
			<item> QWSWindow </item>
			<item> QX11EmbedContainer </item>
			<item> QX11EmbedWidget </item>
			<item> QX11Info </item>
			<item> QXmlAttributes </item>
			<item> QXmlContentHandler </item>
			<item> QXmlDeclHandler </item>
			<item> QXmlDefaultHandler </item>
			<item> QXmlDTDHandler </item>
			<item> QXmlEntityResolver </item>
			<item> QXmlErrorHandler </item>
			<item> QXmlFormatter </item>
			<item> QXmlInputSource </item>
			<item> QXmlItem </item>
			<item> QXmlLexicalHandler </item>
			<item> QXmlLocator </item>
			<item> QXmlName </item>
			<item> QXmlNamePool </item>
			<item> QXmlNamespaceSupport </item>
			<item> QXmlNodeModelIndex </item>
			<item> QXmlParseException </item>
			<item> QXmlQuery </item>
			<item> QXmlReader </item>
			<item> QXmlResultItems </item>
			<item> QXmlSchema </item>
			<item> QXmlSchemaValidator </item>
			<item> QXmlSerializer </item>
			<item> QXmlSimpleReader </item>
			<item> QXmlStreamAttribute </item>
			<item> QXmlStreamAttributes </item>
			<item> QXmlStreamEntityDeclaration </item>
			<item> QXmlStreamEntityResolver </item>
			<item> QXmlStreamNamespaceDeclaration </item>
			<item> QXmlStreamNotationDeclaration </item>
			<item> QXmlStreamReader </item>
			<item> QXmlStreamWriter </item>
			<item> Qt </item>
			<item> QTest </item>
			<item> QtConcurrent </item>
			<item> Phonon </item>
			<item> QFileInfoList </item>
			<item> QMutableStringListIterator </item>
			<item> QTouchEventSequence </item>
			<item> QStringListIterator </item>
			<item> QStringBuilder </item>
			<item> QWidgetList </item>
		</list>
		<list name="Qt4Macros">
			<item> emit </item>
			<item> signals </item>
			<item> slots </item>
			<item> foreach </item>
			<item> forever </item>
			<item> SIGNAL </item>
			<item> SLOT </item>
			<item> qApp </item>
			<item> Q_DECLARE_TR_FUNCTIONS </item>
			<item> Q_CLASSINFO </item>
			<item> Q_DISABLE_COPY </item>
			<item> Q_EMIT </item>
			<item> Q_ENUMS </item>
			<item> Q_FLAGS </item>
			<item> Q_INTERFACES </item>
			<item> Q_INVOKABLE </item>
			<item> Q_OBJECT </item>
			<item> Q_PROPERTY </item>
			<item> Q_SIGNAL </item>
			<item> Q_SIGNALS </item>
			<item> Q_SLOT </item>
			<item> Q_SLOTS </item>
			<item> Q_DECLARE_METATYPE </item>
			<item> QT_NO_CAST_FROM_BYTEARRAY </item>
			<item> QT_NO_CAST_FROM_ASCII </item>
			<item> QT_NO_CAST_TO_ASCII </item>
			<item> QT_NO_URL_CAST_FROM_STRING </item>
			<item> QT_USE_QSTRINGBUILDER </item>
			<item> QBENCHMARK </item>
			<item> QBENCHMARK_ONCE </item>
			<item> QCOMPARE </item>
			<item> QEXPECT_FAIL </item>
			<item> QFAIL </item>
			<item> QFETCH </item>
			<item> QSKIP </item>
			<item> QTEST </item>
			<item> QTEST_APPLESS_MAIN </item>
			<item> QTEST_MAIN </item>
			<item> QTEST_NOOP_MAIN </item>
			<item> QVERIFY2 </item>
			<item> QVERIFY </item>
			<item> QWARN </item>
			<item> QAXCLASS </item>
			<item> QAXFACTORY_BEGIN </item>
			<item> QAXFACTORY_DEFAULT </item>
			<item> QAXFACTORY_END </item>
			<item> QAXFACTORY_EXPORT </item>
			<item> QAXTYPE </item>
			<item> QDESIGNER_WIDGET_EXPORT </item>
			<item> QML_DECLARE_TYPE </item>
			<item> QML_DECLARE_TYPEINFO </item>
			<item> QTWEBKIT_VERSION </item>
			<item> QTWEBKIT_VERSION_CHECK </item>
			<item> QTWEBKIT_VERSION_STR </item>
			<item> Q_ARG </item>
			<item> Q_RETURN_ARG </item>
			<item> Q_ATOMIC_INT_FETCH_AND_ADD_IS_ALWAYS_NATIVE </item>
			<item> Q_ATOMIC_INT_FETCH_AND_ADD_IS_NOT_NATIVE </item>
			<item> Q_ATOMIC_INT_FETCH_AND_ADD_IS_SOMETIMES_NATIVE </item>
			<item> Q_ATOMIC_INT_FETCH_AND_ADD_IS_WAIT_FREE </item>
			<item> Q_ATOMIC_INT_FETCH_AND_STORE_IS_ALWAYS_NATIVE </item>
			<item> Q_ATOMIC_INT_FETCH_AND_STORE_IS_NOT_NATIVE </item>
			<item> Q_ATOMIC_INT_FETCH_AND_STORE_IS_SOMETIMES_NATIVE </item>
			<item> Q_ATOMIC_INT_FETCH_AND_STORE_IS_WAIT_FREE </item>
			<item> Q_ATOMIC_INT_REFERENCE_COUNTING_IS_ALWAYS_NATIVE </item>
			<item> Q_ATOMIC_INT_REFERENCE_COUNTING_IS_NOT_NATIVE </item>
			<item> Q_ATOMIC_INT_REFERENCE_COUNTING_IS_SOMETIMES_NATIVE </item>
			<item> Q_ATOMIC_INT_REFERENCE_COUNTING_IS_WAIT_FREE </item>
			<item> Q_ATOMIC_INT_TEST_AND_SET_IS_ALWAYS_NATIVE </item>
			<item> Q_ATOMIC_INT_TEST_AND_SET_IS_NOT_NATIVE </item>
			<item> Q_ATOMIC_INT_TEST_AND_SET_IS_SOMETIMES_NATIVE </item>
			<item> Q_ATOMIC_INT_TEST_AND_SET_IS_WAIT_FREE </item>
			<item> Q_DECLARE_EXTENSION_INTERFACE </item>
			<item> Q_DECLARE_INTERFACE </item>
			<item> Q_EXPORT_PLUGIN2 </item>
			<item> Q_IMPORT_PLUGIN </item>
			<item> Q_NOREPLY </item>
			<item> Q_SCRIPT_DECLARE_QMETAOBJECT </item>
			<item> QWIDGETSIZE_MAX </item>
			<item> QT3_SUPPORT </item>
			<item> QT3_SUPPORT_CONSTRUCTOR </item>
			<item> QT3_SUPPORT_VARIABLE </item>
			<item> QT3_SUPPORT_WARNINGS </item>
			<item> QT_ARCH_X86_64 </item>
			<item> QT_ASCII_CAST_WARN </item>
			<item> QT_ASCII_CAST_WARN_CONSTRUCTOR </item>
			<item> QT_BUILD_KEY </item>
			<item> QT_BUILD_KEY_COMPAT </item>
			<item> QT_CATCH </item>
			<item> QT_COMPAT </item>
			<item> QT_COMPAT_WARNINGS </item>
			<item> QT_DEBUG </item>
			<item> QT_DEPRECATED </item>
			<item> QT_DEPRECATED_CONSTRUCTOR </item>
			<item> QT_DEPRECATED_VARIABLE </item>
			<item> QT_EDITION </item>
			<item> QT_EDITION_ACADEMIC </item>
			<item> QT_EDITION_CONSOLE </item>
			<item> QT_EDITION_DESKTOP </item>
			<item> QT_EDITION_DESKTOPLIGHT </item>
			<item> QT_EDITION_EDUCATIONAL </item>
			<item> QT_EDITION_EVALUATION </item>
			<item> QT_EDITION_OPENSOURCE </item>
			<item> QT_EDITION_UNIVERSAL </item>
			<item> QT_ENSURE_STACK_ALIGNED_FOR_SSE </item>
			<item> QT_FASTCALL </item>
			<item> QT_FORWARD_DECLARE_CLASS </item>
			<item> QT_FORWARD_DECLARE_STRUCT </item>
			<item> QT_HAVE_ARMV6 </item>
			<item> QT_LARGEFILE_SUPPORT </item>
			<item> QT_LICENSED_MODULE </item>
			<item> QT_LINKED_OPENSSL </item>
			<item> QT_LINUXBASE </item>
			<item> QT_MAC_USE_COCOA </item>
			<item> QT_MOC_COMPAT </item>
			<item> QT_MODULE </item>
			<item> QT_MODULE_ACTIVEQT </item>
			<item> QT_MODULE_CORE </item>
			<item> QT_MODULE_DBUS </item>
			<item> QT_MODULE_DECLARATIVE </item>
			<item> QT_MODULE_GRAPHICSVIEW </item>
			<item> QT_MODULE_GUI </item>
			<item> QT_MODULE_HELP </item>
			<item> QT_MODULE_MULTIMEDIA </item>
			<item> QT_MODULE_NETWORK </item>
			<item> QT_MODULE_OPENGL </item>
			<item> QT_MODULE_OPENVG </item>
			<item> QT_MODULE_QT3SUPPORT </item>
			<item> QT_MODULE_QT3SUPPORTLIGHT </item>
			<item> QT_MODULE_SCRIPT </item>
			<item> QT_MODULE_SCRIPTTOOLS </item>
			<item> QT_MODULE_SQL </item>
			<item> QT_MODULE_SVG </item>
			<item> QT_MODULE_TEST </item>
			<item> QT_MODULE_XML </item>
			<item> QT_MODULE_XMLPATTERNS </item>
			<item> QT_NO_ACCESSIBILITY </item>
			<item> QT_NO_ANIMATION </item>
			<item> QT_NO_ARM_EABI </item>
			<item> QT_NO_BEARERMANAGEMENT </item>
			<item> QT_NO_BUTTONGROUP </item>
			<item> QT_NO_CALENDARWIDGET </item>
			<item> QT_NO_CLIPBOARD </item>
			<item> QT_NO_CODECS </item>
			<item> QT_NO_COLORDIALOG </item>
			<item> QT_NO_COLUMNVIEW </item>
			<item> QT_NO_COMBOBOX </item>
			<item> QT_NO_COMPLETER </item>
			<item> QT_NO_CONCURRENT </item>
			<item> QT_NO_CONCURRENT_FILTER </item>
			<item> QT_NO_CONCURRENT_MAP </item>
			<item> QT_NO_CONTEXTMENU </item>
			<item> QT_NO_COP </item>
			<item> QT_NO_CRASHHANDLER </item>
			<item> QT_NO_CUPS </item>
			<item> QT_NO_DATAWIDGETMAPPER </item>
			<item> QT_NO_DATESTRING </item>
			<item> QT_NO_DATETIMEEDIT </item>
			<item> QT_NO_DBUS </item>
			<item> QT_NO_DEBUG </item>
			<item> QT_NO_DEBUG_STREAM </item>
			<item> QT_NO_DECLARATIVE </item>
			<item> QT_NO_DIAL </item>
			<item> QT_NO_DIRMODEL </item>
			<item> QT_NO_DOCKWIDGET </item>
			<item> QT_NO_DRAGANDDROP </item>
			<item> QT_NO_EGL </item>
			<item> QT_NO_ERRORMESSAGE </item>
			<item> QT_NO_EXCEPTIONS </item>
			<item> QT_NO_FILEDIALOG </item>
			<item> QT_NO_FILESYSTEMMODEL </item>
			<item> QT_NO_FONTCOMBOBOX </item>
			<item> QT_NO_FONTCONFIG </item>
			<item> QT_NO_FONTDIALOG </item>
			<item> QT_NO_FPU </item>
			<item> QT_NO_FSCOMPLETER </item>
			<item> QT_NO_FTP </item>
			<item> QT_NO_GETIFADDRS </item>
			<item> QT_NO_GRAPHICSEFFECT </item>
			<item> QT_NO_GRAPHICSSVGITEM </item>
			<item> QT_NO_GRAPHICSVIEW </item>
			<item> QT_NO_GSTREAMER </item>
			<item> QT_NO_HOSTINFO </item>
			<item> QT_NO_HTTP </item>
			<item> QT_NO_ICD </item>
			<item> QT_NO_IM </item>
			<item> QT_NO_IMAGEFORMAT_JPEG </item>
			<item> QT_NO_IMAGEFORMAT_MNG </item>
			<item> QT_NO_IMAGEFORMAT_PNG </item>
			<item> QT_NO_IMAGEFORMAT_TIFF </item>
			<item> QT_NO_IMAGEFORMAT_XPM </item>
			<item> QT_NO_INPUTDIALOG </item>
			<item> QT_NO_ITEMVIEWS </item>
			<item> QT_NO_LIBRARY </item>
			<item> QT_NO_LISTVIEW </item>
			<item> QT_NO_LISTWIDGET </item>
			<item> QT_NO_LPR </item>
			<item> QT_NO_MAINWINDOW </item>
			<item> QT_NO_MDIAREA </item>
			<item> QT_NO_MENU </item>
			<item> QT_NO_MENUBAR </item>
			<item> QT_NO_MITSHM </item>
			<item> QT_NO_MULTIMEDIA </item>
			<item> QT_NO_NAS </item>
			<item> QT_NO_NETWORKDISKCACHE </item>
			<item> QT_NO_OPENGL </item>
			<item> QT_NO_OPENVG </item>
			<item> QT_NO_PAINT_DEBUG </item>
			<item> QT_NO_PHONON </item>
			<item> QT_NO_PHONON_EFFECTWIDGET </item>
			<item> QT_NO_PHONON_PLATFORMPLUGIN </item>
			<item> QT_NO_PHONON_SEEKSLIDER </item>
			<item> QT_NO_PHONON_SETTINGSGROUP </item>
			<item> QT_NO_PHONON_VIDEOPLAYER </item>
			<item> QT_NO_PHONON_VOLUMEFADEREFFECT </item>
			<item> QT_NO_PHONON_VOLUMESLIDER </item>
			<item> QT_NO_PRINTDIALOG </item>
			<item> QT_NO_PRINTER </item>
			<item> QT_NO_PRINTPREVIEWDIALOG </item>
			<item> QT_NO_PRINTPREVIEWWIDGET </item>
			<item> QT_NO_PROCESS </item>
			<item> QT_NO_PROGRESSDIALOG </item>
			<item> QT_NO_PROXYMODEL </item>
			<item> QT_NO_PULSEAUDIO </item>
			<item> QT_NO_QDEBUG_MACRO </item>
			<item> QT_NO_QFUTURE </item>
			<item> QT_NO_QWARNING_MACRO </item>
			<item> QT_NO_QWS_CURSOR </item>
			<item> QT_NO_QWS_DECORATION_STYLED </item>
			<item> QT_NO_QWS_DECORATION_WINDOWS </item>
			<item> QT_NO_QWS_DYNAMICSCREENTRANSFORMATION </item>
			<item> QT_NO_QWS_INPUTMETHODS </item>
			<item> QT_NO_QWS_MANAGER </item>
			<item> QT_NO_QWS_MULTIPROCESS </item>
			<item> QT_NO_QWS_SOUNDSERVER </item>
			<item> QT_NO_QWS_TRANSFORMED </item>
			<item> QT_NO_QWS_VNC </item>
			<item> QT_NO_RAWFONT </item>
			<item> QT_NO_S60 </item>
			<item> QT_NO_SCRIPT </item>
			<item> QT_NO_SCRIPTTOOLS </item>
			<item> QT_NO_SCROLLAREA </item>
			<item> QT_NO_SCROLLBAR </item>
			<item> QT_NO_SESSIONMANAGER </item>
			<item> QT_NO_SHAPE </item>
			<item> QT_NO_SHAREDMEMORY </item>
			<item> QT_NO_SOCKS5 </item>
			<item> QT_NO_SOFTKEYMANAGER </item>
			<item> QT_NO_SORTFILTERPROXYMODEL </item>
			<item> QT_NO_SPINBOX </item>
			<item> QT_NO_SPLITTER </item>
			<item> QT_NO_STANDARDITEMMODEL </item>
			<item> QT_NO_STATEMACHINE </item>
			<item> QT_NO_STL_WCHAR </item>
			<item> QT_NO_STRINGLISTMODEL </item>
			<item> QT_NO_STYLE_CDE </item>
			<item> QT_NO_STYLE_CLEANLOOKS </item>
			<item> QT_NO_STYLE_GTK </item>
			<item> QT_NO_STYLE_PLASTIQUE </item>
			<item> QT_NO_STYLE_S60 </item>
			<item> QT_NO_STYLE_STYLESHEET </item>
			<item> QT_NO_STYLE_WINDOWSCE </item>
			<item> QT_NO_STYLE_WINDOWSMOBILE </item>
			<item> QT_NO_STYLE_WINDOWSVISTA </item>
			<item> QT_NO_STYLE_WINDOWSXP </item>
			<item> QT_NO_SVG </item>
			<item> QT_NO_SVGGENERATOR </item>
			<item> QT_NO_SVGRENDERER </item>
			<item> QT_NO_SVGWIDGET </item>
			<item> QT_NO_SXE </item>
			<item> QT_NO_SYNTAXHIGHLIGHTER </item>
			<item> QT_NO_SYSTEMSEMAPHORE </item>
			<item> QT_NO_TABBAR </item>
			<item> QT_NO_TABDIALOG </item>
			<item> QT_NO_TABLET </item>
			<item> QT_NO_TABLEVIEW </item>
			<item> QT_NO_TABLEWIDGET </item>
			<item> QT_NO_TABWIDGET </item>
			<item> QT_NO_TEMPLATE_TEMPLATE_PARAMETERS </item>
			<item> QT_NO_TEXTBROWSER </item>
			<item> QT_NO_TEXTCODECPLUGIN </item>
			<item> QT_NO_TEXTEDIT </item>
			<item> QT_NO_TEXTODFWRITER </item>
			<item> QT_NO_TOOLBAR </item>
			<item> QT_NO_TOOLBOX </item>
			<item> QT_NO_TOOLBUTTON </item>
			<item> QT_NO_TRANSLATION_UTF8 </item>
			<item> QT_NO_TREEVIEW </item>
			<item> QT_NO_TREEWIDGET </item>
			<item> QT_NO_UNDOGROUP </item>
			<item> QT_NO_UNDOSTACK </item>
			<item> QT_NO_UNDOVIEW </item>
			<item> QT_NO_WARNINGS </item>
			<item> QT_NO_WEBKIT </item>
			<item> QT_NO_WHATSTHIS </item>
			<item> QT_NO_WIN_ACTIVEQT </item>
			<item> QT_NO_WIZARD </item>
			<item> QT_NO_WORKSPACE </item>
			<item> QT_NO_XCURSOR </item>
			<item> QT_NO_XFIXES </item>
			<item> QT_NO_XINERAMA </item>
			<item> QT_NO_XINPUT </item>
			<item> QT_NO_XKB </item>
			<item> QT_NO_XMLPATTERNS </item>
			<item> QT_NO_XMLSTREAMREADER </item>
			<item> QT_NO_XMLSTREAMWRITER </item>
			<item> QT_NO_XRANDR </item>
			<item> QT_NO_XRENDER </item>
			<item> QT_NO_XSYNC </item>
			<item> QT_NO_XVIDEO </item>
			<item> QT_NO_ZLIB </item>
			<item> QT_PACKAGEDATE_STR </item>
			<item> QT_PACKAGE_TAG </item>
			<item> QT_POINTER_SIZE </item>
			<item> QT_PREPEND_NAMESPACE </item>
			<item> QT_PRODUCT_LICENSE </item>
			<item> QT_PRODUCT_LICENSEE </item>
			<item> QT_RETHROW </item>
			<item> QT_STATIC_CONST </item>
			<item> QT_STATIC_CONST_IMPL </item>
			<item> QT_STRINGIFY </item>
			<item> QT_STRINGIFY2 </item>
			<item> QT_SUPPORTS </item>
			<item> QT_SYMBIAN_SUPPORTS_ADVANCED_POINTER </item>
			<item> QT_SYMBIAN_SUPPORTS_SGIMAGE </item>
			<item> QT_THROW </item>
			<item> QT_TRANSLATE_NOOP </item>
			<item> QT_TRANSLATE_NOOP3 </item>
			<item> QT_TRANSLATE_NOOP3_UTF8 </item>
			<item> QT_TRANSLATE_NOOP_UTF8 </item>
			<item> QT_TRAP_THROWING </item>
			<item> QT_TRID_NOOP </item>
			<item> QT_TRY </item>
			<item> QT_TRYCATCH_ERROR </item>
			<item> QT_TRYCATCH_LEAVING </item>
			<item> QT_TR_NOOP </item>
			<item> QT_TR_NOOP_UTF8 </item>
			<item> QT_USE_MATH_H_FLOATS </item>
			<item> QT_USE_NAMESPACE </item>
			<item> QT_VERSION </item>
			<item> QT_VERSION_CHECK </item>
			<item> QT_VERSION_STR </item>
			<item> QT_VISIBILITY_AVAILABLE </item>
			<item> QT_WA </item>
			<item> QT_WA_INLINE </item>
			<item> QT_WIN_CALLBACK </item>
			<item> QT_USE_NAMESPACE </item>
			<item> QT_BEGIN_NAMESPACE </item>
			<item> QT_END_NAMESPACE </item>
			<item> QT_BEGIN_HEADER </item>
			<item> QT_END_HEADER </item>
			<item> Q_ALIGNOF </item>
			<item> Q_ASSERT </item>
			<item> Q_ASSERT_X </item>
			<item> Q_BIG_ENDIAN </item>
			<item> Q_BROKEN_DEBUG_STREAM </item>
			<item> Q_BROKEN_TEMPLATE_SPECIALIZATION </item>
			<item> Q_BYTE_ORDER </item>
			<item> Q_CANNOT_DELETE_CONSTANT </item>
			<item> Q_CC_BOR </item>
			<item> Q_CC_CDS </item>
			<item> Q_CC_CLANG </item>
			<item> Q_CC_COMEAU </item>
			<item> Q_CC_DEC </item>
			<item> Q_CC_DIAB </item>
			<item> Q_CC_EDG </item>
			<item> Q_CC_GCCE </item>
			<item> Q_CC_GHS </item>
			<item> Q_CC_GNU </item>
			<item> Q_CC_HIGHC </item>
			<item> Q_CC_HP </item>
			<item> Q_CC_HPACC </item>
			<item> Q_CC_INTEL </item>
			<item> Q_CC_KAI </item>
			<item> Q_CC_MINGW </item>
			<item> Q_CC_MIPS </item>
			<item> Q_CC_MSVC </item>
			<item> Q_CC_MSVC_NET </item>
			<item> Q_CC_MWERKS </item>
			<item> Q_CC_NOKIAX86 </item>
			<item> Q_CC_OC </item>
			<item> Q_CC_PGI </item>
			<item> Q_CC_RVCT </item>
			<item> Q_CC_SUN </item>
			<item> Q_CC_SYM </item>
			<item> Q_CC_USLC </item>
			<item> Q_CC_WAT </item>
			<item> Q_CC_XLC </item>
			<item> Q_CHECK_PTR </item>
			<item> Q_CLEANUP_RESOURCE </item>
			<item> Q_COMPILER_AUTO_TYPE </item>
			<item> Q_COMPILER_CLASS_ENUM </item>
			<item> Q_COMPILER_CONSTEXPR </item>
			<item> Q_COMPILER_DECLTYPE </item>
			<item> Q_COMPILER_DEFAULT_DELETE_MEMBERS </item>
			<item> Q_COMPILER_EXTERN_TEMPLATES </item>
			<item> Q_COMPILER_INITIALIZER_LISTS </item>
			<item> Q_COMPILER_LAMBDA </item>
			<item> Q_COMPILER_MANGLES_RETURN_TYPE </item>
			<item> Q_COMPILER_RVALUE_REFS </item>
			<item> Q_COMPILER_UNICODE_STRINGS </item>
			<item> Q_COMPILER_VARIADIC_TEMPLATES </item>
			<item> Q_CONSTRUCTOR_FUNCTION </item>
			<item> Q_CONSTRUCTOR_FUNCTION0 </item>
			<item> Q_C_CALLBACKS </item>
			<item> Q_D </item>
			<item> Q_DECLARE_FLAGS </item>
			<item> Q_DECLARE_INCOMPATIBLE_FLAGS </item>
			<item> Q_DECLARE_OPERATORS_FOR_FLAGS </item>
			<item> Q_DECLARE_PRIVATE </item>
			<item> Q_DECLARE_PRIVATE_D </item>
			<item> Q_DECLARE_PUBLIC </item>
			<item> Q_DECLARE_SHARED </item>
			<item> Q_DECLARE_SHARED_STL </item>
			<item> Q_DECLARE_TYPEINFO </item>
			<item> Q_DECLARE_TYPEINFO_BODY </item>
			<item> Q_DECL_ALIGN </item>
			<item> Q_DECL_CONSTEXPR </item>
			<item> Q_DECL_CONSTRUCTOR_DEPRECATED </item>
			<item> Q_DECL_DEPRECATED </item>
			<item> Q_DECL_FINAL </item>
			<item> Q_DECL_HIDDEN </item>
			<item> Q_DECL_IMPORT </item>
			<item> Q_DECL_OVERRIDE </item>
			<item> Q_DECL_NOEXCEPT </item>
			<item> Q_DECL_NOTHROW </item>
			<item> Q_NULLPTR </item>
			<item> Q_DECL_VARIABLE_DEPRECATED </item>
			<item> Q_DESTRUCTOR_FUNCTION </item>
			<item> Q_DESTRUCTOR_FUNCTION0 </item>
			<item> Q_DISABLE_COPY </item>
			<item> Q_DUMMY_COMPARISON_OPERATOR </item>
			<item> Q_FOREACH </item>
			<item> Q_FOREVER </item>
			<item> Q_FULL_TEMPLATE_INSTANTIATION </item>
			<item> Q_FUNC_INFO </item>
			<item> Q_GLOBAL_STATIC </item>
			<item> Q_GLOBAL_STATIC_INIT </item>
			<item> Q_GLOBAL_STATIC_WITH_ARGS </item>
			<item> Q_GLOBAL_STATIC_WITH_INITIALIZER </item>
			<item> Q_INIT_RESOURCE </item>
			<item> Q_INIT_RESOURCE_EXTERN </item>
			<item> Q_INLINE_TEMPLATE </item>
			<item> Q_INT64_C </item>
			<item> Q_LIKELY </item>
			<item> Q_LITTLE_ENDIAN </item>
			<item> Q_NO_BOOL_TYPE </item>
			<item> Q_NO_DATA_RELOCATION </item>
			<item> Q_NO_DECLARED_NOT_DEFINED </item>
			<item> Q_NO_DEPRECATED_CONSTRUCTORS </item>
			<item> Q_NO_EXPLICIT_KEYWORD </item>
			<item> Q_NO_PACKED_REFERENCE </item>
			<item> Q_NO_POSIX_SIGNALS </item>
			<item> Q_NO_TEMPLATE_FRIENDS </item>
			<item> Q_NO_USING_KEYWORD </item>
			<item> Q_OF_ELF </item>
			<item> Q_OS_AIX </item>
			<item> Q_OS_BSD4 </item>
			<item> Q_OS_BSDI </item>
			<item> Q_OS_CYGWIN </item>
			<item> Q_OS_DARWIN </item>
			<item> Q_OS_DARWIN32 </item>
			<item> Q_OS_DARWIN64 </item>
			<item> Q_OS_DGUX </item>
			<item> Q_OS_DYNIX </item>
			<item> Q_OS_FREEBSD </item>
			<item> Q_OS_HPUX </item>
			<item> Q_OS_HURD </item>
			<item> Q_OS_INTEGRITY </item>
			<item> Q_OS_IRIX </item>
			<item> Q_OS_LINUX </item>
			<item> Q_OS_LYNX </item>
			<item> Q_OS_MAC </item>
			<item> Q_OS_MAC32 </item>
			<item> Q_OS_MAC64 </item>
			<item> Q_OS_MACX </item>
			<item> Q_OS_MSDOS </item>
			<item> Q_OS_NACL </item>
			<item> Q_OS_NETBSD </item>
			<item> Q_OS_OPENBSD </item>
			<item> Q_OS_OS2 </item>
			<item> Q_OS_OS2EMX </item>
			<item> Q_OS_OSF </item>
			<item> Q_OS_QNX </item>
			<item> Q_OS_RELIANT </item>
			<item> Q_OS_SCO </item>
			<item> Q_OS_SOLARIS </item>
			<item> Q_OS_SYMBIAN </item>
			<item> Q_OS_ULTRIX </item>
			<item> Q_OS_UNIX </item>
			<item> Q_OS_UNIXWARE </item>
			<item> Q_OS_VXWORKS </item>
			<item> Q_OS_WIN </item>
			<item> Q_OS_WIN32 </item>
			<item> Q_OS_WIN64 </item>
			<item> Q_OS_WINCE </item>
			<item> Q_OUTOFLINE_TEMPLATE </item>
			<item> Q_PACKED </item>
			<item> Q_Q </item>
			<item> Q_REQUIRED_RESULT </item>
			<item> Q_SYMBIAN_FIXED_POINTER_CURSORS </item>
			<item> Q_SYMBIAN_HAS_EXTENDED_BITMAP_TYPE </item>
			<item> Q_SYMBIAN_SEMITRANSPARENT_BG_SURFACE </item>
			<item> Q_SYMBIAN_SUPPORTS_FIXNATIVEORIENTATION </item>
			<item> Q_SYMBIAN_SUPPORTS_MULTIPLE_SCREENS </item>
			<item> Q_SYMBIAN_SUPPORTS_SURFACES </item>
			<item> Q_SYMBIAN_TRANSITION_EFFECTS </item>
			<item> Q_SYMBIAN_WINDOW_SIZE_CACHE </item>
			<item> Q_TEMPLATEDLL </item>
			<item> Q_TYPENAME </item>
			<item> Q_TYPEOF </item>
			<item> Q_UINT64_C </item>
			<item> Q_UNLIKELY </item>
			<item> Q_UNUSED </item>
			<item> Q_WRONG_SB_CTYPE_MACROS </item>
			<item> Q_WS_MAC </item>
			<item> Q_WS_MAC32 </item>
			<item> Q_WS_MAC64 </item>
			<item> Q_WS_MACX </item>
			<item> Q_WS_PM </item>
			<item> Q_WS_S60 </item>
			<item> Q_WS_WIN </item>
			<item> Q_WS_WIN16 </item>
			<item> Q_WS_WIN32 </item>
			<item> Q_WS_WIN64 </item>
			<item> Q_WS_WINCE </item>
			<item> Q_WS_WINCE_WM </item>
			<item> Q_WS_X11 </item>
			<item> Q_COMPLEX_TYPE </item>
			<item> Q_PRIMITIVE_TYPE </item>
			<item> Q_STATIC_TYPE </item>
			<item> Q_MOVABLE_TYPE </item>
			<item> Q_DUMMY_TYPE </item>
		</list>
		<list name="Qt4Func">
			<item> connect </item>
			<item> disconnect </item>
			<item> staticMetaObject </item>
			<item> tr </item>
			<item> trUtf8 </item>
			<item> qFindChildren</item>
			<item> qobject_cast </item>
			<item> qAbs </item>
			<item> qBound </item>
			<item> qCritical </item>
			<item> qDebug </item>
			<item> qFatal </item>
			<item> qFuzzyCompare </item>
			<item> qFuzzyCompare </item>
			<item> qInstallMsgHandler </item>
			<item> qMacVersion </item>
			<item> qMakePair </item>
			<item> qMax </item>
			<item> qMin </item>
			<item> qPrintable </item>
			<item> qRound64 </item>
			<item> qRound </item>
			<item> qVersion </item>
			<item> qWarning </item>
			<item> q_check_ptr </item>
			<item> qgetenv </item>
			<item> qrand </item>
			<item> qsrand </item>
			<item> qtTrId </item>
			<item> qt_set_sequence_auto_mnemonic </item>
			<item> qt_symbian_exception2Error </item>
			<item> qt_symbian_exception2LeaveL </item>
			<item> qt_symbian_throwIfError </item>
			<item> qBinaryFind </item>
			<item> qCopy </item>
			<item> qCopyBackward </item>
			<item> qCount </item>
			<item> qDeleteAll </item>
			<item> qEqual </item>
			<item> qFill </item>
			<item> qFind </item>
			<item> qGreater </item>
			<item> qLess </item>
			<item> qLowerBound </item>
			<item> qSort </item>
			<item> qStableSort </item>
			<item> qSwap </item>
			<item> qUpperBound </item>
			<item> qChecksum </item>
			<item> qCompress </item>
			<item> qUncompress </item>
			<item> qsnprintf </item>
			<item> qstrcmp </item>
			<item> qstrcpy </item>
			<item> qstrdup </item>
			<item> qstricmp </item>
			<item> qstrlen </item>
			<item> qstrncmp </item>
			<item> qstrncpy </item>
			<item> qstrnicmp </item>
			<item> qstrnlen </item>
			<item> qvsnprintf </item>
			<item> qHash </item>
			<item> qMetaTypeId </item>
			<item> qRegisterMetaType </item>
			<item> qRegisterMetaType </item>
			<item> qRegisterMetaTypeStreamOperators </item>
			<item> qAlpha </item>
			<item> qBlue </item>
			<item> qGray </item>
			<item> qGray </item>
			<item> qGreen </item>
			<item> qRed </item>
			<item> qRgb </item>
			<item> qRgba  </item>
			<item> qAddPostRoutine </item>
			<item> qmlInfo </item>
			<item> qmlRegisterInterface </item>
			<item> qmlRegisterType </item>
			<item> qmlRegisterType </item>
			<item> qmlRegisterTypeNotAvailable </item>
			<item> qmlRegisterUncreatableType </item>
			<item> qWebKitMajorVersion </item>
			<item> qWebKitMinorVersion </item>
			<item> qWebKitVersion </item>
			<item> qt_extension </item>
			<item> qDBusRegisterMetaType </item>
			<item> qdbus_cast </item>
		</list>
		<list name="Qt4Types">
			<item> QtMsgHandler </item>
			<item> QtMsgType </item>
			<item> QObjectList </item>
			<item> qint8 </item>
			<item> qint16 </item>
			<item> qint32 </item>
			<item> qint64 </item>
			<item> qlonglong </item>
			<item> qptrdiff </item>
			<item> qreal </item>
			<item> quint8 </item>
			<item> quint16 </item>
			<item> quint32 </item>
			<item> quint64 </item>
			<item> quintptr </item>
			<item> qulonglong </item>
			<item> uchar </item>
			<item> uint </item>
			<item> ulong </item>
			<item> ushort </item>
			<item> Q_PID </item>
			<item> QRgb </item>
			<item> qScriptConnect </item>
			<item> qScriptDisconnect </item>
			<item> qScriptRegisterMetaType </item>
			<item> qScriptRegisterSequenceMetaType </item>
			<item> qScriptValueFromSequence </item>
			<item> qScriptValueToSequence </item>
			<item> WId </item>
		</list>
	</highlighting>
	<general>
		<comments>
			<comment name="singleLine" start="//" />
			<comment end="*/" name="multiLine" start="/*" />
		</comments>
		<keywords casesensitive="1" />
	</general>
	<codr>
		<classDef>class\s+(?P&lt;classname&gt;[a-zA-Z0-9_]+)</classDef>
		<methodDef>[a-zA-Z0-9_]+\s+(?P&lt;methodname&gt;[a-zA-Z0-9_]+)\s*\([^\)]*\)</methodDef>
		<classList>Qt4Classes</classList>
	</codr>
</language>
