<?xml version="1.0" encoding="UTF-8"?>
<!-- read from /usr/share/katepart5/syntax/cs.xml at 26/09/15 17:36:06 CEST -->
<language extensions="*.cs" kateversion="2.2" mimetype="text/x-csharp-src;text/x-csharp-hde" name="C#" section="Sources" version="1.15">
	<highlighting>
		<contexts>
			<context attribute="Normal Text" lineEndContext="#stay" name="Normal">
				<keyword String="keywords" attribute="Keyword" context="#stay" />
				<keyword String="types" attribute="Data Type" context="#stay" />
				<Float attribute="Float" context="#stay">
					<AnyChar String="fF" attribute="Float" context="#stay" />
				</Float>
				<HlCOct attribute="Octal" context="#stay" />
				<HlCHex attribute="Hex" context="#stay" />
				<Int attribute="Decimal" context="#stay">
					<StringDetect String="ULL" attribute="Decimal" context="#stay" insensitive="true" />
					<StringDetect String="LUL" attribute="Decimal" context="#stay" insensitive="true" />
					<StringDetect String="LLU" attribute="Decimal" context="#stay" insensitive="true" />
					<StringDetect String="UL" attribute="Decimal" context="#stay" insensitive="true" />
					<StringDetect String="LU" attribute="Decimal" context="#stay" insensitive="true" />
					<StringDetect String="LL" attribute="Decimal" context="#stay" insensitive="true" />
					<StringDetect String="U" attribute="Decimal" context="#stay" insensitive="true" />
					<StringDetect String="L" attribute="Decimal" context="#stay" insensitive="true" />
				</Int>
				<HlCChar attribute="Char" context="#stay" />
				<DetectChar attribute="String" char="&quot;" context="String" />
				<IncludeRules context="##Doxygen" />
				<Detect2Chars attribute="Comment" char="/" char1="/" context="Commentar 1" />
				<Detect2Chars attribute="Comment" char="/" char1="*" context="Commentar 2" />
				<DetectChar attribute="Symbol" beginRegion="block1" char="{" context="#stay" />
				<DetectChar attribute="Symbol" char="}" context="#stay" endRegion="block1" />
				<RegExpr String="\bpartial(?=\s+(class|struct|interface|void))" attribute="Keyword" context="#stay" />
				<RegExpr String="\bvar(?=\s+\w+\s*=\s*\w+)" attribute="Data Type" context="#stay" />
				<RegExpr String="\byield(?=\s+(return|break))" attribute="Keyword" context="#stay" />
				<RegExpr String="\b(set|get)(?=\s*[;{])" attribute="Keyword" context="#stay" />
				<RegExpr String="\bglobal(?=\s*::\s*\w+)" attribute="Keyword" context="#stay" />
				<RegExpr String="#region.*$" attribute="Decimal" beginRegion="Region1" context="#stay" />
				<RegExpr String="#endregion.*$" attribute="Decimal" context="#stay" endRegion="Region1" />
				<RegExpr String="\b[_\w][_\w\d]*(?=[\s]*[(])" attribute="Function" context="#stay" />
				<RegExpr String="[.]{1,1}" attribute="Symbol" context="Member" />
				<AnyChar String=":!%&amp;()+,-/.*&lt;=&gt;?[]|~^;" attribute="Symbol" context="#stay" />
			</context>
			<context attribute="String" lineEndContext="#pop" name="String">
				<LineContinue attribute="String" context="#pop" />
				<HlCStringChar attribute="String Char" context="#stay" />
				<DetectChar attribute="String" char="&quot;" context="#pop" />
			</context>
			<context attribute="Normal Text" fallthrough="true" fallthroughContext="#pop" lineEndContext="#pop" name="Member">
				<RegExpr String="\b[_\w][_\w\d]*(?=[\s]*)" attribute="Function" context="#pop" />
			</context>
			<context attribute="Comment" lineEndContext="#pop" name="Commentar 1" />
			<context attribute="Comment" lineEndContext="#stay" name="Commentar 2">
				<Detect2Chars attribute="Comment" char="*" char1="/" context="#pop" />
			</context>
		</contexts>
		<itemDatas>
			<itemData defStyleNum="dsNormal" name="Normal Text" />
			<itemData defStyleNum="dsKeyword" name="Keyword" />
			<itemData defStyleNum="dsFunction" name="Function" />
			<itemData defStyleNum="dsDataType" name="Data Type" />
			<itemData defStyleNum="dsDecVal" name="Decimal" />
			<itemData defStyleNum="dsBaseN" name="Octal" />
			<itemData defStyleNum="dsBaseN" name="Hex" />
			<itemData defStyleNum="dsFloat" name="Float" />
			<itemData defStyleNum="dsChar" name="Char" />
			<itemData defStyleNum="dsString" name="String" />
			<itemData defStyleNum="dsChar" name="String Char" />
			<itemData defStyleNum="dsComment" name="Comment" />
			<itemData defStyleNum="dsNormal" name="Symbol" />
		</itemDatas>
		<list name="types">
			<item> bool</item>
			<item> byte</item>
			<item> char</item>
			<item> const</item>
			<item> decimal</item>
			<item> double</item>
			<item> float</item>
			<item> int</item>
			<item> long</item>
			<item> object</item>
			<item> uint</item>
			<item> ushort</item>
			<item> ulong</item>
			<item> sbyte</item>
			<item> short</item>
			<item> string</item>
			<item> void</item>
		</list>
		<list name="keywords">
			<item> abstract</item>
			<item> as</item>
			<item> base</item>
			<item> break</item>
			<item> case</item>
			<item> catch</item>
			<item> class</item>
			<item> checked</item>
			<item> continue</item>
			<item> default</item>
			<item> delegate</item>
			<item> do</item>
			<item> else</item>
			<item> enum</item>
			<item> event</item>
			<item> explicit</item>
			<item> extern</item>
			<item> false</item>
			<item> for</item>
			<item> foreach</item>
			<item> finally</item>
			<item> fixed</item>
			<item> goto</item>
			<item> if</item>
			<item> implicit</item>
			<item> in</item>
			<item> interface</item>
			<item> internal</item>
			<item> is</item>
			<item> lock</item>
			<item> namespace</item>
			<item> new</item>
			<item> null</item>
			<item> operator</item>
			<item> out</item>
			<item> override</item>
			<item> params</item>
			<item> private</item>
			<item> protected</item>
			<item> public</item>
			<item> readonly</item>
			<item> ref</item>
			<item> return</item>
			<item> sealed</item>
			<item> sizeof</item>
			<item> stackalloc</item>
			<item> static</item>
			<item> struct</item>
			<item> switch</item>
			<item> this</item>
			<item> throw</item>
			<item> true</item>
			<item> try</item>
			<item> typeof</item>
			<item> unchecked</item>
			<item> unsafe</item>
			<item> using</item>
			<item> virtual</item>
			<item> while</item>
			<item> #if</item>
			<item> #else</item>
			<item> #elif</item>
			<item> #endif</item>
			<item> #define</item>
			<item> #undef</item>
			<item> #warning</item>
			<item> #error</item>
			<item> #line</item>
		</list>
	</highlighting>
	<general>
		<comments>
			<comment name="singleLine" start="//" />
			<comment end="*/" name="multiLine" start="/*" />
		</comments>
		<keywords casesensitive="1" />
	</general>
</language>
