<?xml version="1.0" encoding="UTF-8"?>
<!DOCTYPE language SYSTEM "language.dtd">
<!-- read from /usr/share/katepart5/syntax/d.xml at 25/06/15 19:33:20 CEST -->
<language author="Diggory Hardy (diggory.hardy@gmail.com), Aziz Köksal (aziz.koeksal@gmail.com), Jari-Matti Mäkelä (jmjm@iki.fi), Simon J Mackenzie (project.katedxml@smackoz.fastmail.fm)" casesensitive="true" extensions="*.d;*.D;*.di;*.DI;" kateversion="3.0" license="LGPL" mimetype="text/x-dsrc" name="D" section="Sources" version="1.62">
	<highlighting>
		<contexts>
			<context attribute="Normal Text" lineEndContext="#stay" name="normal">
				<DetectSpaces />
				<RegExpr String="[a-zA-Z_]" attribute="Normal Text" context="StartingLetter" lookAhead="true" />
				<HlCStringChar attribute="EscapeSequence" context="#stay" />
				<Detect2Chars attribute="EscapeSequence" char="\" char1="u" context="UnicodeShort" />
				<Detect2Chars attribute="EscapeSequence" char="\" char1="U" context="UnicodeLong" />
				<Detect2Chars attribute="EscapeSequence" char="\" char1="&amp;" context="HTMLEntity" />
				<DetectChar attribute="Char" char="'" context="CharLiteral" />
				<DetectChar attribute="String" char="&quot;" context="String" />
				<DetectChar attribute="BQString" char="`" context="BQString" />
				<StringDetect String="//BEGIN" attribute="Region Marker" beginRegion="Region1" context="Region Marker" firstNonSpace="true" />
				<StringDetect String="//END" attribute="Region Marker" context="Region Marker" endRegion="Region1" firstNonSpace="true" />
				<IncludeRules context="CommentRules" />
				<StringDetect String="..." attribute="Normal Text" context="#stay" />
				<Detect2Chars attribute="Normal Text" char="." char1="." />
				<RegExpr String="\.\d[\d_]*([eE][-+]?\d[\d_]*)?[fFL]?i?" attribute="Float" context="#stay" />
				<DetectChar attribute="Normal Text" char="." context="Properties" />
				<RegExpr String="\d" attribute="" context="NumberLiteral" lookAhead="true" />
				<StringDetect String="#line" attribute="Pragma" context="LinePragma" />
				<DetectChar attribute="Symbol" beginRegion="BraceA" char="{" context="#stay" />
				<DetectChar attribute="Symbol" char="}" context="#stay" endRegion="BraceA" />
				<AnyChar String=":!%&amp;()+,-/.*&lt;=&gt;?[]|~^;" attribute="Symbol" context="#stay" />
			</context>
			<context attribute="Normal Text" lineEndContext="#pop" name="StartingLetter">
				<DetectSpaces />
				<RegExpr String="[^a-zA-Z_]" attribute="Normal Text" context="#pop" lookAhead="true" />
				<RegExpr String="in\s*(?=\{)" attribute="Statement" context="#stay" />
				<RegExpr String="out\s*(?=(\(([a-zA-Z_][\w_]*)?\)\s*)?\{)" attribute="Statement" context="#stay" />
				<RegExpr String="scope\s*(?=\()" attribute="Statement" context="Scope" />
				<RegExpr String="import\s*(?=\()" attribute="Expression" context="#stay" />
				<RegExpr String="function\s*(?=\()" attribute="Declarator" context="#stay" />
				<RegExpr String="delegate\s*(?=\()" attribute="Declarator" context="#stay" />
				<keyword String="statements" attribute="Statement" context="#stay" />
				<keyword String="attributes" attribute="Attribute" context="#stay" />
				<keyword String="expressions" attribute="Expression" context="#stay" />
				<keyword String="declarators" attribute="Declarator" context="#stay" />
				<keyword String="templates" attribute="Template" context="#stay" />
				<keyword String="modules" attribute="Module" context="ModuleName" />
				<keyword String="types" attribute="Type" context="#stay" />
				<keyword String="libsymbols" attribute="LibrarySymbols" context="#stay" />
				<keyword String="linkage" attribute="Linkage" context="Linkage" />
				<keyword String="specialtokens" attribute="SpecialTokens" context="#stay" />
				<keyword String="tests" attribute="Tests" context="#stay" />
				<keyword String="pragma" attribute="Pragma" context="Pragma" />
				<keyword String="version" attribute="Version" context="Version" />
				<keyword String="deprecated" attribute="Deprecated" context="#stay" />
				<Detect2Chars attribute="RawString" char="r" char1="&quot;" context="RawString" />
				<Detect2Chars attribute="HexString" char="x" char1="&quot;" context="HexString" />
				<keyword String="userkeywords" attribute="UserKeywords" context="#stay" />
				<DetectIdentifier />
			</context>
			<context attribute="Normal Text" fallthrough="true" fallthroughContext="#pop" lineEndContext="#stay" name="Properties">
				<keyword String="properties" attribute="Property" context="#pop" />
			</context>
			<context attribute="Normal Text" fallthrough="true" fallthroughContext="#pop" lineEndContext="#stay" name="NumberLiteral">
				<RegExpr String="0[xX][\da-fA-F_]*(\.[\da-fA-F_]*)?[pP][-+]?\d[\d_]*[fFL]?i?" attribute="Float" context="#pop" />
				<RegExpr String="\d[_\d]*(\.(?!\.)[_\d]*([eE][-+]?\d[_\d]*)?[fFL]?i?|[eE][-+]?\d[_\d]*[fFL]?i?|[fF]i?|[fFL]?i)" attribute="Float" context="#pop" />
				<RegExpr String="0[bB]_*[01][01_]*(L[uU]?|[uU]L?)?" attribute="Binary" context="#pop" />
				<RegExpr String="0[0-7_]+(L[uU]?|[uU]L?)?" attribute="Octal" context="#pop" />
				<RegExpr String="0[xX]_*[\da-fA-F][\da-fA-F_]*(L[uU]?|[uU]L?)?" attribute="Hex" context="#pop" />
				<RegExpr String="\d+[\d_]*(L[uU]?|[uU]L?)?" attribute="Integer" context="#pop" />
			</context>
			<context attribute="Pragma" lineEndContext="#pop" name="LinePragma">
				<DetectSpaces />
				<RegExpr String="((0([0-7_]+|[bB]_*[01][01_]*|[xX]_*[\da-fA-F][\da-fA-F_]*))|\d+[\d_]*)(L[uU]?|[uU]L?)?" attribute="Integer" context="#stay" />
				<RegExpr String="&quot;[^&quot;]*&quot;" attribute="String" context="#stay" />
				<keyword String="specialtokens" attribute="SpecialTokens" context="#stay" />
				<IncludeRules context="CommentRules" />
				<RegExpr String=".+" attribute="Error" context="#pop" />
			</context>
			<context attribute="EscapeSequence" lineEndContext="#pop" name="UnicodeShort">
				<RegExpr String="[\da-fA-F]{4}" attribute="EscapeSequence" context="#pop" />
			</context>
			<context attribute="EscapeSequence" lineEndContext="#pop" name="UnicodeLong">
				<RegExpr String="[\da-fA-F]{8}" attribute="EscapeSequence" context="#pop" />
			</context>
			<context attribute="EscapeSequence" fallthrough="true" fallthroughContext="#pop" lineEndContext="#pop" name="HTMLEntity">
				<RegExpr String="[a-zA-Z]\w+;" attribute="EscapeSequence" context="#pop" />
			</context>
			<context attribute="Module Name" lineEndContext="#stay" name="ModuleName">
				<DetectSpaces />
				<IncludeRules context="CommentRules" />
				<RegExpr String="[^\s\w.:,=]" context="#pop" lookAhead="true" />
			</context>
			<context attribute="Normal Text" fallthrough="true" fallthroughContext="#pop" lineEndContext="#stay" name="Linkage">
				<DetectSpaces />
				<DetectChar attribute="Normal Text" char="(" context="Linkage2" />
				<IncludeRules context="CommentRules" />
			</context>
			<context attribute="Normal Text" lineEndContext="#stay" name="Linkage2">
				<DetectSpaces />
				<StringDetect String="C++" attribute="Linkage Type" context="#pop#pop" />
				<keyword String="ltypes" attribute="Linkage Type" context="#pop#pop" />
				<IncludeRules context="CommentRules" />
				<DetectChar attribute="Normal Text" char=")" context="#pop#pop" />
				<RegExpr String="[^)\s\n]+" attribute="Error" context="#pop#pop" />
			</context>
			<context attribute="Normal Text" lineEndContext="#stay" name="Version">
				<DetectSpaces />
				<DetectChar attribute="Normal Text" char="=" context="Version2" />
				<DetectChar attribute="Normal Text" char="(" context="Version2" />
				<IncludeRules context="CommentRules" />
				<RegExpr String="[^\s\n]+" attribute="Error" context="#pop" />
			</context>
			<context attribute="Normal Text" lineEndContext="#stay" name="Version2">
				<DetectSpaces />
				<keyword String="vtypes" attribute="Version Type" context="#pop#pop" />
				<DetectIdentifier attribute="Normal Text" context="#pop#pop" />
				<RegExpr String="\d+[\d_]*(L[uU]?|[uU]L?)?" attribute="Integer" context="#pop#pop" />
				<IncludeRules context="CommentRules" />
				<DetectChar attribute="Normal Text" char=")" context="#pop#pop" />
				<RegExpr String="[^)\s\n]+" attribute="Error" context="#pop#pop" />
			</context>
			<context attribute="Normal Text" fallthrough="true" fallthroughContext="#pop" lineEndContext="#stay" name="Scope">
				<DetectSpaces />
				<DetectChar attribute="Normal Text" char="(" context="Scope2" />
				<IncludeRules context="CommentRules" />
			</context>
			<context attribute="Normal Text" lineEndContext="#stay" name="Scope2">
				<DetectSpaces />
				<keyword String="scope_keywords" attribute="Expression" context="#pop#pop" />
				<IncludeRules context="CommentRules" />
				<DetectChar attribute="Normal Text" char=")" context="#pop#pop" />
				<RegExpr String="[^)\s\n]+" attribute="Error" context="#pop#pop" />
			</context>
			<context attribute="Pragma" lineEndContext="#stay" name="Pragma">
				<DetectSpaces />
				<DetectChar attribute="Normal Text" char="(" context="Pragma2" />
				<IncludeRules context="CommentRules" />
				<RegExpr String="[^\s\n]+" attribute="Error" context="#pop" />
			</context>
			<context attribute="Pragma" lineEndContext="#stay" name="Pragma2">
				<DetectSpaces />
				<keyword String="ptypes" attribute="Version Type" context="#pop#pop" />
				<DetectIdentifier attribute="Normal Text" context="#pop#pop" />
				<IncludeRules context="CommentRules" />
				<DetectChar attribute="Normal Text" char=")" context="#pop#pop" />
				<RegExpr String="[^)\s\n]+" attribute="Error" context="#pop#pop" />
			</context>
			<context attribute="RawString" lineEndContext="#stay" name="RawString">
				<DetectChar attribute="RawString" char="&quot;" context="#pop" />
			</context>
			<context attribute="BQString" lineEndContext="#stay" name="BQString">
				<DetectChar attribute="BQString" char="`" context="#pop" />
			</context>
			<context attribute="HexString" lineEndContext="#stay" name="HexString">
				<DetectChar attribute="HexString" char="&quot;" context="#pop" />
				<RegExpr String="[^\sa-fA-F\d&quot;]+" attribute="Error" context="#stay" />
			</context>
			<context attribute="Char" fallthrough="true" fallthroughContext="#pop" lineEndContext="CharLiteralClosing" name="CharLiteral">
				<DetectChar attribute="Char" char="'" context="#pop" />
				<HlCStringChar attribute="EscapeSequence" context="CharLiteralClosing" />
				<RegExpr String="\\(u[\da-fA-F]{4}|U[\da-fA-F]{8}|&amp;[a-zA-Z]\w+;)" attribute="EscapeSequence" context="CharLiteralClosing" />
				<RegExpr String="\\." attribute="Error" context="CharLiteralClosing" />
				<RegExpr String="." attribute="Char" context="CharLiteralClosing" />
			</context>
			<context attribute="Error" fallthrough="true" fallthroughContext="#pop#pop" lineEndContext="#pop#pop" name="CharLiteralClosing">
				<DetectChar attribute="Char" char="'" context="#pop#pop" />
			</context>
			<context attribute="String" lineEndContext="#stay" name="String">
				<HlCStringChar attribute="EscapeSequence" />
				<Detect2Chars attribute="String" char="&quot;" char1="c" context="#pop" />
				<Detect2Chars attribute="String" char="&quot;" char1="w" context="#pop" />
				<Detect2Chars attribute="String" char="&quot;" char1="d" context="#pop" />
				<DetectChar attribute="String" char="&quot;" context="#pop" />
				<Detect2Chars attribute="EscapeSequence" char="\" char1="u" context="UnicodeShort" />
				<Detect2Chars attribute="EscapeSequence" char="\" char1="U" context="UnicodeLong" />
				<Detect2Chars attribute="EscapeSequence" char="\" char1="&amp;" context="HTMLEntity" />
			</context>
			<context attribute="Normal Text" lineEndContext="#pop" name="CommentRules">
				<IncludeRules context="DdocNormal" />
				<Detect2Chars attribute="Comment" char="/" char1="/" context="CommentLine" />
				<Detect2Chars attribute="Comment" beginRegion="CommentBlock" char="/" char1="*" context="CommentBlock" />
				<Detect2Chars attribute="Comment" beginRegion="CommentNested" char="/" char1="+" context="CommentNested" />
			</context>
			<context attribute="Region Marker" lineEndContext="#pop" name="Region Marker">
				
			</context>
			<context attribute="Comment" lineEndContext="#pop" name="CommentLine">
				<DetectSpaces />
				<IncludeRules context="##Alerts" />
			</context>
			<context attribute="Comment" lineEndContext="#stay" name="CommentBlock">
				<DetectSpaces />
				<Detect2Chars attribute="Comment" char="*" char1="/" context="#pop" endRegion="CommentBlock" />
				<IncludeRules context="##Alerts" />
			</context>
			<context attribute="Comment" lineEndContext="#stay" name="CommentNested">
				<DetectSpaces />
				<Detect2Chars attribute="Comment" beginRegion="CommentNested" char="/" char1="+" context="CommentNested" />
				<Detect2Chars attribute="Comment" char="+" char1="/" context="#pop" endRegion="CommentNested" />
				<IncludeRules context="##Alerts" />
			</context>
			<context attribute="Normal Text" lineEndContext="#stay" name="DdocNormal">
				<RegExpr String="/{3,}" attribute="Comment" context="DdocLine" />
				<RegExpr String="/\*{2,}(?!/)" attribute="Comment" beginRegion="DdocBlock" context="DdocBlock" />
				<RegExpr String="/\+{2,}(?!/)" attribute="Comment" beginRegion="DdocNested" context="DdocNested" />
			</context>
			<context attribute="Ddoc" lineEndContext="#pop" name="DdocLine">
				<DetectSpaces />
				<DetectIdentifier attribute="Ddoc" />
				<Detect2Chars attribute="Macros" char="$" char1="(" context="DdocMacro" />
				<RegExpr String="[\w_]+:($|\s)" attribute="DdocSection" context="#stay" />
				<IncludeRules context="##Alerts" />
			</context>
			<context attribute="Ddoc" lineEndContext="#stay" name="DdocBlock">
				<DetectSpaces />
				<DetectIdentifier attribute="Ddoc" />
				<RegExpr String="\*+/" attribute="Comment" context="#pop" endRegion="DdocBlock" />
				<DetectChar attribute="Comment" char="*" context="#stay" firstNonSpace="true" />
				<Detect2Chars attribute="Macros" char="$" char1="(" context="DdocMacro" />
				<RegExpr String="[\w_]+:($|\s)" attribute="DdocSection" context="#stay" />
				<IncludeRules context="##Alerts" />
				<RegExpr String="[^-]-{3,}" attribute="Ddoc" context="#stay" />
				<RegExpr String="-{3,}($|\s)" attribute="Comment" context="DdocBlockCode" />
			</context>
			<context attribute="Ddoc" lineEndContext="#stay" name="DdocNested">
				<DetectSpaces />
				<DetectIdentifier attribute="Ddoc" />
				<Detect2Chars attribute="Ddoc" char="/" char1="+" context="DdocNested2" />
				<RegExpr String="\++/" attribute="Comment" context="#pop" endRegion="DdocNested" />
				<DetectChar attribute="Comment" char="+" context="#stay" firstNonSpace="true" />
				<Detect2Chars attribute="Macros" char="$" char1="(" context="DdocMacro" />
				<RegExpr String="[\w_]+:($|\s)" attribute="DdocSection" context="#stay" />
				<IncludeRules context="##Alerts" />
				<RegExpr String="[^-]-{3,}" attribute="Ddoc" context="#stay" />
				<RegExpr String="-{3,}($|\s)" attribute="Comment" context="DdocNestedCode" />
			</context>
			<context attribute="Ddoc" lineEndContext="#stay" name="DdocNested2">
				<DetectSpaces />
				<DetectIdentifier attribute="Ddoc" />
				<RegExpr String="\++/" attribute="Ddoc" context="#pop" />
				<IncludeRules context="DdocNested" />
			</context>
			<context attribute="Error" lineEndContext="#stay" name="DdocMacro">
				<DetectSpaces attribute="Macro Text" />
				<DetectChar attribute="Macros" char=")" context="#pop" />
				<IncludeRules context="MacroRules" />
				<DetectIdentifier attribute="Macros" context="DdocMacro2" />
			</context>
			<context attribute="Macro Text" lineEndContext="#stay" name="DdocMacro2">
				<DetectChar attribute="Macros" char=")" context="#pop#pop" />
				<IncludeRules context="MacroRules" />
			</context>
			<context attribute="Macro Text" lineEndContext="#stay" name="DdocMacro3">
				<DetectChar attribute="Macro Text" char=")" context="#pop" />
				<IncludeRules context="MacroRules" />
			</context>
			<context attribute="Macro Text" lineEndContext="#stay" name="MacroRules">
				<Detect2Chars attribute="Macros" char="$" char1="(" context="DdocMacro" />
				<DetectChar attribute="Macro Text" char="(" context="DdocMacro3" />
				<DetectChar attribute="Comment" char="*" context="#stay" firstNonSpace="true" />
			</context>
			<context attribute="DdocCode" lineEndContext="#stay" name="DdocBlockCode">
				<DetectSpaces />
				<RegExpr String="\*+/" attribute="Comment" context="#pop#pop" endRegion="DdocBlock" />
				<DetectChar attribute="Comment" char="*" context="#stay" firstNonSpace="true" />
				<RegExpr String="[^-]-{3,}" attribute="DdocCode" context="#stay" />
				<RegExpr String="-{3,}($|\s)" attribute="Comment" context="#pop" />
				<IncludeRules context="##D" />
			</context>
			<context attribute="DdocCode" lineEndContext="#stay" name="DdocNestedCode">
				<DetectSpaces />
				<RegExpr String="\++/" attribute="Comment" context="#pop#pop" endRegion="DdocNested" />
				<DetectChar attribute="Comment" char="+" context="#stay" firstNonSpace="true" />
				<RegExpr String="[^-]-{3,}" attribute="DdocCode" context="#stay" />
				<RegExpr String="-{3,}($|\s)" attribute="Comment" context="#pop" />
				<IncludeRules context="##D" />
			</context>
		</contexts>
		<itemDatas>
			<itemData defStyleNum="dsNormal" name="Normal Text" />
			<itemData defStyleNum="dsNormal" name="Symbol" />
			<itemData defStyleNum="dsKeyword" name="Statement" />
			<itemData name="Expression" defStyleNum="dsKeyword" />
			<itemData name="Declarator" defStyleNum="dsKeyword" />
			<itemData name="Template" defStyleNum="dsKeyword" />
			<itemData name="Attribute" defStyleNum="dsKeyword" />
			<itemData name="Deprecated" defStyleNum="dsAnnotation" />
			<itemData name="Property" defStyleNum="dsDataType" />
			<itemData defStyleNum="dsDataType" name="Type" />
			<itemData name="LibrarySymbols" defStyleNum="dsDataType" />
			<itemData name="UserKeywords" defStyleNum="dsDataType" />
			<itemData name="Module" defStyleNum="dsKeyword" />
			<itemData name="Module Name" defStyleNum="dsNormal" />
			<itemData name="SpecialTokens" defStyleNum="dsNormal" />
			<itemData name="Pragma" defStyleNum="dsKeyword" />
			<itemData name="Version" defStyleNum="dsFloat" />
			<itemData name="Version Type" defStyleNum="dsNormal" />
			<itemData name="Linkage" defStyleNum="dsKeyword" />
			<itemData name="Linkage Type" defStyleNum="dsNormal" />
			<itemData name="Tests" defStyleNum="dsKeyword" />
			<itemData defStyleNum="dsComment" name="Comment" />
			<itemData defStyleNum="dsRegionMarker" name="Region Marker" />
			<itemData defStyleNum="dsError" name="Error" />
			<itemData defStyleNum="dsDecVal" name="Integer" />
			<itemData defStyleNum="dsBaseN" name="Binary" />
			<itemData defStyleNum="dsBaseN" name="Octal" />
			<itemData defStyleNum="dsBaseN" name="Hex" />
			<itemData defStyleNum="dsFloat" name="Float" />
			<itemData name="EscapeSequence" defStyleNum="dsSpecialStringChar" />
			<itemData defStyleNum="dsString" name="String" />
			<itemData defStyleNum="dsChar" name="Char" />
			<itemData name="RawString" defStyleNum="dsSpecialString" />
			<itemData name="BQString" defStyleNum="dsSpecialString" />
			<itemData name="HexString" defStyleNum="dsSpecialStringChar" />
			<itemData name="Macros" defStyleNum="dsPreprocessor" />
			<itemData name="Macro Text" defStyleNum="dsNormal" />
			<itemData name="Ddoc" defStyleNum="dsDocumentation" />
			<itemData name="DdocSection" defStyleNum="dsDocumentation" />
			<itemData name="DdocCode" defStyleNum="dsCommentVar" />
		</itemDatas>
		<list name="types">
			<item> typeof </item>
			<item> void </item>
			<item> bool </item>
			<item> byte </item>
			<item> ubyte </item>
			<item> short </item>
			<item> ushort </item>
			<item> int </item>
			<item> uint </item>
			<item> long </item>
			<item> ulong </item>
			<item> cent </item>
			<item> ucent </item>
			<item> float </item>
			<item> double </item>
			<item> real </item>
			<item> ireal </item>
			<item> ifloat </item>
			<item> idouble </item>
			<item> creal </item>
			<item> cfloat </item>
			<item> cdouble </item>
			<item> char </item>
			<item> wchar </item>
			<item> dchar </item>
		</list>
		<list name="libsymbols">
			<item> size_t </item>
			<item> ptrdiff_t </item>
			<item> hash_t </item>
			<item> Error </item>
			<item> Exception </item>
			<item> Object </item>
			<item> TypeInfo </item>
			<item> ClassInfo </item>
			<item> ModuleInfo </item>
			<item> Interface </item>
			<item> OffsetTypeInfo </item>
			<item> TypeInfo_Typedef </item>
			<item> TypeInfo_Enum </item>
			<item> TypeInfo_Pointer </item>
			<item> TypeInfo_Array </item>
			<item> TypeInfo_StaticArray </item>
			<item> TypeInfo_AssociativeArray </item>
			<item> TypeInfo_Function </item>
			<item> TypeInfo_Delegate </item>
			<item> TypeInfo_Class </item>
			<item> TypeInfo_Interface </item>
			<item> TypeInfo_Struct </item>
			<item> TypeInfo_Tuple </item>
			<item> string </item>
			<item> wstring </item>
			<item> dstring </item>
			<item> bit </item>
			<item> TypeInfo_Const </item>
			<item> TypeInfo_Invariant </item>
		</list>
		<list name="templates">
			<item> macro </item>
			<item> template </item>
		</list>
		<list name="deprecated">
			<item> deprecated </item>
			<item> volatile </item>
		</list>
		<list name="specialtokens">
			<item> __FILE__ </item>
			<item> __LINE__ </item>
			<item> __DATE__ </item>
			<item> __TIME__ </item>
			<item> __TIMESTAMP__ </item>
			<item> __VENDOR__ </item>
			<item> __VERSION__ </item>
			<item> __EOF__ </item>
		</list>
		<list name="statements">
			<item> asm </item>
			<item> body </item>
			<item> break </item>
			<item> case </item>
			<item> catch </item>
			<item> continue </item>
			<item> default </item>
			<item> do </item>
			<item> else </item>
			<item> finally </item>
			<item> for </item>
			<item> foreach </item>
			<item> foreach_reverse </item>
			<item> goto </item>
			<item> if </item>
			<item> mixin </item>
			<item> return </item>
			<item> switch </item>
			<item> throw </item>
			<item> try </item>
			<item> while </item>
			<item> with </item>
			<item> synchronized </item>
		</list>
		<list name="linkage">
			<item> extern </item>
		</list>
		<list name="ltypes">
			<item> C </item>
			<item> D </item>
			<item> Windows </item>
			<item> Pascal </item>
			<item> System </item>
		</list>
		<list name="expressions">
			<item> false </item>
			<item> null </item>
			<item> super </item>
			<item> this </item>
			<item> true </item>
			<item> typeid </item>
			<item> assert </item>
			<item> cast </item>
			<item> is </item>
			<item> new </item>
			<item> delete </item>
			<item> in </item>
			<item> delegate </item>
			<item> function </item>
		</list>
		<list name="version">
			<item> version </item>
		</list>
		<list name="modules">
			<item> module </item>
			<item> import </item>
		</list>
		<list name="pragma">
			<item> pragma </item>
		</list>
		<list name="ptypes">
			<item> msg </item>
			<item> lib </item>
		</list>
		<list name="tests">
			<item> debug </item>
			<item> unittest </item>
		</list>
		<list name="vtypes">
			<item> DigitalMars </item>
			<item> X86 </item>
			<item> X86_64 </item>
			<item> Windows </item>
			<item> Win32 </item>
			<item> Win64 </item>
			<item> linux </item>
			<item> LittleEndian </item>
			<item> BigEndian </item>
			<item> D_Coverage </item>
			<item> D_InlineAsm_X86 </item>
			<item> unittest </item>
			<item> D_Version2 </item>
			<item> none </item>
			<item> all </item>
		</list>
		<list name="declarators">
			<item> alias </item>
			<item> enum </item>
			<item> typedef </item>
			<item> class </item>
			<item> interface </item>
			<item> struct </item>
			<item> union </item>
		</list>
		<list name="attributes">
			<item> abstract </item>
			<item> align </item>
			<item> auto </item>
			<item> const </item>
			<item> export </item>
			<item> final </item>
			<item> immutable </item>
			<item> inout </item>
			<item> invariant </item>
			<item> lazy </item>
			<item> nothrow </item>
			<item> override </item>
			<item> package </item>
			<item> private </item>
			<item> protected </item>
			<item> public </item>
			<item> pure </item>
			<item> ref </item>
			<item> static </item>
			<item> out </item>
			<item> scope </item>
		</list>
		<list name="scope_keywords">
			<item> exit </item>
			<item> success </item>
			<item> failure </item>
		</list>
		<list name="userkeywords">
		</list>
		<list name="properties">
			<item> init </item>
			<item> sizeof </item>
			<item> alignof </item>
			<item> mangleof </item>
			<item> stringof </item>
			<item> tupleof </item>
			<item> offsetof </item>
			<item> max </item>
			<item> min </item>
			<item> infinity </item>
			<item> nan </item>
			<item> dig </item>
			<item> epsilon </item>
			<item> mant_dig </item>
			<item> max_10_exp </item>
			<item> max_exp </item>
			<item> min_10_exp </item>
			<item> min_exp </item>
			<item> re </item>
			<item> im </item>
			<item> length </item>
			<item> ptr </item>
			<item> dup </item>
			<item> idup </item>
			<item> reverse </item>
			<item> sort </item>
			<item> keys </item>
			<item> values </item>
			<item> rehash </item>
		</list>
	</highlighting>
	<general>
		<comments>
			<comment name="singleLine" start="//" />
			<comment end="+/" name="multiLine" region="CommentNested" start="/+" />
		</comments>
		<keywords casesensitive="true" />
	</general>
</language>
