<?xml version="1.0" encoding="UTF-8"?>
<!-- read from /usr/share/katepart5/syntax/diff.xml at 26/06/15 21:52:57 CEST -->
<language extensions="*.diff;*patch" kateversion="2.4" mimetype="text/x-patch" name="Diff" section="Other" version="1.12">
	<highlighting>
		<contexts>
			<context attribute="Normal Text" lineEndContext="#stay" name="Normal">
				<RegExpr String="(\@\@|\d).*$" attribute="Header" beginRegion="chunk" column="0" context="Chunk" />
				<RegExpr String="\*+$" attribute="Header" beginRegion="chunk" column="0" context="RChunk" />
				<RegExpr String="Only in .*:.*$" attribute="File" column="0" context="#stay" />
				<RegExpr String="diff.*$" attribute="File" beginRegion="chunk" column="0" context="RFile" />
				<RegExpr String="====.*$" attribute="File" column="0" context="#stay" />
				<RegExpr String="(\*\*\*|\-\-\-).*$" attribute="File" beginRegion="chunk" column="0" context="File" />
				<IncludeRules context="FindDiff" />
				<DetectChar attribute="Changed line" char="!" column="0" context="ChangedOld" />
			</context>
			<context attribute="Normal Text" lineEndContext="#stay" name="FindDiff">
				<RegExpr String="\-\-\-.*$" attribute="File" column="0" context="#stay" />
				<RegExpr String="(\+\+\+|\-\-\-).*$" attribute="Header" column="0" context="#stay" />
				<AnyChar String="+&gt;" attribute="Added line" column="0" context="Added" />
				<AnyChar String="-&lt;" attribute="Removed line" column="0" context="Removed" />
			</context>
			<context attribute="Normal Text" lineEndContext="#stay" name="File">
				<IncludeRules context="FindDiff" />
				<RegExpr String="(\@\@|\d).*$" attribute="Header" beginRegion="chunk" column="0" context="ChunkInFile" />
				<RegExpr String="\*+$" attribute="Header" beginRegion="chunk" column="0" context="RChunkInFile" />
				<RegExpr String="(====|\*\*\*|\-\-\-|diff|Only in .*:).*$" attribute="File" column="0" context="#pop" endRegion="chunk" />
				<DetectChar attribute="Changed line (old)" char="!" column="0" context="ChangedOld" />
			</context>
			<context attribute="Normal Text" lineEndContext="#stay" name="Chunk">
				<IncludeRules context="FindDiff" />
				<RegExpr String="(\@\@|\d).*$" attribute="Header" column="0" context="#pop" endRegion="chunk" lookAhead="true" />
				<DetectChar attribute="Changed line (old)" char="!" column="0" context="ChangedOld" />
			</context>
			<context attribute="Normal Text" lineEndContext="#stay" name="ChunkInFile">
				<IncludeRules context="FindDiff" />
				<RegExpr String="(\@\@|\d).*$" attribute="Header" column="0" context="#pop" endRegion="chunk" lookAhead="true" />
				<RegExpr String="Index:.*" attribute="Normal Text" column="0" context="#pop" endRegion="chunk" />
				<RegExpr String="(====|\*\*\*|\-\-\-|diff|Only in .*:).*$" attribute="File" column="0" context="#pop" endRegion="chunk" lookAhead="true" />
				<DetectChar attribute="Changed line (old)" char="!" column="0" context="ChangedOld" />
			</context>
			<context attribute="Normal Text" lineEndContext="#stay" name="RFile">
				<RegExpr String="(diff|Only in .*:).*$" attribute="File" column="0" context="#pop" endRegion="chunk" lookAhead="true" />
				<RegExpr String="(====|\*\*\*|\-\-\-|diff|Only in .*:).*$" attribute="Header" column="0" context="#stay" />
				<RegExpr String="\*+$" attribute="Header" beginRegion="chunk" column="0" context="RChunkInFile" />
				<IncludeRules context="File" />
			</context>
			<context attribute="Normal Text" lineEndContext="#stay" name="RChunk">
				<RegExpr String="\*\*\* .* \*\*\*\*$" attribute="Header" column="0" context="#stay" />
				<RegExpr String="\-\-\- .* \-\-\-\-$" attribute="Header" column="0" context="RChunkNew" />
				<IncludeRules context="Chunk" />
			</context>
			<context attribute="Normal Text" lineEndContext="#stay" name="RChunkInFile">
				<RegExpr String="\*\*\* .* \*\*\*\*$" attribute="Header" column="0" context="#stay" />
				<RegExpr String="\-\-\- .* \-\-\-\-$" attribute="Header" column="0" context="RChunkInFileNew" />
				<IncludeRules context="ChunkInFile" />
			</context>
			<context attribute="Normal Text" lineEndContext="#stay" name="RChunkNew">
				<RegExpr String="(\@\@|\d).*$" attribute="Header" column="0" context="#pop#pop" lookAhead="true" />
				<DetectChar attribute="Changed line (new)" char="!" column="0" context="ChangedNew" />
				<IncludeRules context="FindDiff" />
			</context>
			<context attribute="Normal Text" lineEndContext="#stay" name="RChunkInFileNew">
				<RegExpr String="(\@\@|\d).*$" attribute="Header" column="0" context="#pop#pop" lookAhead="true" />
				<RegExpr String="(====|\*\*\*|\-\-\-|diff|Only in .*:).*$" attribute="File" column="0" context="#pop#pop" endRegion="chunk" lookAhead="true" />
				<DetectChar attribute="Changed line (new)" char="!" column="0" context="ChangedNew" />
				<IncludeRules context="FindDiff" />
			</context>
			<context attribute="File" lineEndContext="#pop" name="File" />
			<context attribute="Removed line" lineEndContext="#pop" name="Removed" />
			<context attribute="Added line" lineEndContext="#pop" name="Added" />
			<context attribute="Changed line (old)" lineEndContext="#pop" name="ChangedOld" />
			<context attribute="Changed line (new)" lineEndContext="#pop" name="ChangedNew" />
		</contexts>
		<itemDatas>
			<itemData defStyleNum="dsNormal" name="Normal Text" />
			<itemData defStyleNum="dsKeyword" name="File" />
			<itemData defStyleNum="dsDataType" name="Header" />
			<itemData color="#FF0000" defStyleNum="dsString" name="Removed line" />
			<itemData color="#0000FF" defStyleNum="dsOthers" name="Added line" />
			<itemData color="#FF0000" defStyleNum="dsString" name="Changed line (old)" />
			<itemData color="#0000FF" defStyleNum="dsOthers" name="Changed line (new)" />
		</itemDatas>
	</highlighting>
</language>
