<?xml version="1.0" encoding="UTF-8"?>
<!DOCTYPE language SYSTEM "language.dtd">
<!-- read from /usr/share/katepart5/syntax/djangotemplate.xml at 25/06/15 19:33:21 CEST -->
<language author="Matthew Marshall (matthew@matthewmarshall.org)" extensions="*.htm;*.html" kateversion="2.4" license="LGPL" mimetype="text/html" name="Django HTML Template" priority="9" section="Markup" version="1.3">
	<highlighting>
		<contexts>
			<context attribute="Normal Text" lineEndContext="#stay" name="Start">
				<RegExpr String="\{%\s*end[a-z]+\s*%\}" attribute="Mismatched Block Tag" context="#stay" />
				<IncludeRules context="FindTemplate" />
				<IncludeRules context="FindHTML" />
			</context>
			<context attribute="Normal Text" lineEndContext="#stay" name="In Block">
				<RegExpr String="\{%\s*end[a-z]+\s*%\}" context="#pop" lookAhead="true" />
				<IncludeRules context="FindTemplate" />
				<IncludeRules context="FindHTML" />
			</context>
			<context attribute="Normal Text" lineEndContext="#stay" name="FindTemplate">
				<RegExpr String="\{%\s*comment\s*%\}" attribute="Template Comment" beginRegion="templatecomment" context="Template Comment" />
				<Detect2Chars attribute="Template Var" char="{" char1="{" context="Template Var" />
				<Detect2Chars attribute="Template Tag" char="{" char1="%" context="Template Tag" />
			</context>
			<context attribute="Template Comment" lineEndContext="#stay" name="Template Comment">
				<RegExpr String="\{%\s*endcomment\s*%\}" attribute="Template Comment" context="#pop" endRegion="templatecomment" />
			</context>
			<context attribute="Template Var" lineEndContext="#stay" name="Template Var">
				<Detect2Chars attribute="Template Var" char="}" char1="}" context="#pop" />
				<DetectChar attribute="Template Filter" char="|" context="Template Filter" />
				<Detect2Chars attribute="Error" char="{" char1="{" context="#stay" />
				<Detect2Chars attribute="Error" char="{" char1="%" context="#stay" />
				<Detect2Chars attribute="Error" char="%" char1="}" context="#stay" />
			</context>
			<context attribute="Template Filter" lineEndContext="#stay" name="Template Filter">
				<Detect2Chars attribute="Template Var" char="}" char1="}" context="#pop#pop" />
				<DetectChar attribute="Template String" char="'" context="Single A-string" />
				<DetectChar attribute="Template String" char="&quot;" context="Single Q-string" />
				<Detect2Chars attribute="Error" char="{" char1="{" context="#stay" />
				<Detect2Chars attribute="Error" char="{" char1="%" context="#stay" />
				<Detect2Chars attribute="Error" char="%" char1="}" context="#stay" />
			</context>
			<context attribute="Template Tag" lineEndContext="#stay" name="Template Tag">
				<keyword String="blocktags" attribute="Template Tag" context="Found Block Tag" lookAhead="true" />
				<DetectIdentifier attribute="Template Tag" context="In Template Tag" />
			</context>
			<context attribute="Template Tag" lineEndContext="#stay" name="Found Block Tag">
				<RegExpr String="([A-Za-z_:][\w.:_-]*)" attribute="Template Tag" context="In Block Tag" />
			</context>
			<context attribute="Template Tag Argument" dynamic="true" lineEndContext="#stay" name="In Block Tag">
				<RegExpr String="\{%\s*end%1\s*%\}" attribute="Template Tag" context="#pop#pop#pop" dynamic="true" />
				<RegExpr String="\{%\s*end[a-z]+\s*%\}" context="Non Matching Tag" lookAhead="true" />
				<Detect2Chars attribute="Template Tag" char="%" char1="}" context="In Block" />
				<IncludeRules context="In Template Tag" />
			</context>
			<context attribute="Template Tag" lineEndContext="#stay" name="Non Matching Tag">
				<keyword String="endblocktags" attribute="Mismatched Block Tag" context="#pop" />
				<DetectIdentifier attribute="Template Tag" context="#pop" />
			</context>
			<context attribute="Template Tag Argument" lineEndContext="#stay" name="In Template Tag">
				<Detect2Chars attribute="Template Tag" char="%" char1="}" context="#pop#pop" />
				<DetectChar attribute="Template String" char="'" context="Single A-string" />
				<DetectChar attribute="Template String" char="&quot;" context="Single Q-string" />
				<Detect2Chars attribute="Error" char="{" char1="{" context="#stay" />
				<Detect2Chars attribute="Error" char="{" char1="%" context="#stay" />
				<Detect2Chars attribute="Error" char="}" char1="}" context="#stay" />
			</context>
			<context attribute="Template String" lineEndContext="#stay" name="Single A-string">
				<HlCStringChar attribute="Template String" context="#stay" />
				<DetectChar attribute="Template String" char="'" context="#pop" />
			</context>
			<context attribute="Template String" lineEndContext="#stay" name="Single Q-string">
				<HlCStringChar attribute="Template String" context="#stay" />
				<DetectChar attribute="Template String" char="&quot;" context="#pop" />
			</context>
			<context attribute="Normal Text" lineEndContext="#stay" name="FindHTML">
				<DetectSpaces />
				<DetectIdentifier />
				<StringDetect String="&lt;!--" attribute="Comment" beginRegion="comment" context="Comment" />
				<StringDetect String="&lt;![CDATA[" attribute="CDATA" beginRegion="cdata" context="CDATA" />
				<RegExpr String="&lt;!DOCTYPE\s+" attribute="Doctype" beginRegion="doctype" context="Doctype" />
				<RegExpr String="&lt;\?[\w:-]*" attribute="Processing Instruction" beginRegion="pi" context="PI" />
				<RegExpr String="&lt;style\b" attribute="Element" beginRegion="style" context="CSS" insensitive="true" />
				<RegExpr String="&lt;script\b" attribute="Element" beginRegion="script" context="JS" insensitive="true" />
				<RegExpr String="&lt;pre\b" attribute="Element" beginRegion="pre" context="El Open" insensitive="true" />
				<RegExpr String="&lt;div\b" attribute="Element" beginRegion="div" context="El Open" insensitive="true" />
				<RegExpr String="&lt;table\b" attribute="Element" beginRegion="table" context="El Open" insensitive="true" />
				<RegExpr String="&lt;[A-Za-z_:][\w.:_-]*" attribute="Element" context="El Open" />
				<RegExpr String="&lt;/pre\b" attribute="Element" context="El Close" endRegion="pre" insensitive="true" />
				<RegExpr String="&lt;/div\b" attribute="Element" context="El Close" endRegion="div" insensitive="true" />
				<RegExpr String="&lt;/table\b" attribute="Element" context="El Close" endRegion="table" insensitive="true" />
				<RegExpr String="&lt;/[A-Za-z_:][\w.:_-]*" attribute="Element" context="El Close" />
				<IncludeRules context="FindDTDRules" />
				<IncludeRules context="FindEntityRefs" />
			</context>
			<context attribute="Normal Text" lineEndContext="#stay" name="FindEntityRefs">
				<RegExpr String="&amp;(#[0-9]+|#[xX][0-9A-Fa-f]+|[A-Za-z_:][\w.:_-]*);" attribute="EntityRef" context="#stay" />
				<AnyChar String="&amp;&lt;" attribute="Error" context="#stay" />
			</context>
			<context attribute="Normal Text" lineEndContext="#stay" name="FindPEntityRefs">
				<RegExpr String="&amp;(#[0-9]+|#[xX][0-9A-Fa-f]+|[A-Za-z_:][\w.:_-]*);" attribute="EntityRef" context="#stay" />
				<RegExpr String="%[A-Za-z_:][\w.:_-]*;" attribute="PEntityRef" context="#stay" />
				<AnyChar String="&amp;%" attribute="Error" context="#stay" />
			</context>
			<context attribute="Normal Text" lineEndContext="#stay" name="FindAttributes">
				<RegExpr String="[A-Za-z_:][\w.:_-]*" attribute="Attribute" column="0" context="#stay" />
				<RegExpr String="\s+[A-Za-z_:][\w.:_-]*" attribute="Attribute" context="#stay" />
				<DetectChar attribute="Attribute" char="=" context="Value" />
			</context>
			<context attribute="Normal Text" lineEndContext="#stay" name="FindDTDRules">
				<RegExpr String="&lt;!(ELEMENT|ENTITY|ATTLIST|NOTATION)\b" attribute="Doctype" context="Doctype Markupdecl" />
			</context>
			<context attribute="Comment" lineEndContext="#stay" name="Comment">
				<DetectSpaces />
				<IncludeRules context="##Alerts" />
				<IncludeRules context="FindTemplate" />
				<DetectIdentifier />
				<StringDetect String="--&gt;" attribute="Comment" context="#pop" endRegion="comment" />
				<RegExpr String="-(-(?!-&gt;))+" attribute="Error" context="#stay" />
			</context>
			<context attribute="Normal Text" lineEndContext="#stay" name="CDATA">
				<DetectSpaces />
				<DetectIdentifier />
				<StringDetect String="]]&gt;" attribute="CDATA" context="#pop" endRegion="cdata" />
				<StringDetect String="]]&amp;gt;" attribute="EntityRef" context="#stay" />
			</context>
			<context attribute="Normal Text" lineEndContext="#stay" name="PI">
				<Detect2Chars attribute="Processing Instruction" char="?" char1="&gt;" context="#pop" endRegion="pi" />
			</context>
			<context attribute="Normal Text" lineEndContext="#stay" name="Doctype">
				<DetectChar attribute="Doctype" char="&gt;" context="#pop" endRegion="doctype" />
				<DetectChar attribute="Doctype" beginRegion="int_subset" char="[" context="Doctype Internal Subset" />
			</context>
			<context attribute="Normal Text" lineEndContext="#stay" name="Doctype Internal Subset">
				<DetectChar attribute="Doctype" char="]" context="#pop" endRegion="int_subset" />
				<IncludeRules context="FindDTDRules" />
				<StringDetect String="&lt;!--" attribute="Comment" beginRegion="comment" context="Comment" />
				<RegExpr String="&lt;\?[\w:-]*" attribute="Processing Instruction" beginRegion="pi" context="PI" />
				<IncludeRules context="FindPEntityRefs" />
			</context>
			<context attribute="Normal Text" lineEndContext="#stay" name="Doctype Markupdecl">
				<DetectChar attribute="Doctype" char="&gt;" context="#pop" />
				<DetectChar attribute="Value" char="&quot;" context="Doctype Markupdecl DQ" />
				<DetectChar attribute="Value" char="'" context="Doctype Markupdecl SQ" />
			</context>
			<context attribute="Value" lineEndContext="#stay" name="Doctype Markupdecl DQ">
				<DetectChar attribute="Value" char="&quot;" context="#pop" />
				<IncludeRules context="FindPEntityRefs" />
			</context>
			<context attribute="Value" lineEndContext="#stay" name="Doctype Markupdecl SQ">
				<DetectChar attribute="Value" char="'" context="#pop" />
				<IncludeRules context="FindPEntityRefs" />
			</context>
			<context attribute="Normal Text" lineEndContext="#stay" name="El Open">
				<Detect2Chars attribute="Element" char="/" char1="&gt;" context="#pop" />
				<DetectChar attribute="Element" char="&gt;" context="#pop" />
				<IncludeRules context="FindAttributes" />
				<IncludeRules context="FindTemplate" />
				<RegExpr String="\S" attribute="Error" context="#stay" />
			</context>
			<context attribute="Normal Text" lineEndContext="#stay" name="El Close">
				<DetectChar attribute="Element" char="&gt;" context="#pop" />
				<RegExpr String="\S" attribute="Error" context="#stay" />
			</context>
			<context attribute="Normal Text" lineEndContext="#stay" name="El Close 2">
				<DetectChar attribute="Element" char="&gt;" context="#pop#pop#pop" />
				<RegExpr String="\S" attribute="Error" context="#stay" />
			</context>
			<context attribute="Normal Text" lineEndContext="#stay" name="El Close 3">
				<DetectChar attribute="Element" char="&gt;" context="#pop#pop#pop#pop" />
				<RegExpr String="\S" attribute="Error" context="#stay" />
			</context>
			<context attribute="Normal Text" lineEndContext="#stay" name="CSS">
				<Detect2Chars attribute="Element" char="/" char1="&gt;" context="#pop" endRegion="style" />
				<DetectChar attribute="Element" char="&gt;" context="CSS content" />
				<IncludeRules context="FindAttributes" />
				<IncludeRules context="FindTemplate" />
				<RegExpr String="\S" attribute="Error" context="#stay" />
			</context>
			<context attribute="Normal Text" lineEndContext="#stay" name="CSS content">
				<RegExpr String="&lt;/style\b" attribute="Element" context="El Close 2" endRegion="style" insensitive="true" />
				<IncludeRules context="FindTemplate" />
				<IncludeRules context="##CSS" includeAttrib="true" />
			</context>
			<context attribute="Normal Text" lineEndContext="#stay" name="JS">
				<Detect2Chars attribute="Element" char="/" char1="&gt;" context="#pop" endRegion="script" />
				<DetectChar attribute="Element" char="&gt;" context="JS content" />
				<IncludeRules context="FindTemplate" />
				<IncludeRules context="FindAttributes" />
				<RegExpr String="\S" attribute="Error" context="#stay" />
			</context>
			<context attribute="Normal Text" lineEndContext="#stay" name="JS content">
				<RegExpr String="&lt;/script\b" attribute="Element" context="El Close 2" endRegion="script" insensitive="true" />
				<RegExpr String="//(?=.*&lt;/script\b)" attribute="Comment" context="JS comment close" insensitive="true" />
				<IncludeRules context="FindTemplate" />
				<IncludeRules context="Normal##JavaScript" includeAttrib="true" />
			</context>
			<context attribute="Comment" lineEndContext="#pop" name="JS comment close">
				<RegExpr String="&lt;/script\b" attribute="Element" context="El Close 3" endRegion="script" insensitive="true" />
				<IncludeRules context="FindTemplate" />
				<IncludeRules context="##Alerts" />
			</context>
			<context attribute="Normal Text" fallthrough="true" fallthroughContext="Value NQ" lineEndContext="#stay" name="Value">
				<DetectChar attribute="Value" char="&quot;" context="Value DQ" />
				<DetectChar attribute="Value" char="'" context="Value SQ" />
				<DetectSpaces />
			</context>
			<context attribute="Normal Text" fallthrough="true" fallthroughContext="#pop#pop" lineEndContext="#pop#pop" name="Value NQ">
				<IncludeRules context="FindEntityRefs" />
				<IncludeRules context="FindTemplate" />
				<RegExpr String="/(?!&gt;)" attribute="Value" context="#stay" />
				<RegExpr String="[^/&gt;&lt;&quot;'\s]" attribute="Value" context="#stay" />
			</context>
			<context attribute="Value" lineEndContext="#stay" name="Value DQ">
				<DetectChar attribute="Value" char="&quot;" context="#pop#pop" />
				<IncludeRules context="FindTemplate" />
				<IncludeRules context="FindEntityRefs" />
			</context>
			<context attribute="Value" lineEndContext="#stay" name="Value SQ">
				<DetectChar attribute="Value" char="'" context="#pop#pop" />
				<IncludeRules context="FindTemplate" />
				<IncludeRules context="FindEntityRefs" />
			</context>
		</contexts>
		<itemDatas>
			<itemData defStyleNum="dsNormal" name="Normal Text" />
			<itemData defStyleNum="dsComment" name="Comment" />
			<itemData bold="1" defStyleNum="dsBaseN" name="CDATA" />
			<itemData defStyleNum="dsKeyword" name="Processing Instruction" />
			<itemData bold="1" defStyleNum="dsDataType" name="Doctype" />
			<itemData defStyleNum="dsKeyword" name="Element" />
			<itemData defStyleNum="dsOthers" name="Attribute" />
			<itemData name="Value" defStyleNum="dsString" />
			<itemData defStyleNum="dsDecVal" name="EntityRef" />
			<itemData defStyleNum="dsDecVal" name="PEntityRef" />
			<itemData defStyleNum="dsError" name="Error" />
			<itemData defStyleNum="dsFunction" name="Template Var" />
			<itemData defStyleNum="dsFunction" name="Template Tag" />
			<itemData defStyleNum="dsFunction" name="Template Tag Argument" />
			<itemData defStyleNum="dsString" name="Template String" />
			<itemData defStyleNum="dsComment" name="Template Comment" />
			<itemData defStyleNum="dsOthers" name="Template Filter" />
			<itemData defStyleNum="dsError" name="Mismatched Block Tag" />
		</itemDatas>
		<list name="endblocktags">
			<item>endfor</item>
			<item>endblock</item>
			<item>endif</item>
			<item>endifequal</item>
			<item>endifnotequal</item>
			<item>endifchanged</item>
			<item>endblocktrans</item>
			<item>endspaceless</item>
			<item>endautoescape</item>
		</list>
		<list name="blocktags">
			<item>for</item>
			<item>block</item>
			<item>if</item>
			<item>ifequal</item>
			<item>ifnotequal</item>
			<item>ifchanged</item>
			<item>blocktrans</item>
			<item>spaceless</item>
			<item>autoescape</item>
		</list>
	</highlighting>
	<general>
		<comments>
			<comment end="{% endcomment %}" name="multiLine" region="templatecomment" start="{% comment %}" />
		</comments>
	</general>
</language>
