<?xml version="1.0" encoding="UTF-8"?>
<!-- read from /usr/share/katepart5/syntax/doxygen.xml at 26/09/15 17:36:06 CEST -->
<language author="Dominik Haumann (dhdev@gmx.de)" extensions="*.dox;*.doxygen" kateversion="2.4" license="LGPL" mimetype="text/x-doxygen" name="Doxygen" priority="9" section="Markup" version="1.38">
	<highlighting>
		<contexts>
			<context attribute="Normal Text" lineEndContext="#stay" name="Normal">
				<RegExpr String="//(!|(/(?=[^/]|$)))&lt;?" attribute="Comment" context="LineComment" />
				<RegExpr String="/\*(\*[^*/]|!|[*!]&lt;|\*$)" attribute="Comment" beginRegion="BlockComment" context="BlockComment" />
				<RegExpr String="//\s*@\{\s*$" attribute="Region" beginRegion="MemberGroup" context="#stay" />
				<RegExpr String="//\s*@\}\s*$" attribute="Region" context="#stay" endRegion="MemberGroup" />
				<RegExpr String="/\*\s*@\{\s*\*/" attribute="Region" beginRegion="MemberGroup" context="#stay" />
				<RegExpr String="/\*\s*@\}\s*\*/" attribute="Region" context="#stay" endRegion="MemberGroup" />
			</context>
			<context attribute="Comment" lineEndContext="#pop" name="LineComment">
				<LineContinue attribute="Comment" context="#stay" />
				<DetectSpaces />
				<IncludeRules context="##Alerts" />
				<IncludeRules context="SL_DetectEnv" />
				<keyword String="TagOnly" attribute="Tags" context="#stay" />
				<keyword String="TagWord" attribute="Tags" context="SL_TagWord" />
				<keyword String="TagParam" attribute="Tags" context="SL_TagParam" />
				<keyword String="TagWordWord" attribute="Tags" context="SL_TagWordWord" />
				<keyword String="TagString" attribute="Tags" context="SL_TagString" />
				<keyword String="TagWordString" attribute="Tags" context="SL_TagWordString" />
				<RegExpr String="[@\\][^@\\ \t]+" attribute="Custom Tags" context="#stay" />
				<DetectIdentifier />
				<StringDetect String="&lt;!--" attribute="HTML Comment" context="SL_htmlcomment" />
				<Detect2Chars attribute="Comment" char="&lt;" char1="&lt;" context="#stay" />
				<RegExpr String="&lt;\/?[a-zA-Z_:][a-zA-Z0-9._:-]*" attribute="HTML Tag" context="SL_htmltag" />
			</context>
			<context attribute="Comment" lineEndContext="#stay" name="BlockComment">
				<DetectSpaces />
				<Detect2Chars attribute="Comment" char="*" char1="/" context="#pop" endRegion="BlockComment" />
				<IncludeRules context="##Alerts" />
				<Detect2Chars attribute="Region" beginRegion="Group" char="@" char1="{" context="#stay" />
				<Detect2Chars attribute="Region" char="@" char1="}" context="#stay" endRegion="Group" />
				<IncludeRules context="SL_DetectEnv" />
				<keyword String="TagOnly" attribute="Tags" context="#stay" />
				<keyword String="TagWord" attribute="Tags" context="ML_TagWord" />
				<keyword String="TagParam" attribute="Tags" context="ML_TagParam" />
				<keyword String="TagWordWord" attribute="Tags" context="ML_TagWordWord" />
				<keyword String="TagString" attribute="Tags" context="ML_TagString" />
				<keyword String="TagWordString" attribute="Tags" context="ML_TagWordString" />
				<RegExpr String="[@\\]([^@\\ \t\*]|\*(?!/))+" attribute="Custom Tags" context="#stay" />
				<DetectIdentifier />
				<RegExpr String="\\(&lt;|&gt;)" attribute="Tags" context="#stay" />
				<Detect2Chars attribute="Comment" char="&lt;" char1="&lt;" context="#stay" />
				<RegExpr String="&lt;\/?[a-zA-Z_:][a-zA-Z0-9._:-]*" attribute="HTML Tag" context="ML_htmltag" />
				<StringDetect String="&lt;!--" attribute="HTML Comment" context="ML_htmlcomment" />
			</context>
			<context attribute="Comment" lineEndContext="#pop" name="ML_TagWord">
				<Detect2Chars attribute="Comment" char="*" char1="/" context="#pop" lookAhead="true" />
				<IncludeRules context="SL_TagWord" />
			</context>
			<context attribute="Comment" lineEndContext="#pop" name="ML_TagParam">
				<Detect2Chars attribute="Comment" char="*" char1="/" context="#pop" lookAhead="true" />
				<DetectSpaces />
				<StringDetect String="[in]" attribute="Tags" context="ML_Tag2ndWord" />
				<StringDetect String="[out]" attribute="Tags" context="ML_Tag2ndWord" />
				<StringDetect String="[in,out]" attribute="Tags" context="ML_Tag2ndWord" />
				<RegExpr String="\S(?=([][,?;()]|\.$|\.?\s))" attribute="Word" context="#pop" />
				<RegExpr String="\S" attribute="Word" context="#stay" />
			</context>
			<context attribute="Comment" lineEndContext="#pop" name="ML_TagWordWord">
				<Detect2Chars attribute="Comment" char="*" char1="/" context="#pop" lookAhead="true" />
				<DetectSpaces />
				<RegExpr String="\S(?=([][,?;()]|\.$|\.?\s))" attribute="Word" context="ML_Tag2ndWord" />
				<RegExpr String="\S" attribute="Word" context="#stay" />
			</context>
			<context attribute="Comment" lineEndContext="#pop#pop" name="ML_Tag2ndWord">
				<Detect2Chars attribute="Comment" char="*" char1="/" context="#pop#pop" lookAhead="true" />
				<IncludeRules context="SL_Tag2ndWord" />
			</context>
			<context attribute="Comment" lineEndContext="#pop" name="ML_TagString">
				<DetectSpaces />
				<Detect2Chars attribute="Comment" char="*" char1="/" context="#pop" lookAhead="true" />
				<StringDetect String="&lt;!--" attribute="HTML Comment" context="ML_htmlcomment" />
				<Detect2Chars attribute="Comment" char="&lt;" char1="&lt;" context="#stay" />
				<RegExpr String="&lt;\/?[a-zA-Z_:][a-zA-Z0-9._:-]*" attribute="HTML Tag" context="ML_htmltag" />
				<RegExpr String="." attribute="Description" context="#stay" />
			</context>
			<context attribute="Comment" lineEndContext="#pop" name="ML_TagWordString">
				<Detect2Chars attribute="Comment" char="*" char1="/" context="#pop" lookAhead="true" />
				<IncludeRules context="SL_TagWordString" />
			</context>
			<context attribute="Identifier" lineEndContext="#stay" name="ML_htmltag">
				<Detect2Chars attribute="Comment" char="*" char1="/" context="#pop" lookAhead="true" />
				<Detect2Chars attribute="HTML Tag" char="/" char1="&gt;" context="#pop" />
				<DetectChar attribute="HTML Tag" char="&gt;" context="#pop" />
				<RegExpr String="\s*=\s*" attribute="Identifier" context="ML_identifiers" />
			</context>
			<context attribute="HTML Comment" lineEndContext="#stay" name="ML_htmlcomment">
				<Detect2Chars attribute="Comment" char="*" char1="/" context="#pop" lookAhead="true" />
				<IncludeRules context="##Alerts" />
				<StringDetect String="--&gt;" attribute="HTML Comment" context="#pop" />
			</context>
			<context attribute="Identifier" lineEndContext="#stay" name="ML_identifiers">
				<Detect2Chars attribute="Comment" char="*" char1="/" context="#pop" lookAhead="true" />
				<RegExpr String="\s*#?[a-zA-Z0-9]*" attribute="String" context="#pop" />
				<DetectChar attribute="Types" char="'" context="ML_types1" />
				<DetectChar attribute="Types" char="&quot;" context="ML_types2" />
			</context>
			<context attribute="Types" lineEndContext="#stay" name="ML_types1">
				<Detect2Chars attribute="Comment" char="*" char1="/" context="#pop" lookAhead="true" />
				<DetectChar attribute="Types" char="'" context="#pop#pop" />
			</context>
			<context attribute="Types" lineEndContext="#stay" name="ML_types2">
				<Detect2Chars attribute="Comment" char="*" char1="/" context="#pop" lookAhead="true" />
				<DetectChar attribute="Types" char="&quot;" context="#pop#pop" />
			</context>
			<context attribute="Comment" lineEndContext="#pop" name="SL_TagWord">
				<DetectSpaces />
				<keyword String="TagWord" attribute="Tags" context="#pop" lookAhead="true" />
				<RegExpr String="\S(?=([][,?;()]|\.$|\.?\s))" attribute="Word" context="#pop" />
				<RegExpr String="\S" attribute="Word" context="#stay" />
			</context>
			<context attribute="Comment" lineEndContext="#pop" name="SL_TagParam">
				<DetectSpaces />
				<StringDetect String="[in]" attribute="Tags" context="SL_Tag2ndWord" />
				<StringDetect String="[out]" attribute="Tags" context="SL_Tag2ndWord" />
				<StringDetect String="[in,out]" attribute="Tags" context="SL_Tag2ndWord" />
				<RegExpr String="\S(?=([][,?;()]|\.$|\.?\s))" attribute="Word" context="#pop" />
				<RegExpr String="\S" attribute="Word" context="#stay" />
			</context>
			<context attribute="Comment" lineEndContext="#pop" name="SL_TagWordWord">
				<DetectSpaces />
				<RegExpr String="\S(?=([][,?;()]|\.$|\.?\s))" attribute="Word" context="SL_Tag2ndWord" />
				<RegExpr String="\S" attribute="Word" context="#stay" />
			</context>
			<context attribute="Comment" lineEndContext="#pop#pop" name="SL_Tag2ndWord">
				<DetectSpaces />
				<RegExpr String="\S(?=([][,?;()]|\.$|\.?\s))" attribute="Word" context="#pop#pop" />
				<RegExpr String="\S" attribute="Word" context="#stay" />
			</context>
			<context attribute="Comment" lineEndContext="#pop" name="SL_TagString">
				<DetectSpaces />
				<StringDetect String="&lt;!--" attribute="HTML Comment" context="SL_htmlcomment" />
				<Detect2Chars attribute="Comment" char="&lt;" char1="&lt;" context="#stay" />
				<RegExpr String="&lt;\/?[a-zA-Z_:][a-zA-Z0-9._:-]*" attribute="HTML Tag" context="SL_htmltag" />
				<RegExpr String="." attribute="Description" context="#stay" />
			</context>
			<context attribute="Comment" lineEndContext="#pop" name="SL_TagWordString">
				<DetectSpaces />
				<RegExpr String="\S(?=([][,?;()]|\.$|\.?\s))" attribute="Word" context="#pop" />
				<RegExpr String="\S" attribute="Word" context="#stay" />
			</context>
			<context attribute="Identifier" lineEndContext="#pop" name="SL_htmltag">
				<Detect2Chars attribute="HTML Tag" char="/" char1="&gt;" context="#pop" />
				<DetectChar attribute="HTML Tag" char="&gt;" context="#pop" />
				<RegExpr String="\s*=\s*" attribute="Identifier" context="SL_identifiers" />
			</context>
			<context attribute="HTML Comment" lineEndContext="#pop" name="SL_htmlcomment">
				<IncludeRules context="##Alerts" />
				<StringDetect String="--&gt;" attribute="HTML Comment" context="#pop" />
			</context>
			<context attribute="Identifier" lineEndContext="#pop" name="SL_identifiers">
				<RegExpr String="\s*#?[a-zA-Z0-9]*" attribute="String" context="#pop" />
				<DetectChar attribute="Types" char="'" context="SL_types1" />
				<DetectChar attribute="Types" char="&quot;" context="SL_types2" />
			</context>
			<context attribute="Types" lineEndContext="#pop" name="SL_types1">
				<DetectChar attribute="Types" char="'" context="#pop#pop" />
			</context>
			<context attribute="Types" lineEndContext="#pop" name="SL_types2">
				<DetectChar attribute="Types" char="&quot;" context="#pop#pop" />
			</context>
			<context attribute="Comment" lineEndContext="#pop" name="SL_DetectEnv">
				<RegExpr String="[@\\]code\b" attribute="Tags" beginRegion="Code" context="Code" />
				<RegExpr String="[@\\]verbatim\b" attribute="Tags" beginRegion="Verbatim" context="Verbatim" />
				<RegExpr String="[@\\]f\[" attribute="Tags" beginRegion="Formula" context="Formula" />
				<RegExpr String="[@\\]msc\b" attribute="Tags" beginRegion="Msc" context="Msc" />
				<RegExpr String="[@\\]dot\b" attribute="Tags" beginRegion="Dot" context="Dot" />
				<keyword String="Note" attribute="Note" context="#stay" />
				<keyword String="Warning" attribute="Warning" context="#stay" />
				<keyword String="Attention" attribute="Attention" context="#stay" />
				<keyword String="Todo" attribute="Todo" context="#stay" />
				<RegExpr String="&amp;[A-Za-z]+;" attribute="Entities" context="#stay" />
			</context>
			<context attribute="Comment" lineEndContext="#pop" name="SL_DetectComment">
				<Detect2Chars attribute="Comment" char="*" char1="/" context="#pop#pop" endRegion="BlockComment" />
				<DetectChar attribute="Comment" char="*" context="#stay" />
				<StringDetect String="///" attribute="Comment" context="#stay" />
			</context>
			<context attribute="Code" lineEndContext="#stay" name="Code">
				<IncludeRules context="SL_DetectComment" />
				<RegExpr String="[@\\]endcode\b" attribute="Tags" context="#pop" endRegion="Code" />
			</context>
			<context attribute="Verbatim" lineEndContext="#stay" name="Verbatim">
				<IncludeRules context="SL_DetectComment" />
				<RegExpr String="[@\\]endverbatim\b" attribute="Tags" context="#pop" endRegion="Verbatim" />
			</context>
			<context attribute="Formulas" lineEndContext="#stay" name="Formula">
				<IncludeRules context="SL_DetectComment" />
				<RegExpr String="[@\\]f\]" attribute="Tags" context="#pop" endRegion="Formula" />
			</context>
			<context attribute="Message Sequence Chart" lineEndContext="#stay" name="Msc">
				<IncludeRules context="SL_DetectComment" />
				<RegExpr String="[@\\]endmsc\b" attribute="Tags" context="#pop" endRegion="Msc" />
			</context>
			<context attribute="Dot Graph" lineEndContext="#stay" name="Dot">
				<IncludeRules context="SL_DetectComment" />
				<RegExpr String="[@\\]enddot\b" attribute="Tags" context="#pop" endRegion="Dot" />
			</context>
		</contexts>
		<itemDatas>
			<itemData defStyleNum="dsNormal" name="Normal Text" />
			<itemData name="Tags" defStyleNum="dsAnnotation" />
			<itemData name="Custom Tags" defStyleNum="dsAnnotation" />
			<itemData name="Word" defStyleNum="dsKeyword" />
			<itemData name="HTML Tag" defStyleNum="dsKeyword" />
			<itemData name="Entities" defStyleNum="dsCommentVar" />
			<itemData name="Description" defStyleNum="dsDocumentation" />
			<itemData defStyleNum="dsComment" name="Comment" />
			<itemData defStyleNum="dsRegionMarker" name="Region" />
			<itemData defStyleNum="dsOthers" name="Identifier" />
			<itemData defStyleNum="dsComment" name="HTML Comment" />
			<itemData defStyleNum="dsDataType" name="Types" />
			<itemData defStyleNum="dsComment" name="Code" />
			<itemData name="Dot Graph" defStyleNum="dsComment" />
			<itemData name="Formulas" defStyleNum="dsComment" />
			<itemData name="Message Sequence Chart" defStyleNum="dsComment" />
			<itemData defStyleNum="dsComment" name="Verbatim" />
			<itemData name="Note" defStyleNum="dsKeyword" />
			<itemData name="Warning" defStyleNum="dsWarning" />
			<itemData name="Attention" defStyleNum="dsAlert" />
			<itemData name="Todo" defStyleNum="dsAlert" />
		</itemDatas>
		<list name="Todo">
			<item> \todo </item>
			<item> @todo </item>
		</list>
		<list name="TagWord">
			<item> \a </item>
			<item> @a </item>
			<item> \anchor </item>
			<item> @anchor </item>
			<item> \b </item>
			<item> @b </item>
			<item> \c </item>
			<item> @c </item>
			<item> \cite </item>
			<item> @cite </item>
			<item> \cond </item>
			<item> @cond </item>
			<item> \copybrief </item>
			<item> @copybrief </item>
			<item> \copydetails </item>
			<item> @copydetails </item>
			<item> \copydoc </item>
			<item> @copydoc </item>
			<item> \def </item>
			<item> @def </item>
			<item> \dir </item>
			<item> @dir </item>
			<item> \dontinclude </item>
			<item> @dontinclude </item>
			<item> \e </item>
			<item> @e </item>
			<item> \elseif </item>
			<item> @elseif </item>
			<item> \em </item>
			<item> @em </item>
			<item> \enum </item>
			<item> @enum </item>
			<item> \example </item>
			<item> @example </item>
			<item> \exception </item>
			<item> @exception </item>
			<item> \exceptions </item>
			<item> @exceptions </item>
			<item> \extends </item>
			<item> @extends </item>
			<item> \file </item>
			<item> @file </item>
			<item> \htmlinclude </item>
			<item> @htmlinclude </item>
			<item> \idlexcept </item>
			<item> @idlexcept </item>
			<item> \if </item>
			<item> @if </item>
			<item> \ifnot </item>
			<item> @ifnot </item>
			<item> \implements </item>
			<item> @implements </item>
			<item> \include </item>
			<item> @include </item>
			<item> \includelineno </item>
			<item> @includelineno </item>
			<item> \latexinclude </item>
			<item> @latexinclude </item>
			<item> \link </item>
			<item> @link </item>
			<item> \memberof </item>
			<item> @memberof </item>
			<item> \namespace </item>
			<item> @namespace </item>
			<item> \p </item>
			<item> @p </item>
			<item> \package </item>
			<item> @package </item>
			<item> \property </item>
			<item> @property </item>
			<item> \relatedalso </item>
			<item> @relatedalso </item>
			<item> \relatesalso </item>
			<item> @relatesalso </item>
			<item> \related </item>
			<item> @related </item>
			<item> \relates </item>
			<item> @relates </item>
			<item> \retval </item>
			<item> @retval </item>
			<item> \throw </item>
			<item> @throw </item>
			<item> \throws </item>
			<item> @throws </item>
			<item> \verbinclude </item>
			<item> @verbinclude </item>
			<item> \version </item>
			<item> @version </item>
			<item> \xrefitem </item>
			<item> @xrefitem </item>
		</list>
		<list name="Warning">
			<item> \warning </item>
			<item> @warning </item>
		</list>
		<list name="TagOnly">
			<item> \arg </item>
			<item> @arg </item>
			<item> \author </item>
			<item> @author </item>
			<item> \authors </item>
			<item> @authors </item>
			<item> \brief </item>
			<item> @brief </item>
			<item> \callgraph </item>
			<item> @callgraph </item>
			<item> \callergraph </item>
			<item> @callergraph </item>
			<item> \date </item>
			<item> @date </item>
			<item> \deprecated </item>
			<item> @deprecated </item>
			<item> \details </item>
			<item> @details </item>
			<item> \docbookonly </item>
			<item> @docbookonly </item>
			<item> \else </item>
			<item> @else </item>
			<item> \endcond </item>
			<item> @endcond </item>
			<item> \enddocbookonly </item>
			<item> @enddocbookonly </item>
			<item> \endhtmlonly </item>
			<item> @endhtmlonly </item>
			<item> \endif </item>
			<item> @endif </item>
			<item> \endinternal </item>
			<item> @endinternal </item>
			<item> \endlatexonly </item>
			<item> @endlatexonly </item>
			<item> \endlink </item>
			<item> @endlink </item>
			<item> \endmanonly </item>
			<item> @endmanonly </item>
			<item> \endparblock </item>
			<item> @endparblock </item>
			<item> \endrtfonly </item>
			<item> @endrtfonly </item>
			<item> \endsecreflist </item>
			<item> @endsecreflist </item>
			<item> \endxmlonly </item>
			<item> @endxmlonly </item>
			<item> \f[ </item>
			<item> @f[ </item>
			<item> \f] </item>
			<item> @f] </item>
			<item> \f$ </item>
			<item> @f$ </item>
			<item> \hideinitializer </item>
			<item> @hideinitializer </item>
			<item> \htmlonly </item>
			<item> @htmlonly </item>
			<item> \internal </item>
			<item> @internal </item>
			<item> \invariant </item>
			<item> @invariant </item>
			<item> \latexonly </item>
			<item> @latexonly </item>
			<item> \li </item>
			<item> @li </item>
			<item> \manonly </item>
			<item> @manonly </item>
			<item> \n </item>
			<item> @n </item>
			<item> \nosubgrouping </item>
			<item> @nosubgrouping </item>
			<item> \only </item>
			<item> @only </item>
			<item> \parblock </item>
			<item> @parblock </item>
			<item> \post </item>
			<item> @post </item>
			<item> \pre </item>
			<item> @pre </item>
			<item> \private </item>
			<item> @pivate </item>
			<item> \privatesection </item>
			<item> @pivatesection </item>
			<item> \protected </item>
			<item> @protected </item>
			<item> \protectedsection </item>
			<item> @protectedsection </item>
			<item> \public </item>
			<item> @public </item>
			<item> \publicsection </item>
			<item> @publicsection </item>
			<item> \pure </item>
			<item> @pure </item>
			<item> \remark </item>
			<item> @remark </item>
			<item> \remarks </item>
			<item> @remarks </item>
			<item> \return </item>
			<item> @return </item>
			<item> \returns </item>
			<item> @returns </item>
			<item> \result </item>
			<item> @result </item>
			<item> \rtfonly </item>
			<item> @rtfonly </item>
			<item> \sa </item>
			<item> @sa </item>
			<item> \secreflist </item>
			<item> @secreflist </item>
			<item> \see </item>
			<item> @see </item>
			<item> \short </item>
			<item> @short </item>
			<item> \showinitializer </item>
			<item> @showinitializer </item>
			<item> \since </item>
			<item> @since </item>
			<item> \static </item>
			<item> @static </item>
			<item> \tableofcontents </item>
			<item> @tableofcontents </item>
			<item> \test </item>
			<item> @test </item>
			<item> \version </item>
			<item> @version </item>
			<item> \xmlonly </item>
			<item> @xmlonly </item>
			<item> \# </item>
			<item> @# </item>
			<item> \$ </item>
			<item> @$ </item>
			<item> \% </item>
			<item> @% </item>
			<item> \&amp; </item>
			<item> @&amp; </item>
			<item> \&gt; </item>
			<item> @&gt; </item>
			<item> \&lt; </item>
			<item> @&lt; </item>
			<item> \&quot; </item>
			<item> @&quot; </item>
			<item> \:: </item>
			<item> @:: </item>
			<item> \@ </item>
			<item> @@ </item>
			<item> \\ </item>
			<item> @\ </item>
			<item> \~ </item>
			<item> @~ </item>
			<item> \. </item>
			<item> @. </item>
			<item> \-- </item>
			<item> @-- </item>
			<item> \--- </item>
			<item> @--- </item>
		</list>
		<list name="TagParam">
			<item> \param </item>
			<item> @param </item>
			<item> \tparam </item>
			<item> @tparam </item>
		</list>
		<list name="TagWordString">
			<item> \addtogroup </item>
			<item> @addtogroup </item>
			<item> \category </item>
			<item> @category </item>
			<item> \class </item>
			<item> @class </item>
			<item> \diafile </item>
			<item> @diafile </item>
			<item> \dotfile </item>
			<item> @dotfile </item>
			<item> \defgroup </item>
			<item> @defgroup </item>
			<item> \interface </item>
			<item> @interface </item>
			<item> \headerfile </item>
			<item> @headerfile </item>
			<item> \mscfile </item>
			<item> @mscfile </item>
			<item> \page </item>
			<item> @page </item>
			<item> \paragraph </item>
			<item> @paragraph </item>
			<item> \protocol </item>
			<item> @prtocol </item>
			<item> \ref </item>
			<item> @ref </item>
			<item> \section </item>
			<item> @section </item>
			<item> \snippet </item>
			<item> @snippet </item>
			<item> \struct </item>
			<item> @struct </item>
			<item> \subpage </item>
			<item> @subpage </item>
			<item> \subsection </item>
			<item> @subsection </item>
			<item> \subsubsection </item>
			<item> @subsubsection </item>
			<item> \union </item>
			<item> @union </item>
			<item> \weakgroup </item>
			<item> @weakgroup </item>
		</list>
		<list name="Note">
			<item> \note </item>
			<item> @note </item>
		</list>
		<list name="Attention">
			<item> \attention </item>
			<item> @attention </item>
			<item> \bug </item>
			<item> @bug </item>
		</list>
		<list name="TagString">
			<item> \addindex </item>
			<item> @addindex </item>
			<item> \copyright </item>
			<item> @copyright </item>
			<item> \fn </item>
			<item> @fn </item>
			<item> \ingroup </item>
			<item> @ingroup </item>
			<item> \line </item>
			<item> @line </item>
			<item> \mainpage </item>
			<item> @mainpage </item>
			<item> \name </item>
			<item> @name </item>
			<item> \overload </item>
			<item> @overload </item>
			<item> \par </item>
			<item> @par </item>
			<item> \skip </item>
			<item> @skip </item>
			<item> \skipline </item>
			<item> @skipline </item>
			<item> \typedef </item>
			<item> @typedef </item>
			<item> \until </item>
			<item> @until </item>
			<item> \var </item>
			<item> @var </item>
			<item> \vhdlflow </item>
			<item> @vhdlflow </item>
		</list>
		<list name="TagWordWord">
			<item> \image </item>
			<item> @image </item>
		</list>
	</highlighting>
	<general>
		<keywords casesensitive="1" weakDeliminator="\$~" />
	</general>
</language>
