<?xml version="1.0" encoding="UTF-8"?>
<!-- read from /usr/share/katepart5/syntax/doxygenlua.xml at 26/09/15 17:36:14 CEST -->
<language author="Bruno Massa (brmassa@gmail.com)" extensions="*.dox;*.doxygen" kateversion="2.4" license="LGPL" mimetype="text/x-doxygen" name="DoxygenLua" section="Markup" version="1.01">
	<highlighting>
		<contexts>
			<context attribute="Normal Text" lineEndContext="#stay" name="Normal">
				<RegExpr String="--\[(=*)\[" attribute="Comment" beginRegion="BlockComment" context="BlockComment" dynamic="true" />
				<StringDetect String="--" attribute="Comment" context="LineComment" />
			</context>
			<context attribute="Comment" lineEndContext="#pop" name="LineComment">
				<DetectSpaces />
				<IncludeRules context="##Alerts" />
				<keyword String="TagOnly" attribute="Tags" context="#stay" />
				<keyword String="TagWord" attribute="Tags" context="SL_TagWord" />
				<keyword String="TagParam" attribute="Tags" context="SL_TagParam" />
				<keyword String="TagWordWord" attribute="Tags" context="SL_TagWordWord" />
				<keyword String="TagString" attribute="Tags" context="SL_TagString" />
				<keyword String="TagWordString" attribute="Tags" context="SL_TagWordString" />
				<DetectIdentifier />
				<StringDetect String="&lt;!--" attribute="HTML Comment" context="SL_htmlcomment" />
				<Detect2Chars attribute="Comment" char="&lt;" char1="&lt;" context="#stay" />
				<RegExpr String="&lt;\s*\/?\s*[a-zA-Z_:][a-zA-Z0-9._:-]*" attribute="HTML Tag" context="SL_htmltag" />
			</context>
			<context attribute="Comment" dynamic="true" lineEndContext="#stay" name="BlockComment">
				<DetectSpaces />
				<RegExpr String="\]%1\]" attribute="Comment" context="#pop" dynamic="true" endRegion="BlockComment" />
				<IncludeRules context="##Alerts" />
				<Detect2Chars attribute="Region" char="@" char1="{" context="#stay" />
				<Detect2Chars attribute="Region" char="@" char1="}" context="#stay" />
				<keyword String="TagOnly" attribute="Tags" context="#stay" />
				<keyword String="TagWord" attribute="Tags" context="ML_TagWord" />
				<keyword String="TagParam" attribute="Tags" context="ML_TagParam" />
				<keyword String="TagWordWord" attribute="Tags" context="ML_TagWordWord" />
				<keyword String="TagString" attribute="Tags" context="ML_TagString" />
				<keyword String="TagWordString" attribute="Tags" context="ML_TagWordString" />
				<DetectIdentifier />
				<RegExpr String="\\(&lt;|&gt;)" attribute="Tags" context="#stay" />
				<Detect2Chars attribute="Comment" char="&lt;" char1="&lt;" context="#stay" />
				<RegExpr String="&lt;\s*\/?\s*[a-zA-Z_:][a-zA-Z0-9._:-]*" attribute="HTML Tag" context="ML_htmltag" />
				<StringDetect String="&lt;!--" attribute="HTML Comment" context="ML_htmlcomment" />
			</context>
			<context attribute="Comment" lineEndContext="#pop" name="ML_TagWord">
				<Detect2Chars attribute="Comment" char="*" char1="/" context="#pop" lookAhead="true" />
				<IncludeRules context="SL_TagWord" />
			</context>
			<context attribute="Comment" lineEndContext="#pop" name="ML_TagParam">
				<Detect2Chars attribute="Comment" char="*" char1="/" context="#pop" lookAhead="true" />
				<DetectSpaces />
				<StringDetect String="[in]" attribute="Tags" context="ML_Tag2ndWord" />
				<StringDetect String="[out]" attribute="Tags" context="ML_Tag2ndWord" />
				<StringDetect String="[in,out]" attribute="Tags" context="ML_Tag2ndWord" />
				<RegExpr String="\S(?=([][,?;()]|\.$|\.?\s))" attribute="Word" context="#pop" />
				<RegExpr String="\S" attribute="Word" context="#stay" />
			</context>
			<context attribute="Comment" lineEndContext="#pop" name="ML_TagWordWord">
				<Detect2Chars attribute="Comment" char="*" char1="/" context="#pop" lookAhead="true" />
				<DetectSpaces />
				<RegExpr String="\S(?=([][,?;()]|\.$|\.?\s))" attribute="Word" context="ML_Tag2ndWord" />
				<RegExpr String="\S" attribute="Word" context="#stay" />
			</context>
			<context attribute="Comment" lineEndContext="#pop#pop" name="ML_Tag2ndWord">
				<Detect2Chars attribute="Comment" char="*" char1="/" context="#pop#pop" lookAhead="true" />
				<IncludeRules context="SL_Tag2ndWord" />
			</context>
			<context attribute="Comment" lineEndContext="#pop" name="ML_TagString">
				<DetectSpaces />
				<Detect2Chars attribute="Comment" char="*" char1="/" context="#pop" lookAhead="true" />
				<StringDetect String="&lt;!--" attribute="HTML Comment" context="ML_htmlcomment" />
				<Detect2Chars attribute="Comment" char="&lt;" char1="&lt;" context="#stay" />
				<RegExpr String="&lt;\s*\/?\s*[a-zA-Z_:][a-zA-Z0-9._:-]*" attribute="HTML Tag" context="ML_htmltag" />
				<RegExpr String="." attribute="Description" context="#stay" />
			</context>
			<context attribute="Comment" lineEndContext="#pop" name="ML_TagWordString">
				<Detect2Chars attribute="Comment" char="*" char1="/" context="#pop" lookAhead="true" />
				<IncludeRules context="SL_TagWordString" />
			</context>
			<context attribute="Identifier" lineEndContext="#stay" name="ML_htmltag">
				<Detect2Chars attribute="Comment" char="*" char1="/" context="#pop" lookAhead="true" />
				<Detect2Chars attribute="HTML Tag" char="/" char1="&gt;" context="#pop" />
				<DetectChar attribute="HTML Tag" char="&gt;" context="#pop" />
				<RegExpr String="\s*=\s*" attribute="Identifier" context="ML_identifiers" />
			</context>
			<context attribute="HTML Comment" lineEndContext="#stay" name="ML_htmlcomment">
				<Detect2Chars attribute="Comment" char="*" char1="/" context="#pop" lookAhead="true" />
				<IncludeRules context="##Alerts" />
				<StringDetect String="--&gt;" attribute="HTML Comment" context="#pop" />
			</context>
			<context attribute="Identifier" lineEndContext="#stay" name="ML_identifiers">
				<Detect2Chars attribute="Comment" char="*" char1="/" context="#pop" lookAhead="true" />
				<RegExpr String="\s*#?[a-zA-Z0-9]*" attribute="String" context="#pop" />
				<DetectChar attribute="Types" char="'" context="ML_types1" />
				<DetectChar attribute="Types" char="&quot;" context="ML_types2" />
			</context>
			<context attribute="Types" lineEndContext="#stay" name="ML_types1">
				<Detect2Chars attribute="Comment" char="*" char1="/" context="#pop" lookAhead="true" />
				<DetectChar attribute="Types" char="'" context="#pop#pop" />
			</context>
			<context attribute="Types" lineEndContext="#stay" name="ML_types2">
				<Detect2Chars attribute="Comment" char="*" char1="/" context="#pop" lookAhead="true" />
				<DetectChar attribute="Types" char="&quot;" context="#pop#pop" />
			</context>
			<context attribute="Comment" lineEndContext="#pop" name="SL_TagWord">
				<DetectSpaces />
				<keyword String="TagWord" attribute="Tags" context="#pop" lookAhead="true" />
				<RegExpr String="\S(?=([][,?;()]|\.$|\.?\s))" attribute="Word" context="#pop" />
				<RegExpr String="\S" attribute="Word" context="#stay" />
			</context>
			<context attribute="Comment" lineEndContext="#pop" name="SL_TagParam">
				<DetectSpaces />
				<StringDetect String="[in]" attribute="Tags" context="SL_Tag2ndWord" />
				<StringDetect String="[out]" attribute="Tags" context="SL_Tag2ndWord" />
				<StringDetect String="[in,out]" attribute="Tags" context="SL_Tag2ndWord" />
				<RegExpr String="\S(?=([][,?;()]|\.$|\.?\s))" attribute="Word" context="#pop" />
				<RegExpr String="\S" attribute="Word" context="#stay" />
			</context>
			<context attribute="Comment" lineEndContext="#pop" name="SL_TagWordWord">
				<DetectSpaces />
				<RegExpr String="\S(?=([][,?;()]|\.$|\.?\s))" attribute="Word" context="SL_Tag2ndWord" />
				<RegExpr String="\S" attribute="Word" context="#stay" />
			</context>
			<context attribute="Comment" lineEndContext="#pop#pop" name="SL_Tag2ndWord">
				<DetectSpaces />
				<RegExpr String="\S(?=([][,?;()]|\.$|\.?\s))" attribute="Word" context="#pop#pop" />
				<RegExpr String="\S" attribute="Word" context="#stay" />
			</context>
			<context attribute="Comment" lineEndContext="#pop" name="SL_TagString">
				<DetectSpaces />
				<StringDetect String="&lt;!--" attribute="HTML Comment" context="SL_htmlcomment" />
				<Detect2Chars attribute="Comment" char="&lt;" char1="&lt;" context="#stay" />
				<RegExpr String="&lt;\s*\/?\s*[a-zA-Z_:][a-zA-Z0-9._:-]*" attribute="HTML Tag" context="SL_htmltag" />
				<RegExpr String="." attribute="Description" context="#stay" />
			</context>
			<context attribute="Comment" lineEndContext="#pop" name="SL_TagWordString">
				<DetectSpaces />
				<RegExpr String="\S(?=([][,?;()]|\.$|\.?\s))" attribute="Word" context="#pop" />
				<RegExpr String="\S" attribute="Word" context="#stay" />
			</context>
			<context attribute="Identifier" lineEndContext="#pop" name="SL_htmltag">
				<Detect2Chars attribute="HTML Tag" char="/" char1="&gt;" context="#pop" />
				<DetectChar attribute="HTML Tag" char="&gt;" context="#pop" />
				<RegExpr String="\s*=\s*" attribute="Identifier" context="SL_identifiers" />
			</context>
			<context attribute="HTML Comment" lineEndContext="#pop" name="SL_htmlcomment">
				<IncludeRules context="##Alerts" />
				<StringDetect String="--&gt;" attribute="HTML Comment" context="#pop" />
			</context>
			<context attribute="Identifier" lineEndContext="#pop" name="SL_identifiers">
				<RegExpr String="\s*#?[a-zA-Z0-9]*" attribute="String" context="#pop" />
				<DetectChar attribute="Types" char="'" context="SL_types1" />
				<DetectChar attribute="Types" char="&quot;" context="SL_types2" />
			</context>
			<context attribute="Types" lineEndContext="#pop" name="SL_types1">
				<DetectChar attribute="Types" char="'" context="#pop#pop" />
			</context>
			<context attribute="Types" lineEndContext="#pop" name="SL_types2">
				<DetectChar attribute="Types" char="&quot;" context="#pop#pop" />
			</context>
		</contexts>
		<itemDatas>
			<itemData defStyleNum="dsNormal" name="Normal Text" />
			<itemData name="Tags" defStyleNum="dsAnnotation" />
			<itemData name="Word" defStyleNum="dsKeyword" />
			<itemData defStyleNum="dsKeyword" name="HTML Tag" />
			<itemData defStyleNum="dsString" name="Description" />
			<itemData defStyleNum="dsComment" name="Comment" />
			<itemData defStyleNum="dsRegionMarker" name="Region" />
			<itemData defStyleNum="dsOthers" name="Identifier" />
			<itemData defStyleNum="dsComment" name="HTML Comment" />
			<itemData defStyleNum="dsDataType" name="Types" />
		</itemDatas>
		<list name="TagWord">
			<item> \addtogroup </item>
			<item> \a </item>
			<item> \anchor </item>
			<item> \b </item>
			<item> \c </item>
			<item> \class </item>
			<item> \cond </item>
			<item> \copydoc </item>
			<item> \def </item>
			<item> \dontinclude </item>
			<item> \dotfile </item>
			<item> \e </item>
			<item> \elseif </item>
			<item> \em </item>
			<item> \enum </item>
			<item> \example </item>
			<item> \exception </item>
			<item> \exceptions </item>
			<item> \file </item>
			<item> \htmlinclude </item>
			<item> \if </item>
			<item> \ifnot </item>
			<item> \include </item>
			<item> \link </item>
			<item> \namespace </item>
			<item> \p </item>
			<item> \package </item>
			<item> \ref </item>
			<item> \relatesalso </item>
			<item> \relates </item>
			<item> \retval </item>
			<item> \throw </item>
			<item> \throws </item>
			<item> \verbinclude </item>
			<item> \version </item>
			<item> \xrefitem </item>
			<item> @addtogroup </item>
			<item> @a </item>
			<item> @anchor </item>
			<item> @b </item>
			<item> @c </item>
			<item> @class </item>
			<item> @cond </item>
			<item> @copydoc </item>
			<item> @def </item>
			<item> @dontinclude </item>
			<item> @dotfile </item>
			<item> @e </item>
			<item> @elseif </item>
			<item> @em </item>
			<item> @enum </item>
			<item> @example </item>
			<item> @exception </item>
			<item> @exceptions </item>
			<item> @file </item>
			<item> @htmlinclude </item>
			<item> @if </item>
			<item> @ifnot </item>
			<item> @include </item>
			<item> @link </item>
			<item> @namespace </item>
			<item> @p </item>
			<item> @package </item>
			<item> @ref </item>
			<item> @relatesalso </item>
			<item> @relates </item>
			<item> @retval </item>
			<item> @throw </item>
			<item> @throws </item>
			<item> @verbinclude </item>
			<item> @version </item>
			<item> @xrefitem </item>
		</list>
		<list name="TagOnly">
			<item> \arg </item>
			<item> \attention </item>
			<item> \author </item>
			<item> \callgraph </item>
			<item> \code </item>
			<item> \dot </item>
			<item> \else </item>
			<item> \endcode </item>
			<item> \endcond </item>
			<item> \enddot </item>
			<item> \endhtmlonly </item>
			<item> \endif </item>
			<item> \endlatexonly </item>
			<item> \endlink </item>
			<item> \endmanonly </item>
			<item> \endverbatim </item>
			<item> \endxmlonly </item>
			<item> \f[ </item>
			<item> \f] </item>
			<item> \f$ </item>
			<item> \hideinitializer </item>
			<item> \htmlonly </item>
			<item> \interface </item>
			<item> \internal </item>
			<item> \invariant </item>
			<item> \~ </item>
			<item> \@ </item>
			<item> \$ </item>
			<item> \\ </item>
			<item> \# </item>
			<item> \latexonly </item>
			<item> \li </item>
			<item> \manonly </item>
			<item> \n </item>
			<item> \nosubgrouping </item>
			<item> \note </item>
			<item> \only </item>
			<item> \post </item>
			<item> \pre </item>
			<item> \remarks </item>
			<item> \return </item>
			<item> \returns </item>
			<item> \sa </item>
			<item> \see </item>
			<item> \showinitializer </item>
			<item> \since </item>
			<item> \test </item>
			<item> \todo </item>
			<item> \verbatim </item>
			<item> \warning </item>
			<item> \xmlonly </item>
			<item> @arg </item>
			<item> @attention </item>
			<item> @author </item>
			<item> @callgraph </item>
			<item> @code </item>
			<item> @dot </item>
			<item> @else </item>
			<item> @endcode </item>
			<item> @endcond </item>
			<item> @enddot </item>
			<item> @endhtmlonly </item>
			<item> @endif </item>
			<item> @endlatexonly </item>
			<item> @endlink </item>
			<item> @endmanonly </item>
			<item> @endverbatim </item>
			<item> @endxmlonly </item>
			<item> @f[ </item>
			<item> @f] </item>
			<item> @f$ </item>
			<item> @hideinitializer </item>
			<item> @htmlonly </item>
			<item> @interface </item>
			<item> @internal </item>
			<item> @invariant </item>
			<item> @~ </item>
			<item> @@ </item>
			<item> @$ </item>
			<item> @\ </item>
			<item> @# </item>
			<item> @latexonly </item>
			<item> @li </item>
			<item> @manonly </item>
			<item> @n </item>
			<item> @nosubgrouping </item>
			<item> @note </item>
			<item> @only </item>
			<item> @post </item>
			<item> @pre </item>
			<item> @remarks </item>
			<item> @return </item>
			<item> @returns </item>
			<item> @sa </item>
			<item> @see </item>
			<item> @showinitializer </item>
			<item> @since </item>
			<item> @test </item>
			<item> @todo </item>
			<item> @verbatim </item>
			<item> @warning </item>
			<item> @xmlonly </item>
		</list>
		<list name="TagParam">
			<item> \param </item>
			<item> @param </item>
		</list>
		<list name="TagWordString">
			<item> \defgroup </item>
			<item> \page </item>
			<item> \paragraph </item>
			<item> \section </item>
			<item> \struct </item>
			<item> \subsection </item>
			<item> \subsubsection </item>
			<item> \union </item>
			<item> \weakgroup </item>
			<item> @defgroup </item>
			<item> @page </item>
			<item> @paragraph </item>
			<item> @section </item>
			<item> @struct </item>
			<item> @subsection </item>
			<item> @subsubsection </item>
			<item> @union </item>
			<item> @weakgroup </item>
		</list>
		<list name="TagString">
			<item> \addindex </item>
			<item> \brief </item>
			<item> \bug </item>
			<item> \date </item>
			<item> \deprecated </item>
			<item> \fn </item>
			<item> \ingroup </item>
			<item> \line </item>
			<item> \mainpage </item>
			<item> \name </item>
			<item> \overload </item>
			<item> \par </item>
			<item> \short </item>
			<item> \skip </item>
			<item> \skipline </item>
			<item> \typedef </item>
			<item> \until </item>
			<item> \var </item>
			<item> @addindex </item>
			<item> @brief </item>
			<item> @bug </item>
			<item> @date </item>
			<item> @deprecated </item>
			<item> @fn </item>
			<item> @ingroup </item>
			<item> @line </item>
			<item> @mainpage </item>
			<item> @name </item>
			<item> @overload </item>
			<item> @par </item>
			<item> @short </item>
			<item> @skip </item>
			<item> @skipline </item>
			<item> @typedef </item>
			<item> @until </item>
			<item> @var </item>
		</list>
		<list name="TagWordWord">
			<item> \image </item>
			<item> @image </item>
		</list>
	</highlighting>
	<general>
		<comments>
			<comment name="singleLine" start="--" />
			<comment end="]]" name="multiLine" start="--[[" />
		</comments>
		<keywords casesensitive="0" weakDeliminator="\$~" />
	</general>
</language>
