<?xml version="1.0" encoding="UTF-8"?>
<!-- read from /usr/share/katepart5/syntax/erlang.xml at 26/09/15 17:36:25 CEST -->
<language author="Bill Ross (bill@emailme.net.au)" extensions="*.erl" kateversion="2.4" license="LGPL" mimetype="" name="Erlang" section="Scripts" version="1.03">
	<highlighting>
		<contexts>
			<context attribute="Normal Text" lineEndContext="#stay" name="Normal Text">
				<RegExpr String="^(?:-module|-export|-define|-undef|-ifdef|-ifndef|-else|-endif|-include|-include_lib)" attribute="Pragma" column="0" context="#stay" />
				<keyword String="keywords" attribute="Keyword" context="#stay" />
				<keyword String="operators" attribute="Operator" context="#stay" />
				<RegExpr String="(?:\+|-|\*|\/|==|\/=|=:=|=\/=|&lt;|=&lt;|&gt;|&gt;=|\+\+|--|=|!|&lt;-)" attribute="Operator" context="#stay" />
				<keyword String="functions" attribute="Function" context="#stay" />
				<RegExpr String="(?:\(|\)|\{|\}|\[|\]|\.|\:|\||\|\||;|\,|\?|-&gt;|\#)" attribute="Separator" context="#stay" />
				<DetectSpaces />
				<DetectChar attribute="Comment" char="%" context="comment" />
				<RegExpr String="\b[a-z][_a-z@-Z0-9]*(?:(?=[^_a-z@-Z0-9])|$):\b[a-z][_a-z@-Z0-9]*(?:(?=[^_a-z@-Z0-9])|$)" attribute="Function" context="#stay" />
				<RegExpr String="\b[a-z][_a-z@-Z0-9]*(?:(?=[^_a-z@-Z0-9])|$)\(" attribute="Function" context="isfunction" lookAhead="true" />
				<RegExpr String="\b[_A-Z][_a-z@-Z0-9]*(?:(?=[^_a-z@-Z0-9])|$)" attribute="Variable" context="#stay" />
				<DetectChar attribute="Atom" char="'" context="atomquote" />
				<RegExpr String="\b[a-z][_a-z@-Z0-9]*(?:(?=[^_a-z@-Z0-9])|$)" attribute="Atom" context="#stay" />
				<DetectChar attribute="String" char="&quot;" context="stringquote" />
				<RegExpr String="[0-9]+\.[0-9]+(?:[eE][+-]?[0-9]+)?" attribute="Float" context="#stay" />
				<RegExpr String="\d+#[a-zA-Z0-9]+" attribute="Number" context="#stay" />
				<RegExpr String="\$\S" attribute="Integer" context="#stay" />
				<RegExpr String="[0-9]+" attribute="Integer" context="#stay" />
			</context>
			<context attribute="Function" lineEndContext="#pop" name="isfunction">
				<RegExpr String="\b[a-z][_a-z@-Z0-9]*(?:(?=[^_a-z@-Z0-9])|$)" attribute="Function" context="#pop" />
			</context>
			<context attribute="Atom" lineEndContext="#pop" name="atomquote">
				<RegExpr String="(?:(?:\\')?[^']*)*'" attribute="Atom" context="#pop" />
			</context>
			<context attribute="String" lineEndContext="#pop" name="stringquote">
				<RegExpr String="(?:(?:\\&quot;)?[^&quot;]*)*&quot;" attribute="String" context="#pop" />
			</context>
			<context attribute="Comment" lineEndContext="#pop" name="comment">
				<DetectSpaces />
				<IncludeRules context="##Alerts" />
				<DetectIdentifier />
			</context>
		</contexts>
		<itemDatas>
			<itemData defStyleNum="dsNormal" name="Normal Text" />
			<itemData defStyleNum="dsKeyword" name="Keyword" />
			<itemData defStyleNum="dsKeyword" name="Pragma" />
			<itemData defStyleNum="dsFunction" name="Function" />
			<itemData defStyleNum="dsFunction" name="Separator" />
			<itemData defStyleNum="dsKeyword" name="Operator" />
			<itemData defStyleNum="dsDataType" name="Variable" />
			<itemData defStyleNum="dsDecVal" name="Integer" />
			<itemData defStyleNum="dsBaseN" name="Number" />
			<itemData defStyleNum="dsFloat" name="Float" />
			<itemData defStyleNum="dsChar" name="Atom" />
			<itemData defStyleNum="dsString" name="String" />
			<itemData defStyleNum="dsComment" name="Comment" />
		</itemDatas>
		<list name="keywords">
			<item> after </item>
			<item> begin </item>
			<item> case </item>
			<item> catch </item>
			<item> cond </item>
			<item> end </item>
			<item> fun </item>
			<item> if </item>
			<item> let </item>
			<item> of </item>
			<item> query </item>
			<item> receive </item>
			<item> all_true </item>
			<item> some_true </item>
		</list>
		<list name="functions">
			<item>abs</item>
			<item>accept</item>
			<item>alarm</item>
			<item>apply</item>
			<item>atom_to_list</item>
			<item>binary_to_list</item>
			<item>binary_to_term</item>
			<item>check_process_code</item>
			<item>concat_binary</item>
			<item>date</item>
			<item>delete_module</item>
			<item>disconnect_node</item>
			<item>element</item>
			<item>erase</item>
			<item>exit</item>
			<item>float</item>
			<item>float_to_list</item>
			<item>garbage_collect</item>
			<item>get</item>
			<item>get_keys</item>
			<item>group_leader</item>
			<item>halt</item>
			<item>hd</item>
			<item>integer_to_list</item>
			<item>is_alive</item>
			<item>is_atom</item>
			<item>is_binary</item>
			<item>is_boolean</item>
			<item>is_float</item>
			<item>is_function</item>
			<item>is_integer</item>
			<item>is_list</item>
			<item>is_number</item>
			<item>is_pid</item>
			<item>is_port</item>
			<item>is_process_alive</item>
			<item>is_record</item>
			<item>is_reference</item>
			<item>is_tuple</item>
			<item>length</item>
			<item>link</item>
			<item>list_to_atom</item>
			<item>list_to_binary</item>
			<item>list_to_float</item>
			<item>list_to_integer</item>
			<item>list_to_pid</item>
			<item>list_to_tuple</item>
			<item>load_module</item>
			<item>loaded</item>
			<item>localtime</item>
			<item>make_ref</item>
			<item>module_loaded</item>
			<item>node</item>
			<item>nodes</item>
			<item>now</item>
			<item>open_port</item>
			<item>pid_to_list</item>
			<item>port_close</item>
			<item>port_command</item>
			<item>port_connect</item>
			<item>port_control</item>
			<item>ports</item>
			<item>pre_loaded</item>
			<item>process_flag</item>
			<item>process_info</item>
			<item>processes</item>
			<item>purge_module</item>
			<item>put</item>
			<item>register</item>
			<item>registered</item>
			<item>round</item>
			<item>self</item>
			<item>setelement</item>
			<item>size</item>
			<item>spawn</item>
			<item>spawn_link</item>
			<item>spawn_opt</item>
			<item>split_binary</item>
			<item>statistics</item>
			<item>term_to_binary</item>
			<item>throw</item>
			<item>time</item>
			<item>tl</item>
			<item>trunc</item>
			<item>tuple_to_list</item>
			<item>unlink</item>
			<item>unregister</item>
			<item>whereis</item>
		</list>
		<list name="operators">
			<item> div </item>
			<item> rem </item>
			<item> or </item>
			<item> xor </item>
			<item> bor </item>
			<item> bxor </item>
			<item> bsl </item>
			<item> bsr </item>
			<item> and </item>
			<item> band </item>
			<item> not </item>
			<item> bnot </item>
		</list>
	</highlighting>
	<general>
		<comments>
			<comment name="singleLine" start="%" />
		</comments>
		<keywords casesensitive="1" />
	</general>
</language>
