<?xml version="1.0" encoding="UTF-8"?>
<!-- read from /usr/share/katepart5/syntax/fsharp.xml at 26/06/15 21:52:58 CEST -->
<language author="Bas Bossink (bas.bossink@gmail.com)" extensions="*.fs;*.fsi;*.fsx" kateversion="2.4" license="LGPL" mimetype="" name="FSharp" priority="10" section="Sources" version="0.1">
	<highlighting>
		<contexts>
			<context attribute="Normal Text" lineEndContext="#stay" name="Normal">
				<Detect2Chars attribute="Comment" beginRegion="comment" char="(" char1="*" context="Multiline Comment" />
				<Detect2Chars char="/" char1="/" context="Singleline Comment" />
				<DetectChar attribute="Symbol" beginRegion="paren" char="(" context="#stay" />
				<DetectChar attribute="Symbol" char=")" context="#stay" endRegion="paren" />
				<DetectChar attribute="Symbol" beginRegion="record" char="{" context="#stay" />
				<DetectChar attribute="Symbol" char="}" context="#stay" endRegion="record" />
				<Detect2Chars attribute="Symbol" beginRegion="attribute" char="[" char1="&lt;" context="#stay" />
				<Detect2Chars attribute="Symbol" char="&gt;" char1="]" context="#stay" endRegion="attribute" />
				<Detect2Chars attribute="Symbol" beginRegion="array" char="[" char1="|" context="#stay" />
				<Detect2Chars attribute="Symbol" char="|" char1="]" context="#stay" endRegion="array" />
				<DetectChar attribute="Symbol" beginRegion="list" char="[" context="#stay" />
				<DetectChar attribute="Symbol" char="]" context="#stay" endRegion="list" />
				<keyword String="do" attribute="Keyword" beginRegion="loop" context="#stay" />
				<keyword String="done" attribute="Keyword" context="#stay" endRegion="loop" />
				<keyword String="module_environment" attribute="Directive" context="ModuleEnv" />
				<keyword String="begin" attribute="Region Marker" beginRegion="block" context="Block" />
				<keyword String="object" attribute="Region Marker" beginRegion="object" context="Object" />
				<keyword String="sig" attribute="Region Marker" beginRegion="sig" context="Sig" />
				<keyword String="struct" attribute="Region Marker" beginRegion="struct" context="Struct" />
				<RegExpr String="`\s*[A-Za-z\0300-\0326\0330-\0366\0370-\0377_][A-Za-z\0300-\0326\0330-\0366\0370-\03770-9_']*" attribute="Constructor" context="#stay" />
				<RegExpr String="[A-Z][A-Za-z\0300-\0326\0330-\0366\0370-\03770-9_']*\s*\." attribute="Module" context="ModuleEnv2" lookAhead="true" />
				<RegExpr String="[A-Z][A-Za-z\0300-\0326\0330-\0366\0370-\03770-9_']*" attribute="Constructor" context="#stay" />
				<RegExpr String="#[A-Za-z\0300-\0326\0330-\0366\0370-\0377_][A-Za-z\0300-\0326\0330-\0366\0370-\03770-9_']*.*$" attribute="Directive" context="#stay" firstNonSpace="true" />
				<DetectChar attribute="String" char="&quot;" context="String Constant" />
				<RegExpr String="'((\\[ntbr'&quot;\\]|\\[0-9]{3}|\\x[0-9A-Fa-f]{2})|[^'])'" attribute="Character" context="#stay" />
				<Detect2Chars attribute="Camlp4 Quotation" char="&lt;" char1="&lt;" context="Camlp4 Quotation Constant" />
				<RegExpr String="&lt;:[A-Za-z\0300-\0326\0330-\0366\0370-\0377_][A-Za-z\0300-\0326\0330-\0366\0370-\03770-9_']*&lt;" attribute="Camlp4 Quotation" context="Camlp4 Quotation Constant" />
				<keyword String="keywords" attribute="Keyword" context="#stay" />
				<keyword String="core types" attribute="Core Data Type" context="#stay" />
				<RegExpr String="[A-Za-z\0300-\0326\0330-\0366\0370-\0377_][A-Za-z\0300-\0326\0330-\0366\0370-\03770-9_']*" attribute="Identifier" context="#stay" />
				<RegExpr String="-?0[xX][0-9A-Fa-f_]+" attribute="Hexadecimal" context="#stay" />
				<RegExpr String="-?0[oO][0-7_]+" attribute="Octal" context="#stay" />
				<RegExpr String="-?0[bB][01_]+" attribute="Binary" context="#stay" />
				<RegExpr String="-?[0-9][0-9_]*((\.([0-9][0-9_]*)?([eE][-+]?[0-9][0-9_]*)?)|([eE][-+]?[0-9][0-9_]*))" attribute="Float" context="#stay" />
				<RegExpr String="-?[0-9][0-9_]*" attribute="Decimal" context="#stay" />
			</context>
			<context attribute="Comment" lineEndContext="#pop" name="Singleline Comment" />
			<context attribute="Comment" lineEndContext="#stay" name="Multiline Comment">
				<Detect2Chars attribute="Comment" char="*" char1=")" context="#pop" endRegion="comment" />
				<Detect2Chars attribute="Comment" beginRegion="comment" char="(" char1="*" context="Multiline Comment" />
			</context>
			<context attribute="String" lineEndContext="#stay" name="String Constant">
				<DetectChar attribute="String" char="&quot;" context="#pop" />
				<RegExpr String="(\\[ntbr'&quot;\\]|\\[0-9]{3}|\\x[0-9A-Fa-f]{2})" attribute="Escaped characters" context="#stay" />
				<RegExpr String="\\$" attribute="Escaped characters" context="#stay" />
			</context>
			<context attribute="Normal text" lineEndContext="#stay" name="Block">
				<keyword String="end" attribute="Region Marker" context="#pop" endRegion="block" />
				<IncludeRules context="Normal" />
			</context>
			<context attribute="Normal text" lineEndContext="#stay" name="Sig">
				<keyword String="end" attribute="Region Marker" context="#pop" endRegion="sig" />
				<IncludeRules context="Normal" />
			</context>
			<context attribute="Normal text" lineEndContext="#stay" name="Struct">
				<keyword String="end" attribute="Region Marker" context="#pop" endRegion="struct" />
				<IncludeRules context="Normal" />
			</context>
			<context attribute="Normal text" lineEndContext="#stay" name="Object">
				<keyword String="end" attribute="Region Marker" context="#pop" endRegion="object" />
				<IncludeRules context="Normal" />
			</context>
			<context attribute="Normal text" fallthrough="true" fallthroughContext="#pop" lineEndContext="#stay" name="ModuleEnv">
				<DetectSpaces attribute="Normal text" context="#stay" />
				<RegExpr String="[A-Z][A-Za-z\0300-\0326\0330-\0366\0370-\03770-9_']*\s*\." attribute="Module" context="ModuleEnv2" lookAhead="true" />
				<RegExpr String="[A-Z][A-Za-z\0300-\0326\0330-\0366\0370-\03770-9_']*" attribute="Module" context="#pop" />
			</context>
			<context attribute="Normal text" lineEndContext="#stay" name="ModuleEnv2">
				<RegExpr String="[A-Z][A-Za-z\0300-\0326\0330-\0366\0370-\03770-9_']*" attribute="Module" context="#stay" />
				<DetectSpaces attribute="Normal text" context="#stay" />
				<StringDetect String="." attribute="Keyword" context="#pop" />
			</context>
			<context attribute="Camlp4 Quotation" lineEndContext="#stay" name="Camlp4 Quotation Constant">
				<Detect2Chars attribute="Camlp4 Quotation" char="&gt;" char1="&gt;" context="#pop" />
				<Detect2Chars attribute="Camlp4 Quotation" char="&lt;" char1="&lt;" context="Camlp4 Quotation Constant" />
				<RegExpr String="&lt;:[A-Za-z\0300-\0326\0330-\0366\0370-\0377_][A-Za-z\0300-\0326\0330-\0366\0370-\03770-9_']*&lt;" attribute="Camlp4 Quotation" context="Camlp4 Quotation Constant" />
				<RegExpr String="\\(\\|&gt;&gt;|&lt;&lt;)" attribute="Escaped characters" context="#stay" />
				<RegExpr String="\\&lt;:[A-Za-z\0300-\0326\0330-\0366\0370-\0377_][A-Za-z\0300-\0326\0330-\0366\0370-\03770-9_']*&lt;" attribute="Escaped characters" context="#stay" />
			</context>
		</contexts>
		<itemDatas>
			<itemData defStyleNum="dsNormal" name="Normal Text" />
			<itemData defStyleNum="dsNormal" name="Identifier" />
			<itemData defStyleNum="dsNormal" name="Symbol" />
			<itemData defStyleNum="dsKeyword" name="Keyword" />
			<itemData defStyleNum="dsNormal" name="Revised Syntax Keyword" />
			<itemData defStyleNum="dsDataType" name="Core Data Type" />
			<itemData defStyleNum="dsDecVal" name="Decimal" />
			<itemData defStyleNum="dsBaseN" name="Hexadecimal" />
			<itemData defStyleNum="dsBaseN" name="Octal" />
			<itemData defStyleNum="dsBaseN" name="Binary" />
			<itemData defStyleNum="dsFloat" name="Float" />
			<itemData defStyleNum="dsChar" name="Character" />
			<itemData defStyleNum="dsString" name="String" />
			<itemData defStyleNum="dsChar" name="Escaped characters" />
			<itemData defStyleNum="dsComment" name="Comment" />
			<itemData defStyleNum="dsString" name="Camlp4 Quotation" />
			<itemData defStyleNum="dsOthers" name="Directive" />
			<itemData defStyleNum="dsNormal" name="Constructor" />
			<itemData defStyleNum="dsNormal" name="Module" />
			<itemData defStyleNum="dsKeyword" name="Region Marker" />
		</itemDatas>
		<list name="sig">
			<item> sig </item>
		</list>
		<list name="struct">
			<item> struct </item>
		</list>
		<list name="keywords">
			<item> abstract </item>
			<item> and </item>
			<item> as </item>
			<item> assert </item>
			<item> base </item>
			<item> class </item>
			<item> delegate </item>
			<item> dowcast </item>
			<item> downto </item>
			<item> elif </item>
			<item> else </item>
			<item> exception </item>
			<item> extern </item>
			<item> false </item>
			<item> for </item>
			<item> fun </item>
			<item> function </item>
			<item> functor </item>
			<item> global </item>
			<item> if </item>
			<item> in </item>
			<item> inherit </item>
			<item> inline </item>
			<item> interfaece </item>
			<item> internal </item>
			<item> lazy </item>
			<item> let </item>
			<item> match </item>
			<item> member </item>
			<item> mutable </item>
			<item> namespace </item>
			<item> new </item>
			<item> not </item>
			<item> null </item>
			<item> of </item>
			<item> or </item>
			<item> override </item>
			<item> private </item>
			<item> public </item>
			<item> rec </item>
			<item> ref </item>
			<item> return </item>
			<item> static </item>
			<item> then </item>
			<item> to </item>
			<item> true </item>
			<item> try </item>
			<item> type </item>
			<item> upcast </item>
			<item> use </item>
			<item> val </item>
			<item> void </item>
			<item> when </item>
			<item> while </item>
			<item> with </item>
			<item> yield </item>
		</list>
		<list name="module_environment">
			<item> module </item>
			<item> open </item>
		</list>
		<list name="end">
			<item> end </item>
		</list>
		<list name="do">
			<item> do </item>
		</list>
		<list name="core types">
			<item> bool </item>
			<item> byte </item>
			<item> sbyte </item>
			<item> int16 </item>
			<item> uint16 </item>
			<item> int </item>
			<item> uint32 </item>
			<item> int64 </item>
			<item> uint64 </item>
			<item> nativeint </item>
			<item> unativeint </item>
			<item> char </item>
			<item> string </item>
			<item> decimal </item>
			<item> unit </item>
			<item> void </item>
			<item> float32 </item>
			<item> single </item>
			<item> float </item>
			<item> double </item>
			<item> bigint </item>
			<item> option </item>
			<item> seq </item>
		</list>
		<list name="begin">
			<item> begin </item>
		</list>
		<list name="done">
			<item> done </item>
		</list>
		<list name="symbols">
			<item> ? </item>
		</list>
		<list name="object">
			<item> object </item>
		</list>
	</highlighting>
	<general>
		<keywords casesensitive="1" />
		<comments>
			<comment name="singleLine" start="//" />
			<comment name="singleLine" start="///" />
			<comment end="*)" name="multiLine" start="(*" />
		</comments>
	</general>
</language>
