<?xml version="1.0" encoding="UTF-8"?>
<!-- read from /usr/share/katepart5/syntax/gdb.xml at 26/09/15 17:36:06 CEST -->
<language author="Milian Wolff (mail@milianw.de)" extensions="*.kcrash;*.crash;*.bt" kateversion="3.4" license="LGPL" mimetype="" name="GDB Backtrace" section="Other" version="1.0">
	<highlighting>
		<contexts>
			<context attribute="Normal" lineEndContext="#stay" name="apache">
				<DetectChar char="#" context="stackframe" firstNonSpace="true" />
				<IncludeRules context="oneliners" />
			</context>
			<context attribute="Normal" lineEndContext="#pop" name="oneliners">
				<StringDetect String="[KCrash Handler]" attribute="Crash" context="#stay" />
				<StringDetect String="Thread" context="thread" firstNonSpace="true" />
				<StringDetect String="[Current thread" context="thread" firstNonSpace="true" />
			</context>
			<context attribute="Normal" lineEndContext="#stay" name="stackframe">
				<RegExpr String="((?:[^ ]|&lt;.+&gt;)+::)?([^ :]+)\s*\(" attribute="Normal" context="identifier" lookAhead="true" />
				<StringDetect String="at" attribute="Normal" context="file" />
				<StringDetect String="from" attribute="Normal" context="file" />
				<IncludeRules context="oneliners" />
			</context>
			<context attribute="Normal" dynamic="true" lineEndContext="#stay" name="identifier">
				<StringDetect String="%1" attribute="QualifiedIdentifier" dynamic="true" />
				<StringDetect String="%2" attribute="Function" dynamic="true" />
				<RegExpr String="\b0x0\b" attribute="Crash" />
				<DetectChar char=")" context="#pop" />
			</context>
			<context attribute="File" lineEndContext="#pop#pop" name="file">
				<DetectChar attribute="Normal" char=":" context="#pop#pop" />
			</context>
			<context attribute="Thread" lineEndContext="#pop" name="thread">
				
			</context>
		</contexts>
		<itemDatas>
			<itemData defStyleNum="dsNormal" name="Normal" spellChecking="false" />
			<itemData bold="true" defStyleNum="dsError" name="Crash" spellChecking="false" underline="false" />
			<itemData defStyleNum="dsOthers" name="QualifiedIdentifier" spellChecking="false" />
			<itemData bold="true" defStyleNum="dsFunction" name="Function" spellChecking="false" />
			<itemData defStyleNum="dsDataType" name="File" spellChecking="false" />
			<itemData defStyleNum="dsBaseN" name="Thread" spellChecking="false" />
		</itemDatas>
	</highlighting>
</language>
