<?xml version="1.0" encoding="UTF-8"?>
<!DOCTYPE language SYSTEM "language.dtd">
<!-- read from /usr/share/katepart5/syntax/go.xml at 25/06/15 19:33:20 CEST -->
<language author="Miquel Sabaté (mikisabate@gmail.com)" extensions="*.go" indenter="cstyle" kateversion="3.4" license="GPL" name="Go" section="Sources" version="1.05">
	<highlighting>
		<contexts>
			<context attribute="Normal Text" lineEndContext="#stay" name="normal">
				<keyword String="keywords" attribute="Keyword" context="#stay" />
				<keyword String="predeclared" attribute="Predeclared Identifier" context="#stay" />
				<keyword String="types" attribute="Data Type" context="#stay" />
				<keyword String="builtin" attribute="Builtin Function" context="#stay" />
				<DetectIdentifier />
				<DetectChar attribute="Symbol" beginRegion="Brace1" char="{" context="#stay" />
				<DetectChar attribute="Symbol" char="}" context="#stay" endRegion="Brace1" />
				<Detect2Chars attribute="Comment" char="/" char1="/" context="Commentar 1" />
				<Detect2Chars attribute="Comment" char="/" char1="*" context="Commentar 2" />
				<Int attribute="Decimal" context="#stay" />
				<Float attribute="Float" context="#stay" />
				<HlCOct attribute="Octal" context="#stay" />
				<HlCHex attribute="Hex" context="#stay" />
				<HlCChar attribute="Char" context="#stay" />
				<DetectChar attribute="String" char="&quot;" context="String" />
				<DetectChar attribute="String" char="`" context="Multiline String" />
				<AnyChar String=":!%&amp;()+,-/.*&lt;=&gt;?[]|~^;" attribute="Symbol" context="#stay" />
			</context>
			<context attribute="Comment" lineEndContext="#pop" name="Commentar 1">
				<LineContinue attribute="Comment" context="#stay" />
				<DetectSpaces />
				<IncludeRules context="##Alerts" />
				<DetectIdentifier />
			</context>
			<context attribute="Comment" lineEndContext="#stay" name="Commentar 2">
				<DetectSpaces />
				<Detect2Chars attribute="Comment" char="*" char1="/" context="#pop" endRegion="Comment" />
				<IncludeRules context="##Alerts" />
				<DetectIdentifier />
			</context>
			<context attribute="String" lineEndContext="#pop" name="String">
				<LineContinue attribute="String" context="#stay" />
				<HlCStringChar attribute="String Char" context="#stay" />
				<DetectChar attribute="String" char="&quot;" context="#pop" />
			</context>
			<context attribute="String" lineEndContext="#stay" name="Multiline String">
				<LineContinue attribute="String" context="#stay" />
				<HlCStringChar attribute="String Char" context="#stay" />
				<DetectChar attribute="String" char="`" context="#pop" />
			</context>
		</contexts>
		<itemDatas>
			<itemData defStyleNum="dsNormal" name="Normal Text" spellChecking="false" />
			<itemData defStyleNum="dsKeyword" name="Keyword" spellChecking="false" />
			<itemData defStyleNum="dsOthers" name="Predeclared Identifier" spellChecking="false" />
			<itemData defStyleNum="dsFunction" name="Builtin Function" spellChecking="false" />
			<itemData defStyleNum="dsDataType" name="Data Type" spellChecking="false" />
			<itemData defStyleNum="dsChar" name="String Char" />
			<itemData defStyleNum="dsString" name="String" />
			<itemData defStyleNum="dsComment" name="Comment" />
			<itemData defStyleNum="dsDecVal" name="Decimal" spellChecking="false" />
			<itemData defStyleNum="dsBaseN" name="Octal" spellChecking="false" />
			<itemData defStyleNum="dsBaseN" name="Hex" spellChecking="false" />
			<itemData defStyleNum="dsFloat" name="Float" spellChecking="false" />
			<itemData defStyleNum="dsChar" name="Char" spellChecking="false" />
			<itemData defStyleNum="dsNormal" name="Symbol" spellChecking="false" />
			<itemData defStyleNum="dsError" name="Error" spellChecking="false" />
		</itemDatas>
		<list name="predeclared">
			<item>false</item>
			<item>nil</item>
			<item>true</item>
			<item>iota</item>
		</list>
		<list name="types">
			<item>bool</item>
			<item>byte</item>
			<item>complex64</item>
			<item>complex128</item>
			<item>error</item>
			<item>float32</item>
			<item>float64</item>
			<item>int</item>
			<item>int8</item>
			<item>int16</item>
			<item>int32</item>
			<item>int64</item>
			<item>rune</item>
			<item>string</item>
			<item>uint</item>
			<item>uintptr</item>
			<item>uint8</item>
			<item>uint16</item>
			<item>uint32</item>
			<item>uint64</item>
		</list>
		<list name="keywords">
			<item>break</item>
			<item>case</item>
			<item>chan</item>
			<item>const</item>
			<item>continue</item>
			<item>default</item>
			<item>defer</item>
			<item>else</item>
			<item>fallthrough</item>
			<item>for</item>
			<item>func</item>
			<item>go</item>
			<item>goto</item>
			<item>if</item>
			<item>import</item>
			<item>interface</item>
			<item>map</item>
			<item>package</item>
			<item>range</item>
			<item>return</item>
			<item>select</item>
			<item>struct</item>
			<item>switch</item>
			<item>type</item>
			<item>var</item>
		</list>
		<list name="builtin">
			<item>append</item>
			<item>cap</item>
			<item>close</item>
			<item>complex</item>
			<item>copy</item>
			<item>delete</item>
			<item>imag</item>
			<item>len</item>
			<item>make</item>
			<item>new</item>
			<item>panic</item>
			<item>print</item>
			<item>println</item>
			<item>real</item>
			<item>recover</item>
		</list>
	</highlighting>
	<general>
		<comments>
			<comment name="singleLine" start="//" />
			<comment end="*/" name="multiLine" region="Comment" start="/*" />
		</comments>
		<keywords additionalDeliminator="'&quot;" casesensitive="1" />
	</general>
</language>
