<?xml version="1.0" encoding="UTF-8"?>
<!-- read from /usr/share/katepart5/syntax/html.xml at 26/09/15 17:36:25 CEST -->
<language author="Wilbert Berendsen (wilbert@kde.nl)" extensions="*.htm;*.html;*.shtml;*.shtm" kateversion="3.4" license="LGPL" mimetype="text/html" name="HTML" priority="10" section="Markup" version="2.1">
	<highlighting>
		<contexts>
			<context attribute="Normal Text" lineEndContext="#stay" name="Start">
				<IncludeRules context="FindHTML" />
			</context>
			<context attribute="Normal Text" lineEndContext="#stay" name="FindHTML">
				<DetectSpaces />
				<DetectIdentifier />
				<StringDetect String="&lt;!--" attribute="Comment" beginRegion="comment" context="Comment" />
				<StringDetect String="&lt;![CDATA[" attribute="CDATA" beginRegion="cdata" context="CDATA" />
				<RegExpr String="&lt;!DOCTYPE\s+" attribute="Doctype" beginRegion="doctype" context="Doctype" insensitive="true" />
				<RegExpr String="&lt;\?[\w:-]*" attribute="Processing Instruction" beginRegion="pi" context="PI" />
				<RegExpr String="&lt;style\b" attribute="Element" beginRegion="style" context="CSS" insensitive="true" />
				<RegExpr String="&lt;script\b" attribute="Element" beginRegion="script" context="JS" insensitive="true" />
				<RegExpr String="&lt;pre\b" attribute="Element" beginRegion="pre" context="El Open" insensitive="true" />
				<RegExpr String="&lt;div\b" attribute="Element" beginRegion="div" context="El Open" insensitive="true" />
				<RegExpr String="&lt;table\b" attribute="Element" beginRegion="table" context="El Open" insensitive="true" />
				<RegExpr String="&lt;ul\b" attribute="Element" beginRegion="ul" context="El Open" insensitive="true" />
				<RegExpr String="&lt;ol\b" attribute="Element" beginRegion="ol" context="El Open" insensitive="true" />
				<RegExpr String="&lt;dl\b" attribute="Element" beginRegion="dl" context="El Open" insensitive="true" />
				<RegExpr String="&lt;article\b" attribute="Element" beginRegion="article" context="El Open" insensitive="true" />
				<RegExpr String="&lt;aside\b" attribute="Element" beginRegion="aside" context="El Open" insensitive="true" />
				<RegExpr String="&lt;details\b" attribute="Element" beginRegion="details" context="El Open" insensitive="true" />
				<RegExpr String="&lt;figure\b" attribute="Element" beginRegion="figure" context="El Open" insensitive="true" />
				<RegExpr String="&lt;footer\b" attribute="Element" beginRegion="footer" context="El Open" insensitive="true" />
				<RegExpr String="&lt;header\b" attribute="Element" beginRegion="header" context="El Open" insensitive="true" />
				<RegExpr String="&lt;main\b" attribute="Element" beginRegion="main" context="El Open" insensitive="true" />
				<RegExpr String="&lt;nav\b" attribute="Element" beginRegion="nav" context="El Open" insensitive="true" />
				<RegExpr String="&lt;section\b" attribute="Element" beginRegion="section" context="El Open" insensitive="true" />
				<RegExpr String="&lt;[A-Za-z_:][\w.:_-]*" attribute="Element" context="El Open" />
				<RegExpr String="&lt;/pre\b" attribute="Element" context="El Close" endRegion="pre" insensitive="true" />
				<RegExpr String="&lt;/div\b" attribute="Element" context="El Close" endRegion="div" insensitive="true" />
				<RegExpr String="&lt;/table\b" attribute="Element" context="El Close" endRegion="table" insensitive="true" />
				<RegExpr String="&lt;/ul\b" attribute="Element" context="El Close" endRegion="ul" insensitive="true" />
				<RegExpr String="&lt;/ol\b" attribute="Element" context="El Close" endRegion="ol" insensitive="true" />
				<RegExpr String="&lt;/dl\b" attribute="Element" context="El Close" endRegion="dl" insensitive="true" />
				<RegExpr String="&lt;/article\b" attribute="Element" context="El Close" endRegion="article" insensitive="true" />
				<RegExpr String="&lt;/aside\b" attribute="Element" context="El Close" endRegion="aside" insensitive="true" />
				<RegExpr String="&lt;/details\b" attribute="Element" context="El Close" endRegion="details" insensitive="true" />
				<RegExpr String="&lt;/figure\b" attribute="Element" context="El Close" endRegion="figure" insensitive="true" />
				<RegExpr String="&lt;/footer\b" attribute="Element" context="El Close" endRegion="footer" insensitive="true" />
				<RegExpr String="&lt;/header\b" attribute="Element" context="El Close" endRegion="header" insensitive="true" />
				<RegExpr String="&lt;/main\b" attribute="Element" context="El Close" endRegion="main" insensitive="true" />
				<RegExpr String="&lt;/nav\b" attribute="Element" context="El Close" endRegion="nav" insensitive="true" />
				<RegExpr String="&lt;/section\b" attribute="Element" context="El Close" endRegion="section" insensitive="true" />
				<RegExpr String="&lt;/[A-Za-z_:][\w.:_-]*" attribute="Element" context="El Close" />
				<IncludeRules context="FindDTDRules" />
				<IncludeRules context="FindEntityRefs" />
			</context>
			<context attribute="Other Text" lineEndContext="#stay" name="FindEntityRefs">
				<RegExpr String="&amp;(#[0-9]+|#[xX][0-9A-Fa-f]+|[A-Za-z_:][\w.:_-]*);" attribute="EntityRef" context="#stay" />
				<AnyChar String="&amp;&lt;" attribute="Error" context="#stay" />
			</context>
			<context attribute="Other Text" lineEndContext="#stay" name="FindPEntityRefs">
				<RegExpr String="&amp;(#[0-9]+|#[xX][0-9A-Fa-f]+|[A-Za-z_:][\w.:_-]*);" attribute="EntityRef" context="#stay" />
				<RegExpr String="%[A-Za-z_:][\w.:_-]*;" attribute="PEntityRef" context="#stay" />
				<AnyChar String="&amp;%" attribute="Error" context="#stay" />
			</context>
			<context attribute="Other Text" lineEndContext="#stay" name="FindAttributes">
				<RegExpr String="[A-Za-z_:][\w.:_-]*" attribute="Attribute" column="0" context="#stay" />
				<RegExpr String="\s+[A-Za-z_:][\w.:_-]*" attribute="Attribute" context="#stay" />
				<DetectChar attribute="Attribute" char="=" context="Value" />
			</context>
			<context attribute="Other Text" lineEndContext="#stay" name="FindDTDRules">
				<RegExpr String="&lt;!(ELEMENT|ENTITY|ATTLIST|NOTATION)\b" attribute="Doctype" context="Doctype Markupdecl" />
			</context>
			<context attribute="Comment" lineEndContext="#stay" name="Comment">
				<DetectSpaces />
				<IncludeRules context="##Alerts" />
				<DetectIdentifier />
				<StringDetect String="--&gt;" attribute="Comment" context="#pop" endRegion="comment" />
				<RegExpr String="-(-(?!-&gt;))+" attribute="Error" context="#stay" />
			</context>
			<context attribute="Other Text" lineEndContext="#stay" name="CDATA">
				<DetectSpaces />
				<DetectIdentifier />
				<StringDetect String="]]&gt;" attribute="CDATA" context="#pop" endRegion="cdata" />
				<StringDetect String="]]&amp;gt;" attribute="EntityRef" context="#stay" />
			</context>
			<context attribute="Other Text" lineEndContext="#stay" name="PI">
				<Detect2Chars attribute="Processing Instruction" char="?" char1="&gt;" context="#pop" endRegion="pi" />
			</context>
			<context attribute="Other Text" lineEndContext="#stay" name="Doctype">
				<DetectChar attribute="Doctype" char="&gt;" context="#pop" endRegion="doctype" />
				<DetectChar attribute="Doctype" beginRegion="int_subset" char="[" context="Doctype Internal Subset" />
			</context>
			<context attribute="Other Text" lineEndContext="#stay" name="Doctype Internal Subset">
				<DetectChar attribute="Doctype" char="]" context="#pop" endRegion="int_subset" />
				<IncludeRules context="FindDTDRules" />
				<StringDetect String="&lt;!--" attribute="Comment" beginRegion="comment" context="Comment" />
				<RegExpr String="&lt;\?[\w:-]*" attribute="Processing Instruction" beginRegion="pi" context="PI" />
				<IncludeRules context="FindPEntityRefs" />
			</context>
			<context attribute="Other Text" lineEndContext="#stay" name="Doctype Markupdecl">
				<DetectChar attribute="Doctype" char="&gt;" context="#pop" />
				<DetectChar attribute="Value" char="&quot;" context="Doctype Markupdecl DQ" />
				<DetectChar attribute="Value" char="'" context="Doctype Markupdecl SQ" />
			</context>
			<context attribute="Value" lineEndContext="#stay" name="Doctype Markupdecl DQ">
				<DetectChar attribute="Value" char="&quot;" context="#pop" />
				<IncludeRules context="FindPEntityRefs" />
			</context>
			<context attribute="Value" lineEndContext="#stay" name="Doctype Markupdecl SQ">
				<DetectChar attribute="Value" char="'" context="#pop" />
				<IncludeRules context="FindPEntityRefs" />
			</context>
			<context attribute="Other Text" lineEndContext="#stay" name="El Open">
				<Detect2Chars attribute="Element" char="/" char1="&gt;" context="#pop" />
				<DetectChar attribute="Element" char="&gt;" context="#pop" />
				<IncludeRules context="FindAttributes" />
				<RegExpr String="\S" attribute="Error" context="#stay" />
			</context>
			<context attribute="Other Text" lineEndContext="#stay" name="El Close">
				<DetectChar attribute="Element" char="&gt;" context="#pop" />
				<RegExpr String="\S" attribute="Error" context="#stay" />
			</context>
			<context attribute="Other Text" lineEndContext="#stay" name="El Close 2">
				<DetectChar attribute="Element" char="&gt;" context="#pop#pop#pop" />
				<RegExpr String="\S" attribute="Error" context="#stay" />
			</context>
			<context attribute="Other Text" lineEndContext="#stay" name="El Close 3">
				<DetectChar attribute="Element" char="&gt;" context="#pop#pop#pop#pop" />
				<RegExpr String="\S" attribute="Error" context="#stay" />
			</context>
			<context attribute="Other Text" lineEndContext="#stay" name="CSS">
				<Detect2Chars attribute="Element" char="/" char1="&gt;" context="#pop" endRegion="style" />
				<DetectChar attribute="Element" char="&gt;" context="CSS content" />
				<IncludeRules context="FindAttributes" />
				<RegExpr String="\S" attribute="Error" context="#stay" />
			</context>
			<context attribute="Other Text" lineEndContext="#stay" name="CSS content">
				<RegExpr String="&lt;/style\b" attribute="Element" context="El Close 2" endRegion="style" insensitive="true" />
				<IncludeRules context="##CSS" includeAttrib="true" />
			</context>
			<context attribute="Other Text" lineEndContext="#stay" name="JS">
				<Detect2Chars attribute="Element" char="/" char1="&gt;" context="#pop" endRegion="script" />
				<DetectChar attribute="Element" char="&gt;" context="JS content" />
				<IncludeRules context="FindAttributes" />
				<RegExpr String="\S" attribute="Error" context="#stay" />
			</context>
			<context attribute="Other Text" lineEndContext="#stay" name="JS content">
				<RegExpr String="&lt;/script\b" attribute="Element" context="El Close 2" endRegion="script" insensitive="true" />
				<RegExpr String="//(?=.*&lt;/script\b)" attribute="Comment" context="JS comment close" insensitive="true" />
				<IncludeRules context="Normal##JavaScript" includeAttrib="true" />
			</context>
			<context attribute="Comment" lineEndContext="#pop" name="JS comment close">
				<RegExpr String="&lt;/script\b" attribute="Element" context="El Close 3" endRegion="script" insensitive="true" />
				<IncludeRules context="##Alerts" />
			</context>
			<context attribute="Other Text" fallthrough="true" fallthroughContext="Value NQ" lineEndContext="#stay" name="Value">
				<DetectChar attribute="Value" char="&quot;" context="Value DQ" />
				<DetectChar attribute="Value" char="'" context="Value SQ" />
				<DetectSpaces />
			</context>
			<context attribute="Other Text" fallthrough="true" fallthroughContext="#pop#pop" lineEndContext="#pop#pop" name="Value NQ">
				<IncludeRules context="FindEntityRefs" />
				<RegExpr String="/(?!&gt;)" attribute="Value" context="#stay" />
				<RegExpr String="[^/&gt;&lt;&quot;'\s]" attribute="Value" context="#stay" />
			</context>
			<context attribute="Value" lineEndContext="#stay" name="Value DQ">
				<DetectChar attribute="Value" char="&quot;" context="#pop#pop" />
				<IncludeRules context="FindEntityRefs" />
			</context>
			<context attribute="Value" lineEndContext="#stay" name="Value SQ">
				<DetectChar attribute="Value" char="'" context="#pop#pop" />
				<IncludeRules context="FindEntityRefs" />
			</context>
		</contexts>
		<itemDatas>
			<itemData defStyleNum="dsNormal" name="Normal Text" />
			<itemData defStyleNum="dsNormal" name="Other Text" spellChecking="false" />
			<itemData defStyleNum="dsComment" name="Comment" />
			<itemData bold="1" defStyleNum="dsBaseN" name="CDATA" spellChecking="false" />
			<itemData defStyleNum="dsKeyword" name="Processing Instruction" spellChecking="false" />
			<itemData bold="1" defStyleNum="dsDataType" name="Doctype" spellChecking="false" />
			<itemData defStyleNum="dsKeyword" name="Element" spellChecking="false" />
			<itemData defStyleNum="dsOthers" name="Attribute" spellChecking="false" />
			<itemData name="Value" defStyleNum="dsString" />
			<itemData defStyleNum="dsDecVal" name="EntityRef" spellChecking="false" />
			<itemData defStyleNum="dsDecVal" name="PEntityRef" spellChecking="false" />
			<itemData defStyleNum="dsError" name="Error" spellChecking="false" />
		</itemDatas>
	</highlighting>
	<general>
		<comments>
			<comment end="--&gt;" name="multiLine" start="&lt;!--" />
		</comments>
	</general>
</language>
