<?xml version="1.0" encoding="UTF-8"?>
<!-- read from /usr/share/katepart5/syntax/ini.xml at 26/09/15 17:36:14 CEST -->
<language author="Jan Janssen (medhefgo@web.de)" extensions="*.ini;*.pls;*.kcfgc" kateversion="2.4" license="LGPL" mimetype="" name="INI Files" section="Configuration" version="1.1">
	<highlighting>
		<contexts>
			<context attribute="Normal Text" lineEndContext="#stay" name="ini">
				<RangeDetect attribute="Section" beginRegion="Section" char="[" char1="]" context="#pop" endRegion="Section" />
				<DetectChar attribute="Assignment" char="=" context="Value" />
				<DetectChar attribute="Comment" char=";" context="Comment" firstNonSpace="true" />
				<DetectChar attribute="Comment" char="#" context="Comment" firstNonSpace="true" />
			</context>
			<context attribute="Value" lineEndContext="#pop" name="Value">
				<Float attribute="Float" />
				<Int attribute="Int" />
				<keyword String="keywords" attribute="Keyword" />
				<RegExpr String=";.*$" attribute="Comment" context="#pop" />
				<RegExpr String="#.*$" attribute="Comment" context="#pop" />
			</context>
			<context attribute="Comment" lineEndContext="#pop" name="Comment">
				<DetectSpaces />
				<IncludeRules context="##Alerts" />
				<DetectIdentifier />
			</context>
		</contexts>
		<itemDatas>
			<itemData defStyleNum="dsDataType" name="Normal Text" />
			<itemData defStyleNum="dsKeyword" name="Section" />
			<itemData defStyleNum="dsComment" name="Comment" />
			<itemData defStyleNum="dsOthers" name="Assignment" />
			<itemData defStyleNum="dsString" name="Value" />
			<itemData defStyleNum="dsFloat" name="Float" />
			<itemData defStyleNum="dsDecVal" name="Int" />
			<itemData defStyleNum="dsKeyword" name="Keyword" />
		</itemDatas>
		<list name="keywords">
			<item>On</item>
			<item>Off</item>
			<item>Default</item>
			<item>Defaults</item>
			<item>Localhost</item>
			<item>Null</item>
			<item>True</item>
			<item>False</item>
			<item>Yes</item>
			<item>No</item>
			<item>Normal</item>
			<item>E_ALL</item>
			<item>E_ERROR</item>
			<item>E_WARNING</item>
			<item>E_PARSE</item>
			<item>E_NOTICE</item>
			<item>E_STRICT</item>
			<item>E_CORE_ERROR</item>
			<item>E_CORE_WARNING</item>
			<item>E_COMPILE_ERROR</item>
			<item>E_COMPILE_WARNING</item>
			<item>E_USER_ERROR</item>
			<item>E_USER_WARNING</item>
			<item>E_USER_NOTICE</item>
		</list>
	</highlighting>
	<general>
		<comments>
			<comment name="singleLine" start="#" />
			<comment name="singleLine" start=";" />
		</comments>
		<keywords casesensitive="0" />
	</general>
</language>
