<?xml version="1.0" encoding="UTF-8"?>
<!-- read from /usr/share/katepart5/syntax/isocpp.xml at 26/06/15 21:52:45 CEST -->
<language author="Alex Turbov (i.zaufi@gmail.com)" extensions="*.c++;*.cxx;*.cpp;*.cc;*.C;*.h;*.hh;*.H;*.h++;*.hxx;*.hpp;*.hcc;*.moc" indenter="cstyle" kateversion="3.4" license="LGPL" mimetype="text/x-c++src;text/x-c++hdr;text/x-chdr" name="ISO C++" priority="6" section="Sources" style="C++" version="2.5">
	<highlighting>
		<contexts>
			<context attribute="Normal Text" lineEndContext="#stay" name="Normal">
				<DetectSpaces />
				<RegExpr String="(#|%\:|\?\?=)\s*if\s+(0|false)\s*" attribute="Preprocessor" beginRegion="PP" context="Outscoped" firstNonSpace="true" insensitive="false" />
				<RegExpr String="(#|%\:|\?\?=)\s*if\s+(1|true)\s*" attribute="Preprocessor" beginRegion="PP" context="Inscoped" firstNonSpace="true" insensitive="false" />
				<IncludeRules context="Main" />
			</context>
			<context attribute="Normal Text" lineEndContext="#stay" name="Main">
				<DetectChar char="#" context="AfterHash" firstNonSpace="true" lookAhead="true" />
				<Detect2Chars char="%" char1=":" context="AfterHash" firstNonSpace="true" lookAhead="true" />
				<StringDetect String="??=" context="AfterHash" firstNonSpace="true" lookAhead="true" />
				<Detect2Chars attribute="Error" char="%" char1=":" context="#stay" />
				<StringDetect String="??=" attribute="Error" context="#stay" />
				<StringDetect String="//BEGIN" attribute="Region Marker" beginRegion="Region1" context="Region Marker" firstNonSpace="true" />
				<StringDetect String="//END" attribute="Region Marker" context="Region Marker" endRegion="Region1" firstNonSpace="true" />
				<RegExpr String="operator\s*&quot;&quot; _[_0-9A-Za-z]*\b" attribute="Normal Text" context="UDLOperator" lookAhead="true" />
				<RegExpr String="operator\s*&quot;&quot; [_0-9A-Za-z]*\b" attribute="Error" context="#stay" />
				<keyword String="keywords" attribute="Keyword" context="#stay" />
				<Detect2Chars attribute="Symbol" char="[" char1="[" context="Attribute" />
				<RegExpr String="[\+\-]?0x[0-9A-Fa-f]('?[0-9A-Fa-f]+)*([Uu][Ll]{0,2}|[Ll]{0,2}[Uu]?|_[_0-9A-Za-z]*)?\b" attribute="Hex" context="#stay" />
				<RegExpr String="0[Bb][01]('?[01]+)*([Uu][Ll]{0,2}|[Ll]{0,2}[Uu]?|_[_0-9A-Za-z]*)?\b" attribute="Binary" context="#stay" />
				<RegExpr String="[\+\-]?([0-9]+[Ee][\+\-]?[0-9]+|([0-9]+\.|\.[0-9]+|[0-9]+\.[0-9]+)([Ee][\+\-]?[0-9]+)?)[FfLl]?" attribute="Float" context="#stay" />
				<RegExpr String="[\+\-]?0'?[0-7]('?[0-7]+)*([Uu][Ll]{0,2}|[Ll]{0,2}[Uu]?|_[_0-9A-Za-z]*)?\b" attribute="Octal" context="#stay" />
				<RegExpr String="[\+\-]?(0|[1-9]('?[0-9]+)*)([Uu][Ll]{0,2}|[Ll]{0,2}[Uu]?|_[_0-9A-Za-z]*)?\b" attribute="Decimal" context="#stay" />
				<RegExpr String="[\+\-]?(0x?|[1-9][0-9]*)[0-9A-Za-z][_0-9A-Za-z]*\b" attribute="Error" context="#stay" />
				<DetectChar attribute="String" char="&quot;" context="String" />
				<Detect2Chars attribute="String" char="U" char1="&quot;" context="String" />
				<Detect2Chars attribute="String" char="u" char1="&quot;" context="String" />
				<Detect2Chars attribute="String" char="L" char1="&quot;" context="String" />
				<StringDetect String="u8&quot;" attribute="String" context="String" />
				<RegExpr String="(u|u8|U|L)?R&quot;([^\(]{0,16})\(" attribute="String" context="RawString" lookAhead="true" />
				<RegExpr String="(u|u8|U|L)?R&quot;([^\(]{16,})\(" attribute="Error" context="#stay" />
				<DetectChar attribute="String" char="'" context="Char Literal" />
				<Detect2Chars attribute="String" char="L" char1="'" context="Char Literal" />
				<Detect2Chars attribute="String" char="u" char1="'" context="U-Char Literal" />
				<Detect2Chars attribute="String" char="U" char1="'" context="U-Char Literal" />
				<IncludeRules context="DetectGccExtensions##GCCExtensions" />
				<StringDetect String="std::" attribute="Standard Classes" context="Standard Classes" />
				<StringDetect String="boost::" attribute="Boost Stuff" context="Boost Stuff" />
				<StringDetect String="BOOST_" attribute="Boost Stuff" context="Boost Stuff" />
				<StringDetect String="detail::" attribute="Internals" context="InternalsNS" />
				<StringDetect String="details::" attribute="Internals" context="InternalsNS" />
				<StringDetect String="aux::" attribute="Internals" context="InternalsNS" />
				<StringDetect String="internals::" attribute="Internals" context="InternalsNS" />
				<keyword String="types" attribute="Data Type" context="#stay" />
				<keyword String="modifiers" attribute="Type Modifiers" context="#stay" />
				<keyword String="StdMacros" attribute="Standard Macros" context="#stay" />
				<RegExpr String="_[a-zA-Z0-9_]+" attribute="Internals" context="#stay" />
				<RegExpr String="[a-zA-Z][a-zA-Z0-9_]*__\b" attribute="Internals" context="#stay" />
				<RegExpr String="[a-z][a-zA-Z0-9_]*_\b" attribute="Data Members (m_*)" context="#stay" />
				<RegExpr String="m_[a-zA-Z0-9_]+" attribute="Data Members (m_*)" context="#stay" />
				<RegExpr String="g_[a-zA-Z0-9_]+" attribute="Globals (g_*)" context="#stay" />
				<RegExpr String="s_[a-zA-Z0-9_]+" attribute="Statics (s_*)" context="#stay" />
				<RegExpr String="[A-Z][A-Z0-9_]{2,}\b" attribute="CONSTS/MACROS" context="#stay" />
				<RegExpr String="[a-zA-Z][a-zA-Z0-9_]*_t(ype)?\b" attribute="Types (*_t/*_type)" context="#stay" />
				<DetectIdentifier />
				<IncludeRules context="##Doxygen" />
				<Detect2Chars attribute="Comment" char="/" char1="/" context="Comment 1" />
				<Detect2Chars attribute="Comment" beginRegion="Comment" char="/" char1="*" context="Comment 2" />
				<DetectChar attribute="Symbol" beginRegion="Brace1" char="{" context="#stay" />
				<DetectChar attribute="Symbol" char="}" context="#stay" endRegion="Brace1" />
				<AnyChar String=",;" attribute="Separator Symbol" context="#stay" />
				<AnyChar String=":!% &amp;()+-/.*&lt;=&gt;?[]{|}~^,;" attribute="Symbol" context="#stay" />
				<DetectChar attribute="Error" char="#" context="#stay" />
				<DetectChar attribute="Error" char="$" context="#stay" />
				<DetectChar attribute="Error" char="@" context="#stay" />
				<DetectChar attribute="Error" char="`" context="#stay" />
			</context>
			<context attribute="Normal Text" lineEndContext="#pop" name="UDLOperator">
				<StringDetect String="operator" attribute="Keyword" context="#stay" />
				<StringDetect String="&quot;&quot;" attribute="String" context="#stay" />
				<DetectIdentifier context="#pop" />
			</context>
			<context attribute="String" lineEndContext="#pop" name="Char Literal">
				<IncludeRules context="Universal Char" />
				<DetectChar attribute="String Char" char="\" context="Simple Esc" />
				<DetectChar attribute="String" char="'" context="#pop" />
			</context>
			<context attribute="String" lineEndContext="#pop" name="U-Char Literal">
				<IncludeRules context="Universal Char" />
				<DetectChar attribute="String Char" char="\" context="Simple Esc" />
				<DetectChar attribute="String" char="'" context="#pop" />
				<RegExpr String="[^']{2,}" attribute="Error" context="#stay" />
				<RegExpr String=".{1}" attribute="String" context="#stay" />
			</context>
			<context attribute="String Char" lineEndContext="#pop" name="Simple Esc">
				<AnyChar String="tnvbrfa'&quot;\" attribute="String Char" context="#pop" />
				<RegExpr String="[0-7]{1,3}" attribute="String Char" context="#pop" />
				<RegExpr String="x[0-9A-Fa-f]{1,}" attribute="String Char" context="#pop" />
				<RegExpr String="." attribute="String" context="#pop" />
			</context>
			<context attribute="String Char" lineEndContext="#pop" name="Universal Char">
				<RegExpr String="\\u[0-9A-Fa-f]{4}" attribute="String Char" context="#stay" />
				<RegExpr String="\\u.{0,3}" attribute="Error" context="#stay" />
				<RegExpr String="\\U[0-9A-Fa-f]{8}" attribute="String Char" context="#stay" />
				<RegExpr String="\\U.{0,7}" attribute="Error" context="#stay" />
			</context>
			<context attribute="String" lineEndContext="#pop" name="String">
				<LineContinue attribute="String" context="#stay" />
				<HlCStringChar attribute="String Char" context="#stay" />
				<IncludeRules context="Universal Char" />
				<RegExpr String="%[^&quot;diouxXeEfFgGaAcsP%\s]*[diouxXeEfFgGaAcsP%]" attribute="String Char" context="#stay" />
				<DetectChar attribute="String" char="&quot;" context="UDLStringSuffix" />
			</context>
			<context attribute="String" lineEndContext="#pop#pop" name="UDLStringSuffix">
				<RegExpr String="_[_0-9A-Z-a-z]*\b" attribute="String" context="#pop#pop" />
				<RegExpr String=".*" context="#pop#pop" lookAhead="true" />
			</context>
			<context attribute="Attribute" lineEndContext="#stay" name="Attribute">
				<keyword String="attributes" attribute="Standard Attribute" context="#stay" />
				<Detect2Chars attribute="Symbol" char="]" char1="]" context="#pop" />
				<AnyChar String="!% &amp;()+-/.*&lt;=&gt;?[]{|}~^,;" attribute="Symbol" context="#stay" />
				<DetectChar attribute="String" char="&quot;" context="String" />
			</context>
			<context attribute="String" dynamic="true" lineEndContext="#stay" name="RawString">
				<LineContinue attribute="String" context="#stay" />
				<RegExpr String="%[^&quot;diouxXeEfFgGaAcsP%\s]*[diouxXeEfFgGaAcsP%]" attribute="String Char" context="#stay" />
				<RegExpr String="\)%2&quot;" attribute="String" context="#pop" dynamic="true" />
			</context>
			<context attribute="Normal Text" lineEndContext="#pop" name="DetectIdentifierEnd">
				<AnyChar String=":!% &amp;()+-/.*&lt;=&gt;?[]{|}~^,;" attribute="Symbol" context="#pop" />
			</context>
			<context attribute="Region Marker" lineEndContext="#pop" name="Region Marker" />
			<context attribute="Normal Text" lineEndContext="#pop" name="DetectNSEnd">
				<keyword String="template" attribute="Keyword" context="#stay" />
				<DetectIdentifier context="#stay" />
				<AnyChar String=",;" attribute="Separator Symbol" context="#pop" />
				<AnyChar String="!% &amp;()+-/.*&lt;=&gt;?[]{|}~^,;" attribute="Symbol" context="#pop" />
				<AnyChar String=" " attribute="Normal Text" context="#stay" />
			</context>
			<context attribute="Standard Classes" lineEndContext="#pop" name="Standard Classes">
				<IncludeRules context="DetectNSEnd" />
			</context>
			<context attribute="Boost Stuff" lineEndContext="#pop" name="Boost Stuff">
				<IncludeRules context="DetectNSEnd" />
			</context>
			<context attribute="Internals" lineEndContext="#pop" name="InternalsNS">
				<IncludeRules context="DetectNSEnd" />
			</context>
			<context attribute="Comment" lineEndContext="#pop" name="Comment 1">
				<LineContinue attribute="Comment" context="#stay" />
				<DetectSpaces />
				<IncludeRules context="##Alerts" />
				<IncludeRules context="##Modelines" />
				<DetectIdentifier />
			</context>
			<context attribute="Comment" lineEndContext="#stay" name="Comment 2">
				<DetectSpaces />
				<LineContinue attribute="Comment" context="#stay" />
				<Detect2Chars attribute="Comment" char="*" char1="/" context="#pop" endRegion="Comment" />
				<IncludeRules context="##Alerts" />
				<IncludeRules context="##Modelines" />
				<DetectIdentifier />
			</context>
			<context attribute="Error" lineEndContext="#pop" name="AfterHash">
				<RegExpr String="#\s*(?:include|include_next)" attribute="Preprocessor" context="Include" firstNonSpace="true" insensitive="true" />
				<RegExpr String="(#|%\:|\?\?=)\s*if(?:def|ndef)?(?=(?:\(|\s+)\S)" attribute="Preprocessor" beginRegion="PP" context="Preprocessor" firstNonSpace="true" insensitive="false" />
				<RegExpr String="(#|%\:|\?\?=)\s*endif" attribute="Preprocessor" context="Preprocessor" endRegion="PP" firstNonSpace="true" insensitive="false" />
				<RegExpr String="(#|%\:|\?\?=)\s*(cmake)?define.*((?=\\))" attribute="Preprocessor" context="Define" firstNonSpace="true" insensitive="false" lookAhead="true" />
				<RegExpr String="(#|%\:|\?\?=)\s*(?:el(?:se|if)|(cmake)?define|undef|line|error|warning|pragma)" attribute="Preprocessor" context="Preprocessor" firstNonSpace="true" insensitive="false" />
				<RegExpr String="(#|%\:|\?\?=)\s+[0-9]+" attribute="Preprocessor" context="Preprocessor" firstNonSpace="true" insensitive="false" />
			</context>
			<context attribute="Preprocessor" lineEndContext="#pop" name="Include">
				<LineContinue attribute="Preprocessor" context="#stay" />
				<RangeDetect attribute="Prep. Lib" char="&quot;" char1="&quot;" context="#stay" />
				<RangeDetect attribute="Prep. Lib" char="&lt;" char1="&gt;" context="#stay" />
				<IncludeRules context="Preprocessor" />
			</context>
			<context attribute="Preprocessor" lineEndContext="#pop" name="Preprocessor">
				<LineContinue attribute="Preprocessor" context="#stay" />
				<keyword String="StdMacros" attribute="Standard Macros" context="#stay" />
				<IncludeRules context="GNUMacros##GCCExtensions" />
				<IncludeRules context="##Doxygen" />
				<Detect2Chars attribute="Comment" beginRegion="Comment2" char="/" char1="*" context="Comment/Preprocessor" />
				<Detect2Chars attribute="Comment" char="/" char1="/" context="Comment 1" />
			</context>
			<context attribute="Preprocessor" lineEndContext="#pop" name="Define">
				<LineContinue attribute="Separator Symbol" context="#stay" />
				<DetectChar attribute="Error" char="\\" context="#stay" />
				<keyword String="StdMacros" attribute="Standard Macros" context="#stay" />
				<IncludeRules context="GNUMacros##GCCExtensions" />
			</context>
			<context attribute="Comment" lineEndContext="#stay" name="Comment/Preprocessor">
				<DetectSpaces />
				<Detect2Chars attribute="Comment" char="*" char1="/" context="#pop" endRegion="Comment2" />
				<DetectIdentifier />
			</context>
			<context attribute="Comment" lineEndContext="#stay" name="Outscoped Common">
				<DetectSpaces />
				<IncludeRules context="##Alerts" />
				<IncludeRules context="##Modelines" />
				<DetectIdentifier />
				<IncludeRules context="##Doxygen" />
				<Detect2Chars attribute="Comment" char="/" char1="/" context="Comment 1" />
				<RegExpr String="(#|%\:|\?\?=)\s*if" attribute="Comment" beginRegion="PP" context="Outscoped intern" firstNonSpace="true" insensitive="false" />
				<LineContinue context="#stay" />
			</context>
			<context attribute="Comment" lineEndContext="#stay" name="Outscoped">
				<IncludeRules context="Outscoped Common" />
				<RegExpr String="(#|%\:|\?\?=)\s*el(?:se|if)" attribute="Preprocessor" context="#pop" firstNonSpace="true" insensitive="false" />
				<RegExpr String="(#|%\:|\?\?=)\s*endif" attribute="Preprocessor" context="#pop" endRegion="PP" firstNonSpace="true" insensitive="false" />
			</context>
			<context attribute="Comment" lineEndContext="#stay" name="Outscoped 2">
				<IncludeRules context="Outscoped Common" />
				<RegExpr String="(#|%\:|\?\?=)\s*endif" attribute="Preprocessor" context="#pop#pop" endRegion="PP" firstNonSpace="true" insensitive="false" />
			</context>
			<context attribute="Normal Text" lineEndContext="#stay" name="Inscoped">
				<DetectSpaces />
				<RegExpr String="(#|%\:|\?\?=)\s*if\s+(0|false)\s*" attribute="Preprocessor" beginRegion="PP" context="Outscoped" firstNonSpace="true" insensitive="false" />
				<RegExpr String="(#|%\:|\?\?=)\s*el(?:se|if)" attribute="Preprocessor" context="Outscoped 2" firstNonSpace="true" insensitive="false" />
				<IncludeRules context="Main" />
			</context>
			<context attribute="Comment" lineEndContext="#stay" name="Outscoped intern">
				<DetectSpaces />
				<IncludeRules context="##Alerts" />
				<IncludeRules context="##Modelines" />
				<DetectIdentifier />
				<IncludeRules context="##Doxygen" />
				<Detect2Chars attribute="Comment" char="/" char1="/" context="Comment 1" />
				<Detect2Chars attribute="Comment" beginRegion="Comment" char="/" char1="*" context="Comment 2" />
				<RegExpr String="(#|%\:|\?\?=)\s*if" attribute="Comment" beginRegion="PP" context="Outscoped intern" firstNonSpace="true" insensitive="false" />
				<RegExpr String="(#|%\:|\?\?=)\s*endif" attribute="Comment" context="#pop" endRegion="PP" firstNonSpace="true" insensitive="false" />
			</context>
		</contexts>
		<itemDatas>
			<itemData defStyleNum="dsNormal" name="Normal Text" spellChecking="false" />
			<itemData defStyleNum="dsKeyword" name="Keyword" spellChecking="false" />
			<itemData defStyleNum="dsDataType" name="Data Type" spellChecking="false" />
			<itemData defStyleNum="dsDataType" name="Type Modifiers" spellChecking="false" />
			<itemData bold="false" defStyleNum="dsKeyword" italic="true" name="Attribute" spellChecking="false" />
			<itemData name="Standard Attribute" defStyleNum="dsAttribute" />
			<itemData defStyleNum="dsDecVal" name="Decimal" spellChecking="false" />
			<itemData defStyleNum="dsBaseN" name="Octal" spellChecking="false" />
			<itemData defStyleNum="dsBaseN" name="Hex" spellChecking="false" />
			<itemData defStyleNum="dsBaseN" name="Binary" spellChecking="false" />
			<itemData defStyleNum="dsFloat" name="Float" spellChecking="false" />
			<itemData defStyleNum="dsChar" name="Char" spellChecking="false" />
			<itemData defStyleNum="dsString" name="String" spellChecking="true" />
			<itemData defStyleNum="dsChar" name="String Char" spellChecking="false" />
			<itemData defStyleNum="dsComment" name="Comment" spellChecking="true" />
			<itemData defStyleNum="dsNormal" name="Symbol" spellChecking="false" />
			<itemData defStyleNum="dsNormal" name="Separator Symbol" spellChecking="false" />
			<itemData defStyleNum="dsNormal" name="Data Members (m_*)" spellChecking="false" />
			<itemData defStyleNum="dsNormal" name="Globals (g_*)" spellChecking="false" />
			<itemData defStyleNum="dsNormal" name="Statics (s_*)" spellChecking="false" />
			<itemData defStyleNum="dsNormal" name="Types (*_t/*_type)" spellChecking="false" />
			<itemData defStyleNum="dsNormal" name="CONSTS/MACROS" spellChecking="false" />
			<itemData defStyleNum="dsOthers" name="Preprocessor" spellChecking="false" />
			<itemData defStyleNum="dsOthers" name="Prep. Lib" spellChecking="false" />
			<itemData defStyleNum="dsOthers" name="Standard Macros" spellChecking="false" />
			<itemData name="Standard Classes" defStyleNum="dsBuiltIn" />
			<itemData name="Boost Stuff" defStyleNum="dsExtension" />
			<itemData name="Internals" defStyleNum="dsBuiltIn" />
			<itemData defStyleNum="dsRegionMarker" name="Region Marker" spellChecking="false" />
			<itemData defStyleNum="dsError" name="Error" spellChecking="false" />
		</itemDatas>
		<list name="template">
			<item> template </item>
		</list>
		<list name="types">
			<item> bool </item>
			<item> char </item>
			<item> char16_t </item>
			<item> char32_t </item>
			<item> double </item>
			<item> float </item>
			<item> int </item>
			<item> long </item>
			<item> short </item>
			<item> signed </item>
			<item> unsigned </item>
			<item> void </item>
			<item> int8_t </item>
			<item> int16_t </item>
			<item> int32_t </item>
			<item> int64_t </item>
			<item> uint8_t </item>
			<item> uint16_t </item>
			<item> uint32_t </item>
			<item> uint64_t </item>
			<item> wchar_t </item>
		</list>
		<list name="keywords">
			<item> alignof </item>
			<item> alignas </item>
			<item> asm </item>
			<item> auto </item>
			<item> break </item>
			<item> case </item>
			<item> catch </item>
			<item> class </item>
			<item> constexpr </item>
			<item> const_cast </item>
			<item> continue </item>
			<item> decltype </item>
			<item> default </item>
			<item> delete </item>
			<item> do </item>
			<item> dynamic_cast</item>
			<item> else </item>
			<item> enum </item>
			<item> explicit </item>
			<item> export </item>
			<item> false </item>
			<item> final </item>
			<item> friend </item>
			<item> for </item>
			<item> goto </item>
			<item> if </item>
			<item> inline </item>
			<item> namespace </item>
			<item> new </item>
			<item> noexcept </item>
			<item> nullptr </item>
			<item> operator </item>
			<item> override </item>
			<item> private </item>
			<item> protected </item>
			<item> public </item>
			<item> reinterpret_cast </item>
			<item> return </item>
			<item> sizeof </item>
			<item> static_assert </item>
			<item> static_cast </item>
			<item> struct </item>
			<item> switch </item>
			<item> template </item>
			<item> this </item>
			<item> throw </item>
			<item> true </item>
			<item> try </item>
			<item> typedef </item>
			<item> typeid </item>
			<item> typename </item>
			<item> union </item>
			<item> using </item>
			<item> virtual </item>
			<item> while </item>
			<item> and </item>
			<item> and_eq </item>
			<item> bitand </item>
			<item> bitor </item>
			<item> compl </item>
			<item> not </item>
			<item> not_eq </item>
			<item> or </item>
			<item> or_eq </item>
			<item> xor </item>
			<item> xor_eq </item>
		</list>
		<list name="StdMacros">
			<item> __FILE__ </item>
			<item> __LINE__ </item>
			<item> __DATE__ </item>
			<item> __TIME__ </item>
			<item> __STDC__ </item>
			<item> __STDC_VERSION__ </item>
			<item> __STDC_HOSTED__ </item>
			<item> __STDC_ISO_10646__ </item>
			<item> __STDC_MB_MIGHT_NEQ_WC__ </item>
			<item> __cplusplus </item>
			<item> __func__ </item>
		</list>
		<list name="attributes">
			<item> noreturn </item>
			<item> carries_dependency </item>
			<item> deprecated </item>
		</list>
		<list name="modifiers">
			<item> const </item>
			<item> extern </item>
			<item> mutable </item>
			<item> register </item>
			<item> static </item>
			<item> thread_local </item>
			<item> volatile </item>
		</list>
	</highlighting>
	<general>
		<comments>
			<comment name="singleLine" start="//" />
			<comment end="*/" name="multiLine" region="Comment" start="/*" />
		</comments>
		<keywords casesensitive="1" />
	</general>
	<codr>
		<classDef>class\s+(?P&lt;classname&gt;[a-zA-Z0-9_])</classDef>
		<methodDef>[a-zA-Z0-9_]+\s+(?P&lt;methodname&gt;[a-zA-Z0-9_]+)\s*\([^\)]*\)</methodDef>
	</codr>
</language>
