<?xml version="1.0" encoding="UTF-8"?>
<!-- read from /usr/share/katepart5/syntax/javascript.xml at 26/09/15 17:36:25 CEST -->
<language author="Anders Lund (anders@alweb.dk), Joseph Wenninger (jowenn@kde.org), Whitehawk Stormchaser (zerokode@gmx.net)" extensions="*.js;*.kwinscript" indenter="cstyle" kateversion="5.0" license="" mimetype="text/x-javascript;application/x-javascript" name="JavaScript" section="Scripts" version="1.24">
	<highlighting>
		<contexts>
			<context attribute="Syntax Error" fallthrough="true" fallthroughContext="Normal" lineEndContext="Normal" name="Shebang">
				<Detect2Chars attribute="Comment" char="#" char1="!" column="0" context="Comment" />
			</context>
			<context attribute="Normal Text" lineEndContext="#stay" name="Normal">
				<DetectSpaces />
				<StringDetect String="//BEGIN" attribute="Region Marker" beginRegion="Region1" context="region_marker" />
				<StringDetect String="//END" attribute="Region Marker" context="region_marker" endRegion="Region1" />
				<Float attribute="Float" context="NoRegExp" />
				<HlCOct attribute="Octal" context="NoRegExp" />
				<HlCHex attribute="Hex" context="NoRegExp" />
				<Int attribute="Decimal" context="NoRegExp" />
				<AnyChar String="])" context="NoRegExp" />
				<keyword String="controlflow" attribute="ControlFlow" />
				<keyword String="keywords" attribute="Keyword" />
				<keyword String="reserved" attribute="Reserved" />
				<keyword String="primitives" attribute="Keyword" context="NoRegExp" />
				<keyword String="module" attribute="Module" />
				<DetectChar attribute="Template" char="`" context="Template" />
				<StringDetect String="String.raw`" attribute="Template" context="RawTemplate" />
				<RegExpr String="[a-zA-Z_$][\w$]*(?=\s*\.)" attribute="Objects" context="Object Member" />
				<RegExpr String="[a-zA-Z_$][\w$]*(?=\s*\()" attribute="Object Member" context="NoRegExp" />
				<DetectChar char="." context="Object Member" />
				<RegExpr String="[a-zA-Z_$][\w$]*" context="NoRegExp" />
				<DetectChar attribute="String" char="&quot;" context="String" />
				<DetectChar attribute="String" char="'" context="String SQ" />
				<IncludeRules context="##Doxygen" />
				<Detect2Chars attribute="Comment" char="/" char1="/" context="Comment" />
				<Detect2Chars attribute="Comment" beginRegion="Comment" char="/" char1="*" context="Multi/inline Comment" />
				<DetectChar attribute="Regular Expression" char="/" context="(regex caret first check)" />
				<DetectChar attribute="Symbol" beginRegion="Brace" char="{" context="Object" />
				<DetectChar attribute="Symbol" char="?" context="Conditional Expression" />
				<AnyChar String=":!%&amp;+,-/.*&lt;=&gt;?|~^;" attribute="Symbol" />
			</context>
			<context attribute="Normal Text" fallthrough="true" fallthroughContext="#pop" lineEndContext="#pop" name="Object Member">
				<DetectChar char="." />
				<RegExpr String="[a-zA-Z_$][\w$]*(?=\s*\.)" attribute="Objects" context="Object Member" />
				<RegExpr String="[a-zA-Z_$][\w$]*" attribute="Object Member" />
				<IncludeRules context="NoRegExp" />
			</context>
			<context attribute="Normal Text" fallthrough="true" fallthroughContext="#pop" lineEndContext="#stay" name="NoRegExp">
				<Detect2Chars char="/" char1="/" context="#pop" lookAhead="true" />
				<Detect2Chars char="/" char1="*" context="#pop" lookAhead="true" />
				<DetectChar char="/" context="#pop" />
				<DetectSpaces />
			</context>
			<context attribute="Normal Text" lineEndContext="#stay" name="Conditional Expression">
				<DetectChar char=":" context="#pop" />
				<IncludeRules context="Normal" />
			</context>
			<context attribute="Normal Text" lineEndContext="#stay" name="Object">
				<keyword String="keywords" attribute="Keyword" />
				<RegExpr String="[a-zA-Z_$][\w$]*\s*(?=:)" attribute="JSON" />
				<DetectChar attribute="Symbol" char="}" context="#pop" endRegion="Brace" />
				<IncludeRules context="Normal" />
			</context>
			<context attribute="String" lineEndContext="#pop" name="String">
				<HlCStringChar attribute="Escape" />
				<RegExpr String="\\u[0-9a-fA-F]{4}" attribute="Escape" />
				<LineContinue />
				<DetectChar attribute="String" char="&quot;" context="#pop" />
			</context>
			<context attribute="String" lineEndContext="#pop" name="String SQ">
				<HlCStringChar attribute="Escape" />
				<RegExpr String="\\u[0-9a-fA-F]{4}" attribute="Escape" />
				<LineContinue />
				<DetectChar attribute="String" char="'" context="#pop" />
			</context>
			<context attribute="Template" lineEndContext="#stay" name="Template">
				<HlCStringChar attribute="Escape" />
				<Detect2Chars attribute="Escape" char="\" char1="`" />
				<Detect2Chars attribute="Substitution" char="$" char1="{" context="Substitution" />
				<DetectChar attribute="Template" char="`" context="#pop" />
			</context>
			<context attribute="Template" lineEndContext="#stay" name="RawTemplate">
				<DetectChar attribute="Template" char="`" context="#pop" />
			</context>
			<context attribute="Normal Text" lineEndContext="#stay" name="Substitution">
				<DetectChar attribute="Substitution" char="}" context="#pop" />
				<IncludeRules context="Normal" />
			</context>
			<context attribute="Comment" lineEndContext="#pop" name="Comment">
				<IncludeRules context="##Alerts" />
				<IncludeRules context="##Modelines" />
			</context>
			<context attribute="Comment" lineEndContext="#stay" name="Multi/inline Comment">
				<IncludeRules context="##Alerts" />
				<IncludeRules context="##Modelines" />
				<Detect2Chars attribute="Comment" char="*" char1="/" context="#pop" endRegion="Comment" />
			</context>
			<context attribute="Regular Expression" lineEndContext="#stay" name="Regular Expression">
				<RegExpr String="/\w*" attribute="Regular Expression" context="#pop#pop" />
				<RegExpr String="\{[\d, ]+\}" attribute="Pattern Internal Operator" />
				<RegExpr String="\\[bB]" attribute="Pattern Internal Operator" />
				<RegExpr String="\\[nrtvfDdSsWw]" attribute="Pattern Character Class" />
				<DetectChar attribute="Pattern Character Class" char="[" context="(charclass caret first check)" />
				<RegExpr String="\\." attribute="Pattern Internal Operator" />
				<RegExpr String="\$(?=/)" attribute="Pattern Internal Operator" />
				<AnyChar String="?+*()|" attribute="Pattern Internal Operator" />
			</context>
			<context attribute="Pattern Character Class" lineEndContext="#stay" name="Regular Expression Character Class">
				<RegExpr String="\\[\[\]]" />
				<RegExpr String="\\." attribute="Pattern Internal Operator" />
				<DetectChar attribute="Pattern Character Class" char="]" context="#pop#pop" />
			</context>
			<context attribute="Pattern Internal Operator" fallthrough="true" fallthroughContext="Regular Expression" lineEndContext="#pop" name="(regex caret first check)">
				<DetectChar attribute="Pattern Internal Operator" char="^" context="Regular Expression" />
			</context>
			<context attribute="Pattern Internal Operator" fallthrough="true" fallthroughContext="Regular Expression Character Class" lineEndContext="#pop" name="(charclass caret first check)">
				<DetectChar attribute="Pattern Internal Operator" char="^" context="Regular Expression Character Class" />
			</context>
			<context attribute="Region Marker" lineEndContext="#pop" name="region_marker">
				<DetectIdentifier />
				<DetectSpaces />
			</context>
		</contexts>
		<itemDatas>
			<itemData defStyleNum="dsNormal" name="Normal Text" spellChecking="false" />
			<itemData defStyleNum="dsKeyword" name="Keyword" spellChecking="false" />
			<itemData defStyleNum="dsControlFlow" name="ControlFlow" spellChecking="false" />
			<itemData defStyleNum="dsKeyword" italic="true" name="Reserved" spellChecking="false" />
			<itemData defStyleNum="dsImport" name="Module" spellChecking="false" />
			<itemData defStyleNum="dsFunction" name="Function" spellChecking="false" />
			<itemData defStyleNum="dsVariable" name="Objects" spellChecking="false" />
			<itemData defStyleNum="dsAttribute" name="Object Member" spellChecking="false" />
			<itemData defStyleNum="dsDecVal" name="Decimal" spellChecking="false" />
			<itemData defStyleNum="dsBaseN" name="Octal" spellChecking="false" />
			<itemData defStyleNum="dsBaseN" name="Hex" spellChecking="false" />
			<itemData defStyleNum="dsFloat" name="Float" spellChecking="false" />
			<itemData defStyleNum="dsSpecialChar" name="Escape" spellChecking="false" />
			<itemData defStyleNum="dsString" name="String" />
			<itemData defStyleNum="dsVerbatimString" name="Template" />
			<itemData defStyleNum="dsSpecialChar" name="Substitution" spellChecking="false" />
			<itemData defStyleNum="dsComment" name="Comment" />
			<itemData defStyleNum="dsOperator" name="Symbol" spellChecking="false" />
			<itemData defStyleNum="dsSpecialString" name="Regular Expression" spellChecking="false" />
			<itemData defStyleNum="dsSpecialChar" name="Pattern Internal Operator" spellChecking="false" />
			<itemData defStyleNum="dsSpecialChar" name="Pattern Character Class" spellChecking="false" />
			<itemData defStyleNum="dsRegionMarker" name="Region Marker" spellChecking="false" />
			<itemData defStyleNum="dsDataType" name="JSON" spellChecking="false" />
		</itemDatas>
		<list name="controlflow">
			<item> break </item>
			<item> case </item>
			<item> catch </item>
			<item> continue </item>
			<item> debugger </item>
			<item> do </item>
			<item> else </item>
			<item> finally </item>
			<item> for </item>
			<item> if </item>
			<item> return </item>
			<item> switch </item>
			<item> throw </item>
			<item> try </item>
			<item> while </item>
			<item> with </item>
		</list>
		<list name="primitives">
			<item> Infinity </item>
			<item> NaN </item>
			<item> false </item>
			<item> null </item>
			<item> true </item>
			<item> undefined </item>
		</list>
		<list name="keywords">
			<item> const </item>
			<item> delete </item>
			<item> function </item>
			<item> in </item>
			<item> instanceof </item>
			<item> new </item>
			<item> this </item>
			<item> typeof </item>
			<item> var </item>
			<item> void </item>
		</list>
		<list name="reserved">
			<item> class </item>
			<item> enum </item>
			<item> extends </item>
			<item> super </item>
			<item> implements </item>
			<item> interface </item>
			<item> let </item>
			<item> private </item>
			<item> protected </item>
			<item> public </item>
			<item> static </item>
			<item> yield </item>
		</list>
		<list name="module">
			<item> import </item>
			<item> from </item>
			<item> as </item>
			<item> default </item>
			<item> export </item>
			<item> package </item>
		</list>
	</highlighting>
	<general>
		<comments>
			<comment name="singleLine" start="//" />
			<comment end="*/" name="multiLine" start="/*" />
		</comments>
		<keywords casesensitive="1" />
	</general>
</language>
