<?xml version="1.0" encoding="UTF-8"?>
<!-- read from /usr/share/katepart5/syntax/javadoc.xml at 26/06/15 21:53:22 CEST -->
<language author="Alfredo Luiz Foltran Fialho (alfoltran@ig.com.br)" extensions="" kateversion="2.4" license="LGPL" name="Javadoc" section="Markup" version="1.05">
	<highlighting>
		<contexts>
			<context attribute="Normal Text" lineEndContext="#stay" name="Start">
				<IncludeRules context="FindJavadoc" />
			</context>
			<context attribute="Normal Text" lineEndContext="#stay" name="FindJavadoc">
				<StringDetect String="/**/" attribute="JavadocFS" context="#stay" />
				<StringDetect String="/**" attribute="JavadocFS" beginRegion="Javadoc" context="JavadocFSar" />
			</context>
			<context attribute="JavadocFS" lineEndContext="#stay" name="JavadocFSar">
				<Detect2Chars attribute="JavadocFS" char="*" char1="/" context="#pop" endRegion="Javadoc" />
				<RegExpr String="(!|\?)" attribute="JavadocFS" context="Javadocar" />
				<RegExpr String="(\.\s*$)" attribute="JavadocFS" context="Javadocar" />
				<RegExpr String="(\.\s)(?![\da-z])" attribute="JavadocFS" context="Javadocar" />
				<RegExpr String="\**\s*(?=@(author|deprecated|exception|param|return|see|serial|serialData|serialField|since|throws|version)(\s|$))" attribute="JavadocFS" context="Javadocar" firstNonSpace="true" />
				<StringDetect String="{@code " attribute="InlineTag" context="LiteralTagar" />
				<StringDetect String="{@code	" attribute="InlineTag" context="LiteralTagar" />
				<StringDetect String="{@docRoot}" attribute="InlineTag" context="#stay" />
				<StringDetect String="{@inheritDoc}" attribute="InlineTag" context="#stay" />
				<StringDetect String="{@link " attribute="InlineTag" context="InlineTagar" />
				<StringDetect String="{@link	" attribute="InlineTag" context="InlineTagar" />
				<StringDetect String="{@linkplain " attribute="InlineTag" context="InlineTagar" />
				<StringDetect String="{@linkplain	" attribute="InlineTag" context="InlineTagar" />
				<StringDetect String="{@literal " attribute="InlineTag" context="LiteralTagar" />
				<StringDetect String="{@literal	" attribute="InlineTag" context="LiteralTagar" />
				<StringDetect String="{@value}" attribute="InlineTag" context="#stay" />
				<StringDetect String="{@value " attribute="InlineTag" context="InlineTagar" />
				<StringDetect String="{@value	" attribute="InlineTag" context="InlineTagar" />
				<IncludeRules context="##HTML" />
			</context>
			<context attribute="Javadoc" lineEndContext="#stay" name="Javadocar">
				<Detect2Chars attribute="JavadocFS" char="*" char1="/" context="#pop#pop" endRegion="Javadoc" />
				<RegExpr String="\*+(?!/)" attribute="JavadocFS" context="#stay" firstNonSpace="true" />
				<StringDetect String="@author " attribute="BlockTag" context="#stay" />
				<StringDetect String="@deprecated " attribute="BlockTag" context="#stay" />
				<StringDetect String="@exception " attribute="BlockTag" context="JavadocParam" />
				<StringDetect String="@param " attribute="BlockTag" context="JavadocParam" />
				<StringDetect String="@return " attribute="BlockTag" context="#stay" />
				<StringDetect String="@see " attribute="BlockTag" context="SeeTag" />
				<StringDetect String="@serial " attribute="BlockTag" context="#stay" />
				<StringDetect String="@serialData " attribute="BlockTag" context="#stay" />
				<StringDetect String="@serialField " attribute="BlockTag" context="#stay" />
				<StringDetect String="@since " attribute="BlockTag" context="#stay" />
				<StringDetect String="@throws " attribute="BlockTag" context="JavadocParam" />
				<StringDetect String="@version " attribute="BlockTag" context="#stay" />
				<StringDetect String="@author	" attribute="BlockTag" context="#stay" />
				<StringDetect String="@deprecated	" attribute="BlockTag" context="#stay" />
				<StringDetect String="@exception	" attribute="BlockTag" context="JavadocParam" />
				<StringDetect String="@param	" attribute="BlockTag" context="JavadocParam" />
				<StringDetect String="@return	" attribute="BlockTag" context="#stay" />
				<StringDetect String="@see	" attribute="BlockTag" context="SeeTag" />
				<StringDetect String="@serial	" attribute="BlockTag" context="#stay" />
				<StringDetect String="@serialData	" attribute="BlockTag" context="#stay" />
				<StringDetect String="@serialField	" attribute="BlockTag" context="#stay" />
				<StringDetect String="@since	" attribute="BlockTag" context="#stay" />
				<StringDetect String="@throws	" attribute="BlockTag" context="JavadocParam" />
				<StringDetect String="@version	" attribute="BlockTag" context="#stay" />
				<StringDetect String="{@code " attribute="InlineTag" context="LiteralTagar" />
				<StringDetect String="{@code	" attribute="InlineTag" context="LiteralTagar" />
				<StringDetect String="{@docRoot}" attribute="InlineTag" context="#stay" />
				<StringDetect String="{@inheritDoc}" attribute="InlineTag" context="#stay" />
				<StringDetect String="{@link " attribute="InlineTag" context="InlineTagar" />
				<StringDetect String="{@link	" attribute="InlineTag" context="InlineTagar" />
				<StringDetect String="{@linkplain " attribute="InlineTag" context="InlineTagar" />
				<StringDetect String="{@linkplain	" attribute="InlineTag" context="InlineTagar" />
				<StringDetect String="{@literal " attribute="InlineTag" context="LiteralTagar" />
				<StringDetect String="{@literal	" attribute="InlineTag" context="LiteralTagar" />
				<StringDetect String="{@value}" attribute="InlineTag" context="#stay" />
				<StringDetect String="{@value " attribute="InlineTag" context="InlineTagar" />
				<StringDetect String="{@value	" attribute="InlineTag" context="InlineTagar" />
				<IncludeRules context="##HTML" />
			</context>
			<context attribute="Javadoc" lineEndContext="#pop" name="JavadocParam">
				<DetectSpaces />
				<RegExpr String="\S*(?=\*/)" attribute="JavadocParam" context="#pop#pop" />
				<RegExpr String="\S*(\s|$)" attribute="JavadocParam" context="#pop" />
			</context>
			<context attribute="InlineTag" lineEndContext="#stay" name="InlineTagar">
				<DetectChar attribute="InlineTag" char="}" context="#pop" />
				<Detect2Chars attribute="JavadocFS" char="*" char1="/" context="#pop#pop#pop" />
				<IncludeRules context="##HTML" />
			</context>
			<context attribute="InlineTag" lineEndContext="#stay" name="LiteralTagar">
				<DetectChar attribute="InlineTag" char="}" context="#pop" />
				<Detect2Chars attribute="JavadocFS" char="*" char1="/" context="#pop#pop#pop" />
			</context>
			<context attribute="SeeTag" lineEndContext="#pop" name="SeeTag">
				<Detect2Chars attribute="JavadocFS" char="*" char1="/" context="#pop#pop#pop" />
				<IncludeRules context="##HTML" />
			</context>
		</contexts>
		<itemDatas>
			<itemData defStyleNum="dsNormal" name="Normal Text" />
			<itemData name="BlockTag" defStyleNum="dsAnnotation" />
			<itemData name="InlineTag" defStyleNum="dsAnnotation" />
			<itemData name="JavadocParam" defStyleNum="dsCommentVar" />
			<itemData name="SeeTag" defStyleNum="dsInformation" />
			<itemData name="JavadocFS" defStyleNum="dsComment" />
			<itemData name="Javadoc" defStyleNum="dsDocumentation" />
		</itemDatas>
	</highlighting>
	<general>
		<keywords casesensitive="1" />
	</general>
</language>
