<?xml version="1.0" encoding="UTF-8"?>
<!DOCTYPE language SYSTEM "language.dtd">
<!-- read from /usr/share/katepart5/syntax/json.xml at 25/06/15 19:33:21 CEST -->
<language author="Sebastian Pipping (sebastian@pipping.org)" extensions="*.json" kateversion="2.4" license="GPL" mimetype="application/json" name="JSON" section="Markup" version="1.3">
	<highlighting>
		<contexts>
			<context attribute="Style_Error" lineEndContext="#stay" name="Normal">
				<DetectChar attribute="Style_Seperator_Pair" beginRegion="Region_Object" char="{" context="Pair" />
				<DetectChar attribute="Style_Seperator_Array" beginRegion="Region_Array" char="[" context="Array" />
				<DetectSpaces attribute="Style_Normal" context="#stay" />
			</context>
			<context attribute="Style_Error" lineEndContext="#stay" name="Pair">
				<DetectChar attribute="Style_String_Key" char="&quot;" context="String_Key" />
				<DetectChar attribute="Style_Seperator_Pair" char=":" context="Value" />
				<DetectChar attribute="Style_Seperator_Pair" char="}" context="#pop" endRegion="Region_Object" />
				<DetectChar attribute="Style_Seperator_Pair" char="," context="#stay" />
				<DetectSpaces attribute="Style_Normal" context="#stay" />
			</context>
			<context attribute="Style_String_Key" lineEndContext="#stay" name="String_Key">
				<DetectChar attribute="Style_String_Key" char="&quot;" context="#pop" />
				<RegExpr String="\\(?:[&quot;\\/bfnrt]|u[0-9a-fA-f]{4})" attribute="Style_String_Key_Char" context="#stay" insensitive="false" minimal="false" />
			</context>
			<context attribute="Style_Error" lineEndContext="#stay" name="Value">
				<DetectChar attribute="Style_String_Value" char="&quot;" context="String_Value" />
				<DetectChar attribute="Style_Seperator_Pair" beginRegion="Region_Object" char="{" context="Pair" />
				<DetectChar attribute="Style_Seperator_Array" beginRegion="Region_Array" char="[" context="Array" />
				<DetectChar char="}" context="#pop" lookAhead="true" />
				<DetectChar char="," context="#pop" lookAhead="true" />
				<DetectSpaces attribute="Style_Normal" context="#stay" />
				<keyword String="Constants" attribute="Style_Keyword" context="#stay" />
				<RegExpr String="-?(?:[0-9]|[1-9][0-9]+)\.[0-9]+(?:[eE][+-]?[0-9]+)?" attribute="Style_Float" context="#stay" insensitive="false" minimal="false" />
				<RegExpr String="-?(?:[0-9]|[1-9][0-9]+)(?:[eE][+-]?[0-9]+)?" attribute="Style_Decimal" context="#stay" insensitive="false" minimal="false" />
			</context>
			<context attribute="Style_String_Value" lineEndContext="#stay" name="String_Value">
				<DetectChar attribute="Style_String_Value" char="&quot;" context="#pop" />
				<RegExpr String="\\(?:[&quot;\\/bfnrt]|u[0-9a-fA-f]{4})" attribute="Style_String_Value_Char" context="#stay" insensitive="false" minimal="false" />
			</context>
			<context attribute="Style_Error" lineEndContext="#stay" name="Array">
				<DetectChar attribute="Style_Seperator_Array" char="," context="#stay" />
				<DetectChar attribute="Style_Seperator_Array" char="]" context="#pop" endRegion="Region_Array" />
				<DetectChar attribute="Style_Seperator_Pair" beginRegion="Region_Object" char="{" context="Pair" />
				<DetectChar attribute="Style_Seperator_Array" beginRegion="Region_Array" char="[" context="Array" />
				<DetectChar attribute="Style_String_Value" char="&quot;" context="String_Value" />
				<DetectSpaces attribute="Style_Normal" context="#stay" />
				<keyword String="Constants" attribute="Style_Keyword" context="#stay" />
				<RegExpr String="-?(?:[0-9]|[1-9][0-9]+)\.[0-9]+(?:[eE][+-]?[0-9]+)?" attribute="Style_Float" context="#stay" insensitive="false" minimal="false" />
				<RegExpr String="-?(?:[0-9]|[1-9][0-9]+)(?:[eE][+-]?[0-9]+)?" attribute="Style_Decimal" context="#stay" insensitive="false" minimal="false" />
			</context>
		</contexts>
		<itemDatas>
			<itemData defStyleNum="dsNormal" name="Style_Normal" />
			<itemData bold="true" defStyleNum="dsFunction" name="Style_Seperator_Pair" />
			<itemData bold="true" defStyleNum="dsOthers" name="Style_Seperator_Array" />
			<itemData defStyleNum="dsDecVal" name="Style_Decimal" />
			<itemData defStyleNum="dsFloat" name="Style_Float" />
			<itemData defStyleNum="dsDataType" name="Style_String_Key" />
			<itemData defStyleNum="dsString" name="Style_String_Value" />
			<itemData defStyleNum="dsChar" name="Style_String_Key_Char" />
			<itemData defStyleNum="dsChar" name="Style_String_Value_Char" />
			<itemData defStyleNum="dsKeyword" name="Style_Keyword" />
			<itemData defStyleNum="dsError" name="Style_Error" />
		</itemDatas>
		<list name="Constants">
			<item>null</item>
			<item>true</item>
			<item>false</item>
		</list>
	</highlighting>
</language>
