<?xml version="1.0" encoding="UTF-8"?>
<!-- read from /usr/share/katepart5/syntax/kbasic.xml at 26/09/15 17:36:06 CEST -->
<language extensions="*.kbasic" kateversion="2.2" mimetype="text/x-kbasic-src" name="KBasic" section="Sources" version="1.02">
	<highlighting>
		<contexts>
			<context attribute="Normal Text" lineEndContext="#stay" name="Normal">
				<keyword String="keywords" attribute="Keyword" context="#stay" />
				<keyword String="types" attribute="Identifier" context="#stay" />
				<Float attribute="String" context="#stay" />
				<Int attribute="Types" context="#stay" />
				<DetectChar attribute="String" char="quot;" context="String" />
				<DetectChar attribute="Comment" char="'" context="Comment" />
			</context>
			<context attribute="Comment" lineEndContext="#pop" name="Comment" />
			<context attribute="String" lineEndContext="#pop" name="String">
				<DetectChar attribute="String" char="'" context="#pop" />
			</context>
		</contexts>
		<itemDatas>
			<itemData defStyleNum="dsNormal" name="Normal Text" />
			<itemData defStyleNum="dsKeyword" name="Keyword" />
			<itemData defStyleNum="dsOthers" name="Identifier" />
			<itemData defStyleNum="dsDataType" name="Types" />
			<itemData defStyleNum="dsString" name="String" />
			<itemData defStyleNum="dsComment" name="Comment" />
		</itemDatas>
		<list name="types">
			<item>Integer </item>
			<item>Long </item>
			<item>Byte </item>
			<item>Boolean </item>
			<item>Variant </item>
			<item>Single </item>
			<item>Double </item>
			<item>Currency </item>
			<item>String </item>
			<item>Object </item>
			<item>Control </item>
		</list>
		<list name="keywords">
			<item> For </item>
			<item> Next</item>
			<item> Do </item>
			<item> Loop </item>
			<item> While </item>
			<item> Wend </item>
			<item> Until </item>
			<item> If </item>
			<item> Else </item>
			<item> End  </item>
			<item> Function </item>
			<item> Goto </item>
			<item> Sub  </item>
			<item> Implements </item>
			<item> In  </item>
			<item> Sub </item>
			<item> Private </item>
			<item> Public  </item>
			<item> Global </item>
			<item> As  </item>
			<item> Dim </item>
			<item> Set </item>
			<item> Let </item>
			<item> Get </item>
			<item> To </item>
			<item> Property </item>
			<item> True </item>
			<item> False </item>
			<item> Or  </item>
			<item> Not </item>
			<item> Xor  </item>
			<item> And  </item>
			<item> Then </item>
			<item> Exit </item>
			<item> Put </item>
			<item> Open </item>
			<item> Close </item>
			<item> Seek </item>
			<item> Print </item>
			<item> Input</item>
			<item> Output </item>
			<item> Repeat </item>
			<item> Load </item>
			<item> Unload </item>
			<item> Declare </item>
			<item> Option </item>
			<item> Explicit </item>
		</list>
	</highlighting>
	<general>
		<comments>
			<comment name="singleLine" start="//" />
			<comment end="*/" name="multiLine" start="/*" />
		</comments>
		<keywords casesensitive="1" />
	</general>
</language>
