<?xml version="1.0" encoding="UTF-8"?>
<!-- read from /usr/share/katepart5/syntax/latex.xml at 26/06/15 21:53:26 CEST -->
<language author="Jeroen Wijnhout (Jeroen.Wijnhout@kdemail.net)+Holger Danielsson (holger.danielsson@versanet.de)+Michel Ludwig (michel.ludwig@kdemail.net)+Thomas Braun (thomas.braun@virtuell-zuhause.de)" casesensitive="1" extensions="*.tex;*.ltx;*.dtx;*.sty;*.cls;*.bbx;*.cbx;*.lbx;*.tikz" kateversion="3.4" license="LGPL" mimetype="text/x-tex" name="LaTeX" priority="10" section="Markup" version="1.55">
	<highlighting>
		<contexts>
			<context attribute="Normal Text" lineEndContext="#stay" name="Normal Text">
				<RegExpr String="\\begin(?=[^a-zA-Z])" attribute="Structure" beginRegion="block" context="FindBeginEnvironment" />
				<RegExpr String="\\end(?=[^a-zA-Z])" attribute="Structure" context="FindEndEnvironment" />
				<RegExpr String="\\(cite|citet|citep|parencite|autocite|Autocite|citetitle)\*(?=[^a-zA-Z])" attribute="Structure" context="Label" />
				<RegExpr String="\\(documentclass|includegraphics|include|usepackage|bibliography|bibliographystyle)(?=[^a-zA-Z])" attribute="Structure Keyword" context="FancyLabel" />
				<RegExpr String="\\(cites|Cites|parencites|Parencites|autocites|Autocites|supercites|footcites|Footcites)(?=[^a-zA-Z])" attribute="Structure" context="FancyLabel" />
				<RegExpr String="\\(cite|citet|citep|nocite|Cite|parencite|Parencite|footcite|Footcite|textcite|Textcite|supercite|autocite|Autocite|citeauthor|Citeauthor|citetitle|citeyear|citeurl|nocite|fullcite|footfullcite)(?=[^a-zA-Z])" attribute="Structure" context="Label" />
				<RegExpr String="\\(subref\*?|cref\*?|label|pageref|autoref|ref|vpageref|vref|pagecite|eqref)(?=[^a-zA-Z])" attribute="Structure" context="Label" />
				<RegExpr String="\\(part|chapter|section|subsection|subsubsection|paragraph|subparagraph)\*?\s*(?=[\{\[])" attribute="Structure" context="Sectioning" />
				<RegExpr String="\\(input|hspace|hspace\*|vspace|vspace\*|rule|special|setlength|newboolean|setboolean|setcounter|geometry|textcolor|definecolor|column)(?=[^a-zA-Z])" attribute="Keyword" context="SpecialCommand" />
				<RegExpr String="\\(footnote)\*?\s*(?=[\{\[])" attribute="Keyword" context="Footnoting" />
				<RegExpr String="\\(renewcommand|providenewcommand|newcommand)\*?(?=[^a-zA-Z])" attribute="Keyword" context="NewCommand" />
				<RegExpr String="\\(e|g|x)?def(?=[^a-zA-Z])" attribute="Keyword" context="DefCommand" />
				<RegExpr String="&lt;&lt;.*&gt;&gt;=" attribute="Normal Text" context="NoWeb" />
				<StringDetect String="\(" attribute="Math" context="MathMode" />
				<StringDetect String="\[" attribute="Math" beginRegion="mathMode" context="MathModeEquation" />
				<StringDetect String="\iffalse" attribute="Comment" context="Multiline Comment" />
				<StringDetect String="\ensuremath{" attribute="Math" context="MathModeEnsure" />
				<DetectChar attribute="Keyword" char="\" context="ContrSeq" />
				<StringDetect String="$$" attribute="Math" beginRegion="mathMode" context="MathModeDisplay" />
				<DetectChar attribute="Math" char="$" context="MathMode" />
				<RegExpr String="%\s*BEGIN.*$" attribute="Region Marker" beginRegion="regionMarker" context="#stay" firstNonSpace="true" />
				<RegExpr String="%\s*END.*$" attribute="Region Marker" context="#stay" endRegion="regionMarker" firstNonSpace="true" />
				<DetectChar attribute="Comment" char="%" context="Comment" />
				<DetectChar attribute="Bullet" char="×" context="#stay" />
			</context>
			<context attribute="Normal Text" lineEndContext="#stay" name="NoWeb">
				<RegExpr String="^\s*@\s*" attribute="Normal Text" context="#pop" />
			</context>
			<context attribute="Normal Text" fallthrough="true" fallthroughContext="#pop" lineEndContext="#stay" name="Sectioning">
				<RegExpr String="\[[^\]]*\]" attribute="Normal Text" context="#stay" />
				<DetectChar attribute="Normal Text" char=" " context="#stay" />
				<DetectChar attribute="Normal Text" char="{" context="SectioningInside" />
				<DetectChar attribute="Normal Text" char="}" context="#pop" />
				<DetectChar attribute="Comment" char="%" context="Comment" />
			</context>
			<context attribute="Structure Text" lineEndContext="#stay" name="SectioningInside">
				<DetectChar attribute="Normal Text" char="{" context="SectioningInside" />
				<DetectChar attribute="Normal Text" char="}" context="#pop" />
				<StringDetect String="\(" attribute="Structure Math" context="SectioningMathMode" />
				<DetectChar attribute="Structure Keyword" char="\" context="SectioningContrSeq" />
				<DetectChar attribute="Structure Math" char="$" context="SectioningMathMode" />
				<DetectChar attribute="Comment" char="%" context="Comment" />
				<DetectChar attribute="Bullet" char="×" context="#stay" />
			</context>
			<context attribute="Keyword" lineEndContext="#pop" name="SectioningContrSeq">
				<DetectChar attribute="Bullet" char="×" context="#stay" />
				<RegExpr String="[a-zA-Z]+(\+?|\*{0,3})" attribute="Structure Keyword" context="#pop" />
				<RegExpr String="[^a-zA-Z]" attribute="Structure Keyword" context="#pop" />
			</context>
			<context attribute="Structure Math" lineEndContext="#stay" name="SectioningMathMode">
				<StringDetect String="$$" attribute="Error" context="#stay" />
				<DetectChar attribute="Structure Math" char="$" context="#pop" />
				<Detect2Chars attribute="Structure Math" char="\" char1=")" context="#pop" />
				<Detect2Chars attribute="Error" char="\" char1="]" context="#stay" />
				<DetectChar attribute="Structure Keyword Mathmode" char="\" context="SectioningMathContrSeq" />
				<DetectChar attribute="Comment" char="%" context="Comment" />
				<DetectChar attribute="Bullet" char="×" context="#stay" />
			</context>
			<context attribute="Structure Keyword Mathmode" lineEndContext="#pop" name="SectioningMathContrSeq">
				<DetectChar attribute="Bullet" char="×" context="#stay" />
				<RegExpr String="[a-zA-Z]+\*?" attribute="Structure Keyword Mathmode" context="#pop" />
				<RegExpr String="[^a-zA-Z]" attribute="Structure Keyword Mathmode" context="#pop" />
			</context>
			<context attribute="Normal Text" fallthrough="true" fallthroughContext="#pop" lineEndContext="#stay" name="Footnoting">
				<RegExpr String="\[[^\]]*\]" attribute="Normal Text" context="#stay" />
				<DetectChar attribute="Normal Text" char=" " context="#stay" />
				<DetectChar attribute="Normal Text" char="{" context="FootnotingInside" />
				<DetectChar attribute="Normal Text" char="}" context="#pop" />
				<DetectChar attribute="Comment" char="%" context="Comment" />
			</context>
			<context attribute="Normal Text" lineEndContext="#stay" name="FootnotingInside">
				<DetectChar attribute="Normal Text" char="{" context="FootnotingInside" />
				<DetectChar attribute="Normal Text" char="}" context="#pop" />
				<StringDetect String="\(" attribute="Math" context="FootnotingMathMode" />
				<DetectChar attribute="Math" char="$" context="FootnotingMathMode" />
				<IncludeRules context="Normal Text" />
			</context>
			<context attribute="Math" lineEndContext="#stay" name="FootnotingMathMode">
				<StringDetect String="$$" attribute="Error" context="#stay" />
				<DetectChar attribute="Math" char="$" context="#pop" />
				<Detect2Chars attribute="Math" char="\" char1=")" context="#pop" />
				<Detect2Chars attribute="Error" char="\" char1="]" context="#stay" />
				<IncludeRules context="MathMode" />
			</context>
			<context attribute="Normal Text" fallthrough="true" fallthroughContext="#pop" lineEndContext="#stay" name="NewCommand">
				<RegExpr String="\s*\{\s*" attribute="Normal Text" context="LabelParameter" />
				<RegExpr String="\s*(\[\d\](\[[^\]]*\])?)?\{" attribute="Normal Text" context="LabelParameter" />
				<DetectChar attribute="Error" char="}" context="#pop" />
			</context>
			<context attribute="Normal Text" fallthrough="true" fallthroughContext="#pop" lineEndContext="#stay" name="DefCommand">
				<RegExpr String="\s*\\[a-zA-Z]+[^\{]*\{" attribute="Normal Text" context="CommandParameterStart" />
				<DetectChar attribute="Error" char="}" context="#pop" />
			</context>
			<context attribute="Normal Text" lineEndContext="#stay" name="CommandParameterStart">
				<DetectChar attribute="Normal Text" char="{" context="CommandParameter" />
				<DetectChar attribute="Normal Text" char="}" context="#pop#pop" />
				<RegExpr String="\\." attribute="Normal Text" context="#stay" />
				<DetectChar attribute="Comment" char="%" context="Comment" />
			</context>
			<context attribute="Normal Text" lineEndContext="#stay" name="CommandParameter">
				<DetectChar attribute="Normal Text" char="{" context="CommandParameter" />
				<DetectChar attribute="Normal Text" char="}" context="#pop" />
				<RegExpr String="\\." attribute="Normal Text" context="#stay" />
				<DetectChar attribute="Comment" char="%" context="Comment" />
			</context>
			<context attribute="Keyword" lineEndContext="#pop" name="ContrSeq">
				<StringDetect String="verb*" attribute="Keyword" context="Verb" />
				<RegExpr String="(Verb|verb)(?=[^a-zA-Z])" attribute="Keyword" context="Verb" />
				<RegExpr String="(lstinline)(?=[^a-zA-Z])" attribute="Keyword" context="Lstinline" />
				<RegExpr String="mint(?=[^a-zA-Z])" attribute="Keyword" context="MintParam" />
				<DetectChar attribute="Bullet" char="×" context="#stay" />
				<RegExpr String="[a-zA-Z@]+(\+?|\*{0,3})" attribute="Keyword" context="#pop" />
				<RegExpr String="[^a-zA-Z]" attribute="Keyword" context="#pop" />
			</context>
			<context attribute="Normal Text" lineEndContext="#pop" name="ToEndOfLine">
				
			</context>
			<context attribute="Normal Text" lineEndContext="#stay" name="MintParam">
				<Detect2Chars attribute="Normal Text" char="}" char1="[" context="#stay" />
				<DetectChar attribute="Normal Text" char="}" context="Verb" />
				<DetectChar attribute="Normal Text" char="]" context="Verb" />
			</context>
			<context attribute="Verbatim" lineEndContext="#pop#pop" name="Verb">
				<RegExpr String="(.)" attribute="Normal Text" context="VerbEnd" dynamic="true" />
			</context>
			<context attribute="Verbatim" dynamic="true" lineEndContext="#pop#pop#pop" name="VerbEnd">
				<StringDetect String="%1" attribute="Normal Text" context="#pop#pop#pop" dynamic="true" />
				<DetectChar attribute="Bullet" char="×" context="#stay" />
				<RegExpr String="[^%1\xd7]*" attribute="Verbatim" context="#stay" dynamic="true" />
			</context>
			<context attribute="Verbatim" lineEndContext="#pop#pop" name="Lstinline">
				<RegExpr String="\s*\[\s*" attribute="Normal Text" context="FancyLabelOption" />
				<RegExpr String="\s*\{\s*" attribute="Normal Text" context="LstinlineParameter" />
				<RegExpr String="(.)" attribute="Normal Text" context="LstinlineEnd" dynamic="true" />
			</context>
			<context attribute="Verbatim" dynamic="true" lineEndContext="#pop#pop#pop" name="LstinlineEnd">
				<StringDetect String="%1" attribute="Normal Text" context="#pop#pop#pop" dynamic="true" />
				<DetectChar attribute="Bullet" char="×" context="#stay" />
				<RegExpr String="[^%1\xd7]*" attribute="Verbatim" context="#stay" dynamic="true" />
			</context>
			<context attribute="Verbatim" lineEndContext="#stay" name="LstinlineParameter">
				<RegExpr String="\s*\}\s*" attribute="Normal Text" context="#pop#pop#pop" />
			</context>
			<context attribute="Normal Text" lineEndContext="#stay" name="Label">
				<RegExpr String="\s*\{\s*" attribute="Normal Text" context="LabelParameter" />
				<RegExpr String="\s*\[\s*" attribute="Normal Text" context="LabelOption" />
				<RegExpr String="[^\[\{]+" attribute="Error" context="#stay" />
			</context>
			<context attribute="Normal Text" lineEndContext="#stay" name="LabelOption">
				<StringDetect String="\(" attribute="Math" context="MathMode" />
				<DetectChar attribute="Keyword" char="\" context="ContrSeq" />
				<DetectChar attribute="Math" char="$" context="MathMode" />
				<DetectChar attribute="Comment" char="%" context="Comment" />
				<DetectChar attribute="Bullet" char="×" context="#stay" />
				<RegExpr String="\s*\]\s*" attribute="Normal Text" context="#pop" />
			</context>
			<context attribute="Environment" lineEndContext="#stay" name="LabelParameter">
				<DetectChar attribute="Bullet" char="×" context="#stay" />
				<RegExpr String="\s*\}\s*" attribute="Normal Text" context="#pop#pop" />
			</context>
			<context attribute="Normal Text" fallthrough="true" fallthroughContext="#pop" lineEndContext="#stay" name="FancyLabel">
				<RegExpr String="\s*\{\s*" attribute="Normal Text" context="FancyLabelParameter" />
				<RegExpr String="\s*\[\s*" attribute="Normal Text" context="FancyLabelOption" />
				<RegExpr String="\s*\(\s*" attribute="Normal Text" context="FancyLabelRoundBrackets" />
			</context>
			<context attribute="Environment" lineEndContext="#stay" name="FancyLabelParameter">
				<StringDetect String="\(" attribute="Math" context="MathMode" />
				<DetectChar attribute="Keyword" char="\" context="ContrSeq" />
				<DetectChar attribute="Math" char="$" context="MathMode" />
				<DetectChar attribute="Comment" char="%" context="Comment" />
				<DetectChar attribute="Bullet" char="×" context="#stay" />
				<RegExpr String="\s*\}\s*" attribute="Normal Text" context="#pop" />
			</context>
			<context attribute="Option Text" lineEndContext="#stay" name="FancyLabelOption">
				<StringDetect String="\(" attribute="Math" context="MathMode" />
				<DetectChar attribute="Keyword" char="\" context="ContrSeq" />
				<DetectChar attribute="Math" char="$" context="MathMode" />
				<DetectChar attribute="Comment" char="%" context="Comment" />
				<DetectChar attribute="Bullet" char="×" context="#stay" />
				<RegExpr String="\s*\]\s*" attribute="Normal Text" context="#pop" />
			</context>
			<context attribute="Normal Text" lineEndContext="#stay" name="FancyLabelRoundBrackets">
				<StringDetect String="\(" attribute="Math" context="MathMode" />
				<DetectChar attribute="Keyword" char="\" context="ContrSeq" />
				<DetectChar attribute="Math" char="$" context="MathMode" />
				<DetectChar attribute="Comment" char="%" context="Comment" />
				<DetectChar attribute="Bullet" char="×" context="#stay" />
				<RegExpr String="\s*\)\s*" attribute="Normal Text" context="#pop" />
			</context>
			<context attribute="Normal Text" fallthrough="true" fallthroughContext="#pop" lineEndContext="#stay" name="SpecialCommand">
				<RegExpr String="\s*\{\s*" attribute="Normal Text" context="SpecialCommandParameterOption" />
			</context>
			<context attribute="Option Text" lineEndContext="#stay" name="SpecialCommandParameterOption">
				<StringDetect String="\(" attribute="Math" context="MathMode" />
				<DetectChar attribute="Keyword" char="\" context="ContrSeq" />
				<DetectChar attribute="Math" char="$" context="MathMode" />
				<DetectChar attribute="Comment" char="%" context="Comment" />
				<DetectChar attribute="Bullet" char="×" context="#stay" />
				<RegExpr String="\s*\}\s*" attribute="Normal Text" context="#pop" />
			</context>
			<context attribute="Normal Text" lineEndContext="#stay" name="FindEndEnvironment">
				<DetectChar attribute="Normal Text" char="{" context="EndEnvironment" />
				<RegExpr String="\S" attribute="Normal Text" context="#pop" />
			</context>
			<context attribute="Environment" lineEndContext="#stay" name="EndEnvironment">
				<RegExpr String="[a-zA-Z]" attribute="Environment" context="EndLatexEnv" />
				<RegExpr String="\s+" attribute="Error" context="#pop" />
				<RegExpr String="[^a-zA-Z]" attribute="Error" context="#pop" />
			</context>
			<context attribute="Environment" lineEndContext="#stay" name="EndLatexEnv">
				<DetectChar attribute="Normal Text" char="}" context="#pop#pop#pop" endRegion="block" />
				<RegExpr String="[a-zA-Z]+(\*)?" attribute="Environment" context="#stay" />
				<RegExpr String="\s+" attribute="Error" context="#stay" />
				<RegExpr String="[a-zA-Z]" attribute="Error" context="#pop#pop#pop" />
			</context>
			<context attribute="Normal Text" lineEndContext="#stay" name="FindBeginEnvironment">
				<DetectChar attribute="Normal Text" char="{" context="BeginEnvironment" />
				<RegExpr String="\S" attribute="Normal Text" context="#pop" />
			</context>
			<context attribute="Environment" lineEndContext="#stay" name="BeginEnvironment">
				<StringDetect String="lstlisting" attribute="Environment" context="ListingsEnvParam" />
				<StringDetect String="minted" attribute="Environment" context="MintedEnvParam" />
				<RegExpr String="((B|L)?Verbatim)" attribute="Environment" context="VerbatimEnvParam" />
				<RegExpr String="(verbatim|boxedverbatim)" attribute="Environment" context="VerbatimEnv" />
				<RegExpr String="comment" attribute="Environment" context="CommentEnv" />
				<RegExpr String="(alignat|xalignat|xxalignat)" attribute="Environment" context="MathEnvParam" />
				<RegExpr String="(equation|displaymath|eqnarray|subeqnarray|math|multline|gather|align|flalign|IEEEeqnarray|IEEEeqnarraybox|smallmatrix|pmatrix|bmatrix|Bmatrix|vmatrix|Vmatrix|cases)" attribute="Environment" context="MathEnv" />
				<RegExpr String="(tabularx|tabular|supertabular|mpsupertabular|xtabular|mpxtabular|longtable)" attribute="Environment" context="TabEnv" />
				<DetectChar attribute="Bullet" char="×" context="#stay" />
				<RegExpr String="[a-zA-Z]" attribute="Environment" context="LatexEnv" />
				<RegExpr String="\s+" attribute="Error" context="#pop" />
				<RegExpr String="[^a-zA-Z\xd7]" attribute="Error" context="#pop" />
			</context>
			<context attribute="Environment" lineEndContext="#stay" name="LatexEnv">
				<DetectChar attribute="Normal Text" char="}" context="#pop#pop#pop" />
				<RegExpr String="[a-zA-Z]+" attribute="Environment" context="#stay" />
				<RegExpr String="\s+" attribute="Error" context="#stay" />
				<IncludeRules context="EnvCommon" />
			</context>
			<context attribute="Environment" fallthrough="true" fallthroughContext="#pop#pop#pop" lineEndContext="#stay" name="VerbatimEnv">
				<DetectChar attribute="Normal Text" char="}" context="Verbatim" />
				<RegExpr String="[a-zA-Z]" attribute="Environment" context="#pop" lookAhead="true" />
				<IncludeRules context="EnvCommon" />
			</context>
			<context attribute="Normal Text" lineEndContext="#stay" name="VerbatimEnvParam">
				<Detect2Chars attribute="Normal Text" char="}" char1="[" context="#stay" />
				<DetectChar attribute="Normal Text" char="}" context="Verbatim" />
				<DetectChar attribute="Normal Text" char="]" context="Verbatim" />
			</context>
			<context attribute="Normal Text" fallthrough="true" fallthroughContext="Verbatim" lineEndContext="#stay" name="ListingsEnvParam">
				<Detect2Chars attribute="Normal Text" char="}" char1="[" context="#stay" />
				<RegExpr String="language\s*=\s*(?=[^,]+)" attribute="Normal Text" context="HighlightningSelector" minimal="true" />
				<DetectChar attribute="Normal Text" char="}" context="Verbatim" />
				<DetectChar attribute="Normal Text" char="]" context="Verbatim" />
			</context>
			<context attribute="Normal Text" lineEndContext="#stay" name="MintedEnvParam">
				<Detect2Chars attribute="Normal Text" char="}" char1="[" context="#stay" />
				<Detect2Chars attribute="Normal Text" char="}" char1="{" context="HighlightningSelector" />
				<Detect2Chars attribute="Normal Text" char="]" char1="{" context="HighlightningSelector" />
				<DetectChar attribute="Normal Text" char="}" context="Verbatim" />
			</context>
			<context attribute="Normal Text" lineEndContext="#stay" name="HighlightningSelector">
				<StringDetect String="C++" context="HighlightningBeginC++" insensitive="true" />
				<StringDetect String="Python" context="HighlightningBeginPython" insensitive="true" />
				<RegExpr String=".*(?=\}|\])" context="#pop" />
			</context>
			<context attribute="Normal Text" lineEndContext="#stay" name="HighlightningCommon">
				<RegExpr String="\\end\s*\{(lstlisting|minted)\*?\}" attribute="Structure" context="#pop#pop#pop#pop#pop#pop" lookAhead="true" />
			</context>
			<context attribute="Normal Text" lineEndContext="#stay" name="HighlightningBeginC++">
				<RegExpr String=".*(\}|\])" context="HighlightningC++" />
			</context>
			<context attribute="Normal Text" lineEndContext="#stay" name="HighlightningC++">
				<IncludeRules context="HighlightningCommon" />
				<IncludeRules context="##C++" includeAttrib="true" />
			</context>
			<context attribute="Normal Text" lineEndContext="#stay" name="HighlightningBeginPython">
				<RegExpr String=".*(\}|\])" context="HighlightningPython" />
			</context>
			<context attribute="Normal Text" lineEndContext="#stay" name="HighlightningPython">
				<IncludeRules context="HighlightningCommon" />
				<IncludeRules context="##Python" />
			</context>
			<context attribute="Verbatim" lineEndContext="#stay" name="Verbatim">
				<DetectChar attribute="Bullet" char="×" context="#stay" />
				<RegExpr String="\\end(?=\s*\{(verbatim|lstlisting|boxedverbatim|(B|L)?Verbatim|minted)\*?\})" attribute="Structure" context="VerbFindEnd" />
			</context>
			<context attribute="Normal Text" fallthrough="true" fallthroughContext="#pop" lineEndContext="#pop" name="VerbFindEnd">
				<RegExpr String="\s*\{" attribute="Normal Text" context="#stay" />
				<RegExpr String="(verbatim|lstlisting|boxedverbatim|(B|L)?Verbatim|minted)\*?" attribute="Environment" context="#stay" />
				<DetectChar attribute="Normal Text" char="}" context="#pop#pop#pop#pop#pop" endRegion="block" />
			</context>
			<context attribute="Environment" fallthrough="true" fallthroughContext="#pop#pop#pop" lineEndContext="#stay" name="CommentEnv">
				<DetectChar attribute="Normal Text" char="}" context="BlockComment" />
				<RegExpr String="[a-zA-Z]" attribute="Environment" context="#pop" lookAhead="true" />
				<IncludeRules context="EnvCommon" />
			</context>
			<context attribute="Comment" lineEndContext="#stay" name="BlockComment">
				<DetectChar attribute="Bullet" char="×" context="#stay" />
				<RegExpr String="\\end(?=\s*\{comment\*?\})" attribute="Structure" context="CommFindEnd" />
			</context>
			<context attribute="Normal Text" fallthrough="true" fallthroughContext="#pop" lineEndContext="#pop" name="CommFindEnd">
				<RegExpr String="\s*\{" attribute="Normal Text" context="#stay" />
				<RegExpr String="comment\*?" attribute="Environment" context="#stay" />
				<DetectChar attribute="Normal Text" char="}" context="#pop#pop#pop#pop#pop" endRegion="block" />
			</context>
			<context attribute="Environment" lineEndContext="#stay" name="MathEnv">
				<DetectChar attribute="Normal Text" char="}" context="MathModeEnv" />
				<RegExpr String="[a-zA-Z]" attribute="Environment" context="#pop" lookAhead="true" />
				<IncludeRules context="EnvCommon" />
			</context>
			<context attribute="Normal Text" lineEndContext="#stay" name="MathEnvParam">
				<RegExpr String="\}\{[^\}]*\}" attribute="Normal Text" context="MathModeEnv" />
				<DetectChar attribute="Normal Text" char="}" context="MathModeEnv" />
				<RegExpr String="[a-zA-Z]" attribute="Environment" context="#pop" lookAhead="true" />
				<IncludeRules context="EnvCommon" />
			</context>
			<context attribute="Environment" lineEndContext="#stay" name="EnvCommon">
				<DetectChar attribute="Bullet" char="×" context="#stay" />
				<RegExpr String="\*(?=\})" attribute="Environment" context="#stay" />
				<RegExpr String="\*[^\}]*" attribute="Error" context="#pop#pop#pop" />
				<RegExpr String="[^a-zA-Z\xd7][^\}]*" attribute="Error" context="#pop#pop#pop" />
			</context>
			<context attribute="Math" lineEndContext="#stay" name="MathModeEnv">
				<RegExpr String="\\begin(?=[^a-zA-Z])" attribute="Structure" beginRegion="block" context="FindBeginEnvironment" />
				<RegExpr String="\\end(?=[^a-zA-Z])" attribute="Structure" context="MathFindEnd" />
				<StringDetect String="\(" attribute="Error" context="#stay" />
				<StringDetect String="\[" attribute="Error" context="#stay" />
				<StringDetect String="\)" attribute="Error" context="#stay" />
				<StringDetect String="\]" attribute="Error" context="#stay" />
				<RegExpr String="\\(text|intertext|mbox)\s*(?=\{)" attribute="Keyword Mathmode" context="MathModeText" />
				<DetectChar attribute="Keyword Mathmode" char="\" context="MathContrSeq" />
				<StringDetect String="$$" attribute="Error" context="#stay" />
				<DetectChar attribute="Error" char="$" context="#stay" />
				<DetectChar attribute="Comment" char="%" context="Comment" />
				<DetectChar attribute="Bullet" char="×" context="#stay" />
				<RegExpr String="%\s*BEGIN.*$" attribute="Region Marker" beginRegion="regionMarker" context="#stay" firstNonSpace="true" />
				<RegExpr String="%\s*END.*$" attribute="Region Marker" context="#stay" endRegion="regionMarker" firstNonSpace="true" />
			</context>
			<context attribute="Normal Text" fallthrough="true" fallthroughContext="#pop" lineEndContext="#pop" name="MathFindEnd">
				<RegExpr String="\s*\{" attribute="Normal Text" context="#stay" />
				<RegExpr String="(equation|displaymath|eqnarray|subeqnarray|math|multline|gather|align|flalign|alignat|xalignat|xxalignat|IEEEeqnarray|IEEEeqnarraybox|smallmatrix|pmatrix|bmatrix|Bmatrix|vmatrix|Vmatrix|cases)\*?" attribute="Environment" context="#stay" />
				<DetectChar attribute="Normal Text" char="}" context="#pop#pop#pop#pop#pop" endRegion="block" />
			</context>
			<context attribute="Environment" fallthrough="true" fallthroughContext="#pop#pop#pop" lineEndContext="#stay" name="TabEnv">
				<DetectChar attribute="Normal Text" char="}" context="Tab" />
				<RegExpr String="[a-zA-Z]" attribute="Environment" context="#pop" lookAhead="true" />
				<IncludeRules context="EnvCommon" />
			</context>
			<context attribute="Tab" lineEndContext="#stay" name="Tab">
				<DetectChar attribute="Ampersand" char="&amp;" context="#stay" />
				<StringDetect String="@{" attribute="Column Separator" context="Column Separator" />
				<RegExpr String="\\end(?=\s*\{(tabularx|tabular|supertabular|mpsupertabular|xtabular|mpxtabular|longtable)\*?\})" attribute="Structure" context="TabFindEnd" />
				<IncludeRules context="Normal Text" />
			</context>
			<context attribute="Column Separator" lineEndContext="#stay" name="Column Separator">
				<DetectChar attribute="Column Separator" char="{" context="Column Separator" />
				<DetectChar attribute="Column Separator" char="}" context="#pop" />
				<RegExpr String="." attribute="Column Separator" context="#stay" />
			</context>
			<context attribute="Normal Text" fallthrough="true" fallthroughContext="#pop" lineEndContext="#pop" name="TabFindEnd">
				<RegExpr String="\s*\{" attribute="Normal Text" context="#stay" />
				<RegExpr String="(tabularx|tabular|supertabular|mpsupertabular|xtabular|mpxtabular|longtable)\*?" attribute="Environment" context="#stay" />
				<DetectChar attribute="Normal Text" char="}" context="#pop#pop#pop#pop#pop" endRegion="block" />
			</context>
			<context attribute="Math" lineEndContext="#stay" name="MathMode">
				<StringDetect String="$$" attribute="Error" context="#stay" />
				<DetectChar attribute="Math" char="$" context="#pop" />
				<Detect2Chars attribute="Math" char="\" char1=")" context="#pop" />
				<Detect2Chars attribute="Error" char="\" char1="]" context="#stay" />
				<IncludeRules context="MathModeCommon" />
			</context>
			<context attribute="Math" lineEndContext="#stay" name="MathModeDisplay">
				<StringDetect String="$$" attribute="Math" context="#pop" endRegion="mathMode" />
				<DetectChar attribute="Error" char="$" context="#stay" />
				<Detect2Chars attribute="Error" char="\" char1="]" context="#stay" />
				<Detect2Chars attribute="Error" char="\" char1=")" context="#stay" />
				<IncludeRules context="MathModeCommon" />
			</context>
			<context attribute="Math" lineEndContext="#stay" name="MathModeEquation">
				<Detect2Chars attribute="Math" char="\" char1="]" context="#pop" endRegion="mathMode" />
				<StringDetect String="$$" attribute="Error" context="#stay" />
				<DetectChar attribute="Error" char="$" context="#stay" />
				<Detect2Chars attribute="Error" char="\" char1=")" context="#stay" />
				<IncludeRules context="MathModeCommon" />
			</context>
			<context attribute="Math" lineEndContext="#stay" name="MathModeEnsure">
				<DetectChar attribute="Math" char="{" context="MathModeEnsure" />
				<DetectChar attribute="Math" char="}" context="#pop" />
				<IncludeRules context="MathModeCommon" />
			</context>
			<context attribute="Math" lineEndContext="#stay" name="MathModeCommon">
				<RegExpr String="\\(begin|end)\s*\{(equation|displaymath|eqnarray|subeqnarray|math|multline|gather|align|flalign|alignat|xalignat|xxalignat|IEEEeqnarray)\*?\}" attribute="Error" context="#stay" />
				<RegExpr String="\\begin(?=[^a-zA-Z])" attribute="Keyword Mathmode" beginRegion="block" context="#stay" />
				<RegExpr String="\\end(?=[^a-zA-Z])" attribute="Keyword Mathmode" context="#stay" endRegion="block" />
				<RegExpr String="\\(text|intertext|mbox)\s*(?=\{)" attribute="Keyword Mathmode" context="MathModeText" />
				<DetectChar attribute="Keyword Mathmode" char="\" context="MathContrSeq" />
				<DetectChar attribute="Comment" char="%" context="Comment" />
				<RegExpr String="%\s*BEGIN.*$" attribute="Region Marker" beginRegion="regionMarker" context="#stay" firstNonSpace="true" />
				<RegExpr String="%\s*END.*$" attribute="Region Marker" context="#stay" endRegion="regionMarker" firstNonSpace="true" />
				<DetectChar attribute="Bullet" char="×" context="#stay" />
			</context>
			<context attribute="Keyword Mathmode" lineEndContext="#pop" name="MathContrSeq">
				<DetectChar attribute="Bullet" char="×" context="#stay" />
				<RegExpr String="[a-zA-Z]+\*?" attribute="Keyword Mathmode" context="#pop" />
				<RegExpr String="[^a-zA-Z]" attribute="Keyword Mathmode" context="#pop" />
			</context>
			<context attribute="Normal Text" lineEndContext="#stay" name="MathModeText">
				<DetectChar attribute="Normal Text" char="{" context="MathModeTextParameterStart" />
			</context>
			<context attribute="Normal Text" lineEndContext="#stay" name="MathModeTextParameterStart">
				<RegExpr String="\\." attribute="Normal Text" context="#stay" />
				<DetectChar attribute="Bullet" char="×" context="#stay" />
				<RegExpr String="\$.*\$" attribute="Math" context="#stay" minimal="true" />
				<DetectChar attribute="Normal Text" char="{" context="MathModeTextParameter" />
				<DetectChar attribute="Normal Text" char="}" context="#pop#pop" />
				<DetectChar attribute="Comment" char="%" context="Comment" />
			</context>
			<context attribute="Normal Text" lineEndContext="#stay" name="MathModeTextParameter">
				<RegExpr String="\\." attribute="Normal Text" context="#stay" />
				<DetectChar attribute="Normal Text" char="{" context="MathModeTextParameter" />
				<DetectChar attribute="Normal Text" char="}" context="#pop" />
				<DetectChar attribute="Bullet" char="×" context="#stay" />
				<DetectChar attribute="Comment" char="%" context="Comment" />
			</context>
			<context attribute="Comment" lineEndContext="#stay" name="Multiline Comment">
				<StringDetect String="\fi" attribute="Comment" context="#pop" />
				<StringDetect String="\else" attribute="Comment" context="#pop" />
			</context>
			<context attribute="Comment" lineEndContext="#pop" name="Comment">
				<RegExpr String="(FIXME|TODO):?" attribute="Alert" context="#stay" />
				<StringDetect String="\KileResetHL" attribute="Comment" context="Normal Text" />
				<StringDetect String="\KateResetHL" attribute="Comment" context="Normal Text" />
			</context>
		</contexts>
		<itemDatas>
			<itemData defStyleNum="dsNormal" name="Normal Text" />
			<itemData defStyleNum="dsNormal" name="Option Text" spellChecking="false" />
			<itemData name="Keyword" defStyleNum="dsKeyword" />
			<itemData defStyleNum="dsComment" name="Comment" spellChecking="false" />
			<itemData defStyleNum="dsAlert" name="Error" spellChecking="false" />
			<itemData name="Math" defStyleNum="dsOthers" />
			<itemData name="Structure" defStyleNum="dsControlFlow" />
			<itemData name="Keyword Mathmode" defStyleNum="dsKeyword" />
			<itemData name="Environment" defStyleNum="dsPreprocessor" />
			<itemData name="Verbatim" defStyleNum="dsVerbatimString" />
			<itemData defStyleNum="dsRegionMarker" name="Region Marker" spellChecking="false" />
			<itemData name="Bullet" defStyleNum="dsNormal" />
			<itemData name="Ampersand" defStyleNum="dsSpecialChar" />
			<itemData name="Column Separator" defStyleNum="dsSpecialChar" />
			<itemData defStyleNum="dsAlert" name="Alert" spellChecking="false" />
			<itemData name="Structure Text" defStyleNum="dsNormal" />
			<itemData name="Structure Keyword" defStyleNum="dsControlFlow" />
			<itemData name="Structure Math" defStyleNum="dsNormal" />
			<itemData name="Structure Keyword Mathmode" defStyleNum="dsKeyword" />
		</itemDatas>
	</highlighting>
	<general>
		<keywords weakDeliminator="\" wordWrapDeliminator=",{}[]" />
		<comments>
			<comment name="singleLine" start="%" />
		</comments>
	</general>
	<spellchecking>
		<configuration encodingReplacementPolicy="EncodeWhenPresent" />
		<encodings>
			<encoding char="À" string="\`{A}" />
			<encoding char="À" string="\`A" />
			<encoding char="Á" string="\'{A}" />
			<encoding char="Á" string="\'A" />
			<encoding char="Â" string="\^{A}" />
			<encoding char="Â" string="\^A" />
			<encoding char="Ã" string="\~{A}" />
			<encoding char="Ã" string="\~A" />
			<encoding char="Ä" string="\&quot;{A}" />
			<encoding char="Ä" string="\&quot;A" />
			<encoding char="Å" string="\AA{}" />
			<encoding char="Æ" string="\AE{}" />
			<encoding char="Ç" string="\c{C}" />
			<encoding char="È" string="\`{E}" />
			<encoding char="È" string="\`E" />
			<encoding char="É" string="\'{E}" />
			<encoding char="É" string="\'E" />
			<encoding char="Ê" string="\^{E}" />
			<encoding char="Ê" string="\^E" />
			<encoding char="Ë" string="\&quot;{E}" />
			<encoding char="Ë" string="\&quot;E" />
			<encoding char="Ì" string="\`{I}" />
			<encoding char="Ì" string="\`I" />
			<encoding char="Í" string="\'{I}" />
			<encoding char="Í" string="\'I" />
			<encoding char="Î" string="\^{I}" />
			<encoding char="Î" string="\^I" />
			<encoding char="Ï" string="\&quot;{I}" />
			<encoding char="Ï" string="\&quot;I" />
			<encoding char="Ð" string="\DH{}" />
			<encoding char="Ñ" string="\~{N}" />
			<encoding char="Ñ" string="\~N" />
			<encoding char="Ò" string="\`{O}" />
			<encoding char="Ò" string="\`O" />
			<encoding char="Ó" string="\'{O}" />
			<encoding char="Ó" string="\'O" />
			<encoding char="Ô" string="\^{O}" />
			<encoding char="Ô" string="\^O" />
			<encoding char="Õ" string="\~{O}" />
			<encoding char="Õ" string="\~O" />
			<encoding char="Ö" string="\&quot;{O}" />
			<encoding char="Ö" string="\&quot;O" />
			<encoding char="Ø" string="\O{}" />
			<encoding char="Ù" string="\`{U}" />
			<encoding char="Ù" string="\`U" />
			<encoding char="Ú" string="\'{U}" />
			<encoding char="Ú" string="\'U" />
			<encoding char="Û" string="\^{U}" />
			<encoding char="Û" string="\^U" />
			<encoding char="Ü" string="\&quot;{U}" />
			<encoding char="Ü" string="\&quot;U" />
			<encoding char="Ý" string="\'{Y}" />
			<encoding char="Ý" string="\'Y" />
			<encoding char="Þ" string="\TH{}" />
			<encoding char="ß" string="\ss{}" />
			<encoding char="à" string="\`{a}" />
			<encoding char="à" string="\`a" />
			<encoding char="á" string="\'{a}" />
			<encoding char="á" string="\'a" />
			<encoding char="â" string="\^{a}" />
			<encoding char="â" string="\^a" />
			<encoding char="ã" string="\~{a}" />
			<encoding char="ã" string="\~a" />
			<encoding char="ä" string="\&quot;{a}" />
			<encoding char="ä" string="\&quot;a" />
			<encoding char="å" string="\aa{}" />
			<encoding char="æ" string="\ae{}" />
			<encoding char="ç" string="\c{c}" />
			<encoding char="è" string="\`{e}" />
			<encoding char="è" string="\`e" />
			<encoding char="é" string="\'{e}" />
			<encoding char="é" string="\'e" />
			<encoding char="ê" string="\^{e}" />
			<encoding char="ê" string="\^e" />
			<encoding char="ë" string="\&quot;{e}" />
			<encoding char="ë" string="\&quot;e" />
			<encoding char="ì" string="\`{i}" />
			<encoding char="ì" string="\`i" />
			<encoding char="í" string="\'{i}" />
			<encoding char="í" string="\'i" />
			<encoding char="î" string="\^{i}" />
			<encoding char="î" string="\^i" />
			<encoding char="ï" string="\&quot;{i}" />
			<encoding char="ï" string="\&quot;i" />
			<encoding char="ð" string="\dh{}" />
			<encoding char="ñ" string="\~{n}" />
			<encoding char="ñ" string="\~n" />
			<encoding char="ò" string="\`{o}" />
			<encoding char="ò" string="\`o" />
			<encoding char="ó" string="\'{o}" />
			<encoding char="ó" string="\'o" />
			<encoding char="ô" string="\^{o}" />
			<encoding char="ô" string="\^o" />
			<encoding char="õ" string="\~{o}" />
			<encoding char="õ" string="\~o" />
			<encoding char="ö" string="\&quot;{o}" />
			<encoding char="ö" string="\&quot;o" />
			<encoding char="ø" string="\o{}" />
			<encoding char="ù" string="\`{u}" />
			<encoding char="ù" string="\`u" />
			<encoding char="ú" string="\'{u}" />
			<encoding char="ú" string="\'u" />
			<encoding char="û" string="\^{u}" />
			<encoding char="û" string="\^u" />
			<encoding char="ü" string="\&quot;{u}" />
			<encoding char="ü" string="\&quot;u" />
			<encoding char="ý" string="\'{y}" />
			<encoding char="ý" string="\'y" />
			<encoding char="þ" string="\th{}" />
			<encoding char="ÿ" string="\&quot;{y}" />
			<encoding char="ÿ" string="\&quot;y" />
			<encoding ignored="true" string="''" />
			<encoding ignored="true" string="\-" />
		</encodings>
	</spellchecking>
</language>
