<?xml version="1.0" encoding="UTF-8"?>
<!-- read from /usr/share/katepart5/syntax/lex.xml at 26/06/15 21:52:57 CEST -->
<language author="Jan Villat (jan.villat@net2000.ch)" extensions="*.l;*.lex;*.flex" kateversion="2.4" license="LGPL" name="Lex/Flex" section="Sources" version="1.01">
	<highlighting>
		<contexts>
			<context attribute="Normal Text" lineEndContext="#stay" name="Pre Start">
				<RegExpr String="." attribute="Normal Text" beginRegion="definitions" context="Definitions" lookAhead="true" />
			</context>
			<context attribute="Normal Text" lineEndContext="#stay" name="Definitions">
				<IncludeRules context="Detect C" />
				<Detect2Chars attribute="Content-Type Delimiter" beginRegion="rules" char="%" char1="%" context="Rules" endRegion="definitions" />
				<DetectChar attribute="Directive" char="%" context="Percent Command" />
				<Detect2Chars attribute="Comment" char="/" char1="*" column="0" context="Comment" />
				<RegExpr String="[A-Za-z_]\w*\s+" attribute="Definition" column="0" context="Definition RegExpr" />
			</context>
			<context attribute="Normal Text" fallthrough="true" fallthroughContext="Rule RegExpr" lineEndContext="#stay" name="Rules">
				<IncludeRules context="Detect C" />
				<Detect2Chars attribute="Content-Type Delimiter" beginRegion="code" char="%" char1="%" context="User Code" endRegion="rules" />
			</context>
			<context attribute="Normal Text" lineEndContext="#stay" name="User Code">
				<IncludeRules context="##C++" />
			</context>
			<context attribute="Directive" lineEndContext="#pop" name="Percent Command">
				
			</context>
			<context attribute="Comment" lineEndContext="#stay" name="Comment">
				<Detect2Chars attribute="Comment" char="*" char1="/" context="#pop" />
			</context>
			<context attribute="RegExpr" lineEndContext="#pop" name="Definition RegExpr">
				<IncludeRules context="RegExpr Base" />
				<RegExpr String="\S" attribute="RegExpr" context="#stay" />
				<RegExpr String=".*" attribute="Alert" context="#stay" />
			</context>
			<context attribute="RegExpr" lineEndContext="#pop" name="Rule RegExpr">
				<RegExpr String="\{$" attribute="Content-Type Delimiter" beginRegion="SCscope" context="Start Conditions Scope" />
				<IncludeRules context="RegExpr Base" />
				<RegExpr String="\S" attribute="RegExpr" context="#stay" />
				<RegExpr String="\s+" attribute="Normal Text" context="Action" />
			</context>
			<context attribute="RegExpr" lineEndContext="#stay" name="RegExpr (">
				<IncludeRules context="RegExpr Base" />
				<DetectChar attribute="RegExpr" char=")" context="#pop" />
				<RegExpr String="." attribute="RegExpr" context="#stay" />
			</context>
			<context attribute="RegExpr" lineEndContext="#stay" name="RegExpr [">
				<RegExpr String="\\." attribute="Backslash Code" context="#stay" />
				<DetectChar attribute="RegExpr" char="]" context="#pop" />
				<RegExpr String="." attribute="RegExpr" context="#stay" />
			</context>
			<context attribute="RegExpr" lineEndContext="#stay" name="RegExpr {">
				<RegExpr String="\\." attribute="Backslash Code" context="#stay" />
				<DetectChar attribute="RegExpr" char="}" context="#pop" />
				<RegExpr String="." attribute="RegExpr" context="#stay" />
			</context>
			<context attribute="RegExpr" lineEndContext="#stay" name="RegExpr Q">
				<RegExpr String="\\." attribute="Backslash Code" context="#stay" />
				<DetectChar attribute="RegExpr" char="&quot;" context="#pop" />
				<RegExpr String="." attribute="RegExpr" context="#stay" />
			</context>
			<context attribute="RegExpr" lineEndContext="#stay" name="RegExpr Base">
				<RegExpr String="\\." attribute="Backslash Code" context="#stay" />
				<DetectChar attribute="RegExpr" char="(" context="RegExpr (" />
				<DetectChar attribute="RegExpr" char="[" context="RegExpr [" />
				<DetectChar attribute="RegExpr" char="{" context="RegExpr {" />
				<DetectChar attribute="RegExpr" char="&quot;" context="RegExpr Q" />
			</context>
			<context attribute="Normal Text" fallthrough="true" fallthroughContext="Rule RegExpr" lineEndContext="#stay" name="Start Conditions Scope">
				<RegExpr String="\s*\}" attribute="Content-Type Delimiter" context="#pop" endRegion="SCscope" />
				<RegExpr String="\s*" attribute="Normal Text" context="Rule RegExpr" />
			</context>
			<context attribute="Normal Text" fallthrough="true" fallthroughContext="Action C" lineEndContext="#pop" name="Action">
				<RegExpr String="\|\s*$" attribute="Directive" context="#stay" />
				<Detect2Chars attribute="Content-Type Delimiter" beginRegion="lexCbloc" char="%" char1="{" context="Lex Rule C Bloc" />
			</context>
			<context attribute="Normal Text" lineEndContext="#stay" name="Detect C">
				<RegExpr String="^\s" attribute="Normal Text" context="Indented C" />
				<Detect2Chars attribute="Content-Type Delimiter" beginRegion="lexCbloc" char="%" char1="{" column="0" context="Lex C Bloc" />
			</context>
			<context attribute="Normal Text" lineEndContext="#pop" name="Indented C">
				<IncludeRules context="##C++" />
			</context>
			<context attribute="Normal Text" lineEndContext="#stay" name="Lex C Bloc">
				<Detect2Chars attribute="Content-Type Delimiter" char="%" char1="}" column="0" context="#pop" endRegion="lexCbloc" />
				<IncludeRules context="##C++" />
			</context>
			<context attribute="Normal Text" lineEndContext="#stay" name="Lex Rule C Bloc">
				<Detect2Chars attribute="Content-Type Delimiter" char="%" char1="}" context="#pop" endRegion="lexCbloc" />
				<IncludeRules context="##C++" />
			</context>
			<context attribute="Normal Text" lineEndContext="#stay" name="Normal C Bloc">
				<DetectChar attribute="Normal Text" beginRegion="bloc" char="{" context="Normal C Bloc" />
				<DetectChar attribute="Normal Text" char="}" context="#pop" endRegion="bloc" />
				<IncludeRules context="##C++" />
			</context>
			<context attribute="Normal Text" lineEndContext="#pop" name="Action C">
				<DetectChar attribute="Normal Text" beginRegion="bloc" char="{" context="Normal C Bloc" />
				<DetectChar attribute="Alert" char="}" context="#stay" />
				<IncludeRules context="##C++" />
			</context>
		</contexts>
		<itemDatas>
			<itemData defStyleNum="dsNormal" name="Normal Text" />
			<itemData defStyleNum="dsDataType" name="Definition" />
			<itemData defStyleNum="dsComment" name="Comment" />
			<itemData bold="1" defStyleNum="dsBaseN" name="Content-Type Delimiter" />
			<itemData defStyleNum="dsKeyword" name="Directive" />
			<itemData defStyleNum="dsString" name="RegExpr" />
			<itemData name="Backslash Code" defStyleNum="dsSpecialString" />
			<itemData defStyleNum="dsAlert" name="Alert" />
		</itemDatas>
	</highlighting>
	<general>
		<comments>
			<comment end="*/" name="multiLine" start="/*" />
		</comments>
	</general>
</language>
