<?xml version="1.0" encoding="UTF-8"?>
<!-- read from /usr/share/katepart5/syntax/makefile.xml at 26/06/15 21:53:26 CEST -->
<language author="Per Wigren (wigren@home.se)" extensions="GNUmakefile;Makefile;makefile;GNUmakefile.*;Makefile.*;makefile.*;*.mk" kateversion="3.4" license="" mimetype="text/x-makefile" name="Makefile" section="Other" version="2.1">
	<highlighting>
		<contexts>
			<context attribute="Normal" lineEndContext="#stay" name="normal">
				<DetectSpaces />
				<DetectChar attribute="Comment" char="#" context="Comment" />
				<keyword String="keywords" attribute="Keyword" context="#stay" />
				<RegExpr String="[^\s:+?]*\s*(?=:=|=|\+=|\?=)" attribute="Variable" context="assign" />
				<RegExpr String="^\.[^.][^:]*:" attribute="Section" context="prereq" />
				<RegExpr String="^[^:]*:" attribute="Target" context="prereq" />
				<DetectIdentifier />
				<DetectChar attribute="String" char="&quot;" context="string&quot;" />
				<DetectChar attribute="String" char="'" context="string'" />
				<DetectChar attribute="Operator" char="$" context="dollar" />
				<Detect2Chars attribute="Special" char="\" char1="#" context="#stay" />
				<Detect2Chars attribute="Special" char="\" char1="\" context="#stay" />
				<AnyChar String="@-" attribute="Operator" context="silent" firstNonSpace="1" />
			</context>
			<context attribute="Prereq" lineEndContext="rule" name="prereq">
				<DetectSpaces />
				<DetectIdentifier />
				<LineContinue attribute="Operator" context="#stay" />
				<DetectChar attribute="Operator" char="$" context="dollar" />
				<Detect2Chars attribute="Special" char="\" char1="#" context="#stay" />
				<Detect2Chars attribute="Special" char="\" char1="\" context="#stay" />
				<DetectChar attribute="Comment" char="#" context="Comment" />
			</context>
			<context attribute="Normal" lineEndContext="#stay" name="rule">
				<LineContinue attribute="Operator" context="#stay" />
				<RegExpr String="^ +" attribute="Error" context="#pop#pop#pop" firstNonSpace="1" />
				<RegExpr String="^[^\t]" context="#pop#pop#pop" firstNonSpace="1" lookAhead="1" />
				<DetectSpaces />
				<DetectIdentifier />
				<DetectChar attribute="String" char="&quot;" context="string&quot;" />
				<DetectChar attribute="String" char="'" context="string'" />
				<DetectChar attribute="Operator" char="$" context="dollar" />
				<Detect2Chars attribute="Special" char="\" char1="#" context="#stay" />
				<Detect2Chars attribute="Special" char="\" char1="\" context="#stay" />
				<AnyChar String="@-" attribute="Operator" context="silent" firstNonSpace="1" />
				<DetectChar attribute="Comment" char="#" context="Comment" />
			</context>
			<context attribute="Silent" lineEndContext="#pop" name="silent">
				<LineContinue attribute="Operator" context="#stay" />
				<DetectSpaces />
				<DetectIdentifier />
				<DetectChar attribute="String" char="&quot;" context="string&quot;" />
				<DetectChar attribute="String" char="'" context="string'" />
				<DetectChar attribute="Operator" char="$" context="dollar" />
				<Detect2Chars attribute="Special" char="\" char1="#" context="#stay" />
				<Detect2Chars attribute="Special" char="\" char1="\" context="#stay" />
				<DetectChar attribute="Comment" char="#" context="Comment" />
			</context>
			<context attribute="String" lineEndContext="#pop" name="string&quot;">
				<LineContinue attribute="Operator" context="#stay" />
				<DetectChar attribute="String" char="&quot;" context="#pop" />
				<DetectChar attribute="Operator" char="$" context="dollar" />
			</context>
			<context attribute="String" lineEndContext="#pop" name="string'">
				<LineContinue attribute="String" context="#stay" />
				<DetectChar attribute="String" char="'" context="#pop" />
				<DetectChar attribute="Operator" char="$" context="dollar" />
			</context>
			<context attribute="Operator" lineEndContext="#pop" name="assign">
				<DetectChar attribute="Operator" char="=" context="value" />
			</context>
			<context attribute="String" lineEndContext="#pop#pop" name="value">
				<LineContinue attribute="Operator" />
				<DetectChar attribute="Operator" char="$" context="dollar" />
				<RegExpr String="@[-_\d\w]*@" attribute="Special" context="#pop#pop" />
				<DetectChar attribute="Operator" char=";" context="#pop#pop" />
			</context>
			<context attribute="Operator" lineEndContext="#pop" name="dollar">
				<DetectChar attribute="Operator" char="(" context="call(" />
				<DetectChar attribute="Operator" char="{" context="call{" />
				<RegExpr String="." attribute="Operator" context="#pop" />
			</context>
			<context attribute="Variable" fallthrough="1" fallthroughContext="callVar(" lineEndContext="#stay" name="call(">
				<keyword String="functions" attribute="Keyword" context="callFunc(" />
			</context>
			<context attribute="Variable" fallthrough="1" fallthroughContext="callVar{" lineEndContext="#stay" name="call{">
				<keyword String="functions" attribute="Keyword" context="callFunc{" />
			</context>
			<context attribute="Variable" lineEndContext="#stay" name="callVar(">
				<DetectChar attribute="Operator" char=")" context="#pop#pop#pop" />
				<DetectChar attribute="Operator" char="$" context="dollar" />
				<DetectSpaces attribute="Error" context="#stay" />
				<AnyChar String="=#:" attribute="Error" context="#stay" />
			</context>
			<context attribute="Variable" lineEndContext="#stay" name="callVar{">
				<DetectChar attribute="Operator" char="}" context="#pop#pop#pop" />
				<DetectChar attribute="Operator" char="$" context="dollar" />
				<DetectSpaces attribute="Error" context="#stay" />
				<AnyChar String="=#:" attribute="Error" context="#stay" />
			</context>
			<context attribute="FuncParam" lineEndContext="#stay" name="callFunc(">
				<DetectChar attribute="Operator" char=")" context="#pop#pop#pop" />
				<DetectChar attribute="Operator" char="$" context="dollar" />
				<DetectChar attribute="Keyword" char="," context="#stay" />
				<DetectChar attribute="String" char="'" context="string'" />
			</context>
			<context attribute="FuncParam" lineEndContext="#stay" name="callFunc{">
				<DetectChar attribute="Operator" char="}" context="#pop#pop#pop" />
				<DetectChar attribute="Operator" char="$" context="dollar" />
				<DetectChar attribute="Keyword" char="," context="#stay" />
				<DetectChar attribute="String" char="'" context="string'" />
			</context>
			<context attribute="Comment" lineEndContext="#pop" name="Comment">
				<LineContinue attribute="Comment" context="#stay" />
				<IncludeRules context="##Alerts" />
				<IncludeRules context="##Modelines" />
			</context>
		</contexts>
		<itemDatas>
			<itemData defStyleNum="dsNormal" name="Normal" spellChecking="0" />
			<itemData defStyleNum="dsKeyword" name="Keyword" spellChecking="0" />
			<itemData defStyleNum="dsComment" name="Comment" />
			<itemData defStyleNum="dsString" name="String" spellChecking="0" />
			<itemData defStyleNum="dsDataType" name="Variable" spellChecking="0" />
			<itemData defStyleNum="dsDecVal" name="Target" spellChecking="0" />
			<itemData defStyleNum="dsOthers" name="Section" spellChecking="0" />
			<itemData defStyleNum="dsDataType" name="Prereq" spellChecking="0" />
			<itemData defStyleNum="dsString" name="FuncParam" spellChecking="0" />
			<itemData defStyleNum="dsChar" name="Operator" spellChecking="0" />
			<itemData defStyleNum="dsFunction" name="Silent" spellChecking="0" />
			<itemData defStyleNum="dsFloat" name="Special" spellChecking="0" />
			<itemData defStyleNum="dsError" name="Error" spellChecking="0" />
		</itemDatas>
		<list name="keywords">
			<item> include </item>
			<item> define </item>
			<item> else </item>
			<item> endef </item>
			<item> endif </item>
			<item> ifdef </item>
			<item> ifeq </item>
			<item> ifndef </item>
			<item> ifneq </item>
			<item> override </item>
		</list>
		<list name="functions">
			<item> call </item>
			<item> subst </item>
			<item> patsubst </item>
			<item> strip </item>
			<item> findstring </item>
			<item> filter </item>
			<item> filter-out </item>
			<item> sort </item>
			<item> word </item>
			<item> wordlist </item>
			<item> words </item>
			<item> firstword </item>
			<item> lastword </item>
			<item> dir </item>
			<item> notdir </item>
			<item> suffix </item>
			<item> basename </item>
			<item> addsuffix </item>
			<item> addprefix </item>
			<item> join </item>
			<item> wildcard </item>
			<item> realpath </item>
			<item> abspath </item>
			<item> if </item>
			<item> or </item>
			<item> and </item>
			<item> foreach </item>
			<item> value </item>
			<item> eval </item>
			<item> origin </item>
			<item> flavor </item>
			<item> shell </item>
			<item> error </item>
			<item> warning </item>
			<item> info </item>
		</list>
	</highlighting>
	<general>
		<comments>
			<comment name="singleLine" start="#" />
		</comments>
		<keywords casesensitive="1" weakDeliminator="-" />
	</general>
</language>
