<?xml version="1.0" encoding="UTF-8"?>
<!DOCTYPE language SYSTEM "language.dtd">
<!-- read from /usr/share/katepart5/syntax/markdown.xml at 25/06/15 19:33:21 CEST -->
<language author="Darrin Yeager, Claes Holmerson" extensions="*.md;*.mmd;*.markdown" kateversion="3.8" license="GPL,BSD" name="Markdown" priority="15" section="Markup" version="1.4">
	<highlighting>
		<contexts>
			<context attribute="Normal Text" lineEndContext="#stay" name="Normal Text">
				<DetectChar char="&gt;" column="0" context="blockquote" />
				<RegExpr String="^#\s.*[#]?$" attribute="h1" />
				<RegExpr String="^##\s.*[#]?$" attribute="h2" />
				<RegExpr String="^###\s.*[#]?$" attribute="h3" />
				<RegExpr String="^####\s.*[#]?$" attribute="h4" />
				<RegExpr String="^#####\s.*[#]?$" attribute="h5" />
				<RegExpr String="^######\s.*[#]?$" attribute="h6" />
				<RegExpr String="\s*([\*\-_]\s?){3,}\s*" attribute="ruler" />
				<RegExpr String="(\s|^)[\*_]{2}[^\s]{1}[^\*_]+[\*_]{2}(\s|\.|,|;|:|\-|\?|$)" attribute="strong" />
				<RegExpr String="(\s|^)[\*_]{1}[^\s]{1}[^\*_]+[\*_]{1}(\s|\.|,|;|:|\-|\?|$)" attribute="emphasis" />
				<RegExpr String="(\s|^)[\*_]{3}[^\*_]+[\*_]{3}(\s|\.|,|;|:|\-|\?|$)" attribute="strongemphasis" />
				<RegExpr String="^([\s]{4,}|\t+).*$" attribute="code" />
				<RegExpr String="^[\*\+\-]\s" context="bullet" />
				<RegExpr String="^[\d]+\.\s" context="numlist" />
				<RegExpr String="^(Title|Author|Date|Copyright|Revision|CSS|LaTeX\ XSLT|Categories|Tags|BaseName|Excerpt):(.*)+$" attribute="meta" />
				<IncludeRules context="inc" />
			</context>
			<context attribute="blockquote" lineEmptyContext="#pop" lineEndContext="#stay" name="blockquote">
				<RegExpr String="(\s|^)[\*_]{2}[^\s]{1}[^\*_]+[\*_]{2}(\s|\.|,|;|:|\-|\?|$)" attribute="bq-strong" />
				<RegExpr String="(\s|^)[\*_]{1}[^\s]{1}[^\*_]+[\*_]{1}(\s|\.|,|;|:|\-|\?|$)" attribute="bq-emphasis" />
				<IncludeRules context="inc" />
			</context>
			<context attribute="bullet" lineEmptyContext="#pop" lineEndContext="#stay" name="bullet">
				<RegExpr String="(\s|^)[\*_]{2}[^\s]{1}[^\*_]+[\*_]{2}(\s|\.|,|;|:|\-|\?|$)" attribute="bl-strong" />
				<RegExpr String="(\s|^)[\*_]{1}[^\s]{1}[^\*_]+[\*_]{1}(\s|\.|,|;|:|\-|\?|$)" attribute="bl-emphasis" />
				<IncludeRules context="inc" />
			</context>
			<context attribute="numlist" lineEmptyContext="#pop" lineEndContext="#stay" name="numlist">
				<RegExpr String="(\s|^)[\*_]{2}[^\s]{1}[^\*_]+[\*_]{2}(\s|\.|,|;|:|\-|\?|$)" attribute="nl-strong" />
				<RegExpr String="(\s|^)[\*_]{1}[^\s]{1}[^\*_]+[\*_]{1}(\s|\.|,|;|:|\-|\?|$)" attribute="nl-emphasis" />
				<IncludeRules context="inc" />
			</context>
			<context attribute="comment" lineEndContext="#stay" name="comment">
				<RegExpr String="--&gt;" attribute="comment" context="#pop" endRegion="comment" />
			</context>
			<context attribute="common" lineEndContext="#stay" name="inc">
				<RegExpr String="`[^`]+`" attribute="code" />
				<RegExpr String="&lt;!--" beginRegion="comment" context="comment" />
				<RegExpr String="\[[^\]\^]+\]\s*\[[^\]]*\]\s*(\s+\&quot;[^\&quot;]*\&quot;){0,1}" attribute="reflink" />
				<RegExpr String="\[\^[^\]]+\]" attribute="footnote" />
				<RegExpr String="\[[^\]\^]+\]\s*\([^\(]*\)" attribute="inlinelink" />
				<RegExpr String="\[[^\]\^]+\]\:\s+[^\s]+(\s+\&quot;[^\&quot;]*\&quot;){0,1}" attribute="reflinktarget" />
				<RegExpr String="\!\[[^\]\^]+\]\([^\(]*\)" attribute="inlineimage" />
				<RegExpr String="\!\[[^\]\^]+\]\[[^\[]*\]" attribute="refimage" />
				<RegExpr String="&lt;(https?|ftp):[^\&quot;&gt;\s]+&gt;" attribute="autolink" />
				<RegExpr String="&lt;(?:mailto:)?([-.\w]+\@[-a-z0-9]+(\.[-a-z0-9]+)*\.[a-z]+)&gt;" attribute="mailtolink" />
				<RegExpr String="[~]{2}[^~].*[^~][~]{2}" attribute="strikeout" minimal="true" />
				<RegExpr String="  $" attribute="linebreak" minimal="true" />
			</context>
		</contexts>
		<itemDatas>
			<itemData defStyleNum="dsNormal" name="Normal Text" />
			<itemData defStyleNum="dsNormal" name="common" />
			<itemData bold="true" defStyleNum="dsNormal" italic="true" name="strongemphasis" />
			<itemData defStyleNum="dsNormal" italic="true" name="emphasis" />
			<itemData bold="true" defStyleNum="dsNormal" name="strong" />
			<itemData bold="true" defStyleNum="dsNormal" name="ruler" />
			<itemData defStyleNum="dsNormal" name="strikeout" strikeOut="true" />
			<itemData name="linebreak" defStyleNum="dsOthers" />
			<itemData bold="true" defStyleNum="dsFunction" name="h1" />
			<itemData bold="true" defStyleNum="dsFunction" name="h2" />
			<itemData bold="true" defStyleNum="dsFunction" name="h3" />
			<itemData bold="true" defStyleNum="dsFunction" name="h4" />
			<itemData bold="true" defStyleNum="dsFunction" name="h5" />
			<itemData bold="true" defStyleNum="dsFunction" name="h6" />
			<itemData defStyleNum="dsDataType" name="blockquote" />
			<itemData defStyleNum="dsDataType" italic="true" name="bq-emphasis" />
			<itemData bold="true" defStyleNum="dsDataType" name="bq-strong" />
			<itemData defStyleNum="dsFloat" name="bullet" />
			<itemData defStyleNum="dsFloat" italic="true" name="bl-emphasis" />
			<itemData bold="true" defStyleNum="dsFloat" name="bl-strong" />
			<itemData defStyleNum="dsFloat" name="numlist" />
			<itemData defStyleNum="dsFloat" italic="true" name="nl-emphasis" />
			<itemData bold="true" defStyleNum="dsFloat" name="nl-strong" />
			<itemData defStyleNum="dsComment" name="comment" />
			<itemData defStyleNum="dsBaseN" name="code" />
			<itemData defStyleNum="dsOthers" name="reflink" underline="true" />
			<itemData defStyleNum="dsOthers" name="inlinelink" underline="true" />
			<itemData defStyleNum="dsOthers" name="autolink" underline="true" />
			<itemData defStyleNum="dsOthers" name="mailtolink" underline="true" />
			<itemData defStyleNum="dsOthers" italic="true" name="footnote" />
			<itemData defStyleNum="dsComment" name="meta" />
			<itemData bold="false" defStyleNum="dsOthers" italic="false" name="reflinktarget" />
			<itemData bold="false" defStyleNum="dsAlert" italic="false" name="inlineimage" />
			<itemData bold="false" defStyleNum="dsAlert" italic="false" name="refimage" />
		</itemDatas>
	</highlighting>
	<general>
		<comments>
			<comment end="--&gt;" name="multiLine" region="comment" start="&lt;!--" />
		</comments>
	</general>
</language>
