<?xml version="1.0" encoding="UTF-8"?>
<!-- read from /usr/share/katepart5/syntax/mathematica.xml at 26/09/15 17:36:06 CEST -->
<language author="Sven Brauch (svenbrauch@gmail.com)" extensions="*.nb" indenter="cstyle" kateversion="3.4" license="LGPL" name="Mathematica" priority="3" section="Scientific" version="8.1">
	<highlighting>
		<contexts>
			<context attribute="Normal Text" lineEndContext="#stay" name="Normal">
				<keyword String="functions" attribute="function" context="#stay" />
				<Int attribute="Int" context="#stay" />
				<Float attribute="Float" context="#stay" />
				<RegExpr String="[a-zA-Z_0-9]+\_" attribute="Parameter" context="#stay" />
				<RegExpr String="(\-\&gt;|\/\.)" attribute="Replace" context="#stay" />
				<AnyChar String="+*/%\|-^" attribute="Operator" context="#stay" />
				<RegExpr String="(:=|=)" attribute="Assign" context="#stay" />
			</context>
		</contexts>
		<itemDatas>
			<itemData defStyleNum="dsNormal" name="Normal Text" spellChecking="false" />
			<itemData defStyleNum="dsFunction" name="function" spellChecking="false" />
			<itemData defStyleNum="dsFloat" name="Float" spellChecking="false" />
			<itemData defStyleNum="dsDecVal" name="Int" spellChecking="false" />
			<itemData defStyleNum="dsDataType" italic="1" name="Parameter" spellChecking="false" />
			<itemData name="Operator" defStyleNum="dsOperator" />
			<itemData name="Assign" defStyleNum="dsOperator" />
			<itemData name="Replace" defStyleNum="dsNormal" />
		</itemDatas>
		<list name="functions">
			<item>A</item>
			<item>AbelianGroup</item>
			<item>All</item>
			<item>ArcSinh</item>
			<item>Abort</item>
			<item>AllowGroupClose</item>
			<item>ArcTan</item>
			<item>AbortKernels</item>
			<item>AllowReverseGroupClose</item>
			<item>ArcTanh</item>
			<item>AbortProtect</item>
			<item>AlphaChannel</item>
			<item>Arg</item>
			<item>Abs</item>
			<item>AlternatingGroup</item>
			<item>ArgMax</item>
			<item>AbsoluteCurrentValue</item>
			<item>AlternativeHypothesis</item>
			<item>ArgMin</item>
			<item>AbsoluteDashing</item>
			<item>Alternatives</item>
			<item>ArithmeticGeometricMean</item>
			<item>AbsoluteFileName</item>
			<item>AnchoredSearch</item>
			<item>Array</item>
			<item>AbsoluteOptions</item>
			<item>And</item>
			<item>ArrayComponents</item>
			<item>AbsolutePointSize</item>
			<item>AndersonDarlingTest</item>
			<item>ArrayDepth</item>
			<item>AbsoluteThickness</item>
			<item>AngerJ</item>
			<item>ArrayFlatten</item>
			<item>AbsoluteTime</item>
			<item>AngleBracket</item>
			<item>ArrayPad</item>
			<item>AbsoluteTiming</item>
			<item>Animate</item>
			<item>ArrayPlot</item>
			<item>AccountingForm</item>
			<item>AnimationDirection</item>
			<item>ArrayQ</item>
			<item>Accumulate</item>
			<item>AnimationDisplayTime</item>
			<item>ArrayRules</item>
			<item>Accuracy</item>
			<item>AnimationRate</item>
			<item>Arrow</item>
			<item>AccuracyGoal</item>
			<item>AnimationRepetitions</item>
			<item>Arrowheads</item>
			<item>ActionMenu</item>
			<item>AnimationRunning</item>
			<item>AspectRatio</item>
			<item>ActiveStyle</item>
			<item>Animator</item>
			<item>Assert</item>
			<item>AcyclicGraphQ</item>
			<item>Annotation</item>
			<item>Assuming</item>
			<item>AddTo</item>
			<item>Annuity</item>
			<item>Assumptions</item>
			<item>AdjacencyGraph</item>
			<item>AnnuityDue</item>
			<item>AstronomicalData</item>
			<item>AdjacencyMatrix</item>
			<item>Antialiasing</item>
			<item>Asynchronous</item>
			<item>AdjustmentBox</item>
			<item>Apart</item>
			<item>AtomQ</item>
			<item>AffineTransform</item>
			<item>ApartSquareFree</item>
			<item>Attributes</item>
			<item>AiryAi</item>
			<item>Appearance</item>
			<item>AugmentedSymmetricPolynomial</item>
			<item>AiryAiPrime</item>
			<item>AppearanceElements</item>
			<item>AutoAction</item>
			<item>AiryAiZero</item>
			<item>AppellF1</item>
			<item>AutoIndent</item>
			<item>AiryBi</item>
			<item>Append</item>
			<item>AutoItalicWords</item>
			<item>AiryBiPrime</item>
			<item>AppendTo</item>
			<item>Automatic</item>
			<item>AiryBiZero</item>
			<item>Apply</item>
			<item>AutoMultiplicationSymbol</item>
			<item>AlgebraicIntegerQ</item>
			<item>ArcCos</item>
			<item>AutorunSequencing</item>
			<item>AlgebraicNumber</item>
			<item>ArcCosh</item>
			<item>AutoScroll</item>
			<item>AlgebraicNumberDenominator</item>
			<item>ArcCot</item>
			<item>AutoSpacing</item>
			<item>AlgebraicNumberNorm</item>
			<item>ArcCoth</item>
			<item>Axes</item>
			<item>AlgebraicNumberPolynomial</item>
			<item>ArcCsc</item>
			<item>AxesEdge</item>
			<item>AlgebraicNumberTrace</item>
			<item>ArcCsch</item>
			<item>AxesLabel</item>
			<item>Algebraics</item>
			<item>ArcSec</item>
			<item>AxesOrigin</item>
			<item>AlgebraicUnitQ</item>
			<item>ArcSech</item>
			<item>AxesStyle</item>
			<item>Alignment</item>
			<item>ArcSin</item>
			<item>Axis</item>
			<item>AlignmentPoint</item>
			<item>ArcSinDistribution</item>
			<item>B</item>
			<item>BabyMonsterGroupB</item>
			<item>BetaRegularized</item>
			<item>BooleanGraph</item>
			<item>Back</item>
			<item>BetweennessCentrality</item>
			<item>BooleanMaxterms</item>
			<item>Background</item>
			<item>BezierCurve</item>
			<item>BooleanMinimize</item>
			<item>Backslash</item>
			<item>BezierFunction</item>
			<item>BooleanMinterms</item>
			<item>Backward</item>
			<item>BilateralFilter</item>
			<item>Booleans</item>
			<item>Band</item>
			<item>Binarize</item>
			<item>BooleanTable</item>
			<item>BarabasiAlbertGraphDistribution</item>
			<item>BinaryFormat</item>
			<item>BooleanVariables</item>
			<item>BarChart</item>
			<item>BinaryImageQ</item>
			<item>BorderDimensions</item>
			<item>BarChart3D</item>
			<item>BinaryRead</item>
			<item>BorelTannerDistribution</item>
			<item>BarnesG</item>
			<item>BinaryReadList</item>
			<item>Bottom</item>
			<item>BarOrigin</item>
			<item>BinaryWrite</item>
			<item>BottomHatTransform</item>
			<item>BarSpacing</item>
			<item>BinCounts</item>
			<item>BoundaryStyle</item>
			<item>BaseForm</item>
			<item>BinLists</item>
			<item>BoxData</item>
			<item>Baseline</item>
			<item>Binomial</item>
			<item>Boxed</item>
			<item>BaselinePosition</item>
			<item>BinomialDistribution</item>
			<item>BoxMatrix</item>
			<item>BaseStyle</item>
			<item>BinormalDistribution</item>
			<item>BoxRatios</item>
			<item>BatesDistribution</item>
			<item>BiorthogonalSplineWavelet</item>
			<item>BoxStyle</item>
			<item>BattleLemarieWavelet</item>
			<item>BipartiteGraphQ</item>
			<item>BoxWhiskerChart</item>
			<item>Because</item>
			<item>BirnbaumSaundersDistribution</item>
			<item>BracketingBar</item>
			<item>BeckmannDistribution</item>
			<item>BitAnd</item>
			<item>BrayCurtisDistance</item>
			<item>Beep</item>
			<item>BitClear</item>
			<item>BreadthFirstScan</item>
			<item>Begin</item>
			<item>BitGet</item>
			<item>Break</item>
			<item>BeginDialogPacket</item>
			<item>BitLength</item>
			<item>Brown</item>
			<item>BeginPackage</item>
			<item>BitNot</item>
			<item>BrownForsytheTest</item>
			<item>BellB</item>
			<item>BitOr</item>
			<item>BSplineBasis</item>
			<item>BellY</item>
			<item>BitSet</item>
			<item>BSplineCurve</item>
			<item>BenfordDistribution</item>
			<item>BitShiftLeft</item>
			<item>BSplineFunction</item>
			<item>BeniniDistribution</item>
			<item>BitShiftRight</item>
			<item>BSplineSurface</item>
			<item>BenktanderGibratDistribution</item>
			<item>BitXor</item>
			<item>BubbleChart</item>
			<item>BenktanderWeibullDistribution</item>
			<item>Black</item>
			<item>BubbleChart3D</item>
			<item>BernoulliB</item>
			<item>Blank</item>
			<item>BubbleScale</item>
			<item>BernoulliDistribution</item>
			<item>BlankNullSequence</item>
			<item>BubbleSizes</item>
			<item>BernoulliGraphDistribution</item>
			<item>BlankSequence</item>
			<item>ButterflyGraph</item>
			<item>BernsteinBasis</item>
			<item>Blend</item>
			<item>Button</item>
			<item>BesselI</item>
			<item>Block</item>
			<item>ButtonBar</item>
			<item>BesselJ</item>
			<item>BlockRandom</item>
			<item>ButtonBox</item>
			<item>BesselJZero</item>
			<item>Blue</item>
			<item>ButtonData</item>
			<item>BesselK</item>
			<item>Blur</item>
			<item>ButtonFrame</item>
			<item>BesselY</item>
			<item>BodePlot</item>
			<item>ButtonFunction</item>
			<item>BesselYZero</item>
			<item>Bold</item>
			<item>ButtonMinHeight</item>
			<item>Beta</item>
			<item>Bookmarks</item>
			<item>ButtonNotebook</item>
			<item>BetaBinomialDistribution</item>
			<item>Boole</item>
			<item>ButtonSource</item>
			<item>BetaDistribution</item>
			<item>BooleanConvert</item>
			<item>Byte</item>
			<item>BetaNegativeBinomialDistribution</item>
			<item>BooleanCountingFunction</item>
			<item>ByteCount</item>
			<item>BetaPrimeDistribution</item>
			<item>BooleanFunction</item>
			<item>ByteOrdering</item>
			<item>C</item>
			<item>C</item>
			<item>CityData</item>
			<item>ContinuousAction</item>
			<item>CallPacket</item>
			<item>Clear</item>
			<item>ContinuousTimeModelQ</item>
			<item>CanberraDistance</item>
			<item>ClearAll</item>
			<item>ContinuousWaveletData</item>
			<item>Cancel</item>
			<item>ClearAttributes</item>
			<item>ContinuousWaveletTransform</item>
			<item>CancelButton</item>
			<item>ClearSystemCache</item>
			<item>ContourDetect</item>
			<item>CandlestickChart</item>
			<item>ClebschGordan</item>
			<item>ContourLabels</item>
			<item>Cap</item>
			<item>ClickPane</item>
			<item>ContourPlot</item>
			<item>CapForm</item>
			<item>Clip</item>
			<item>ContourPlot3D</item>
			<item>CapitalDifferentialD</item>
			<item>ClippingStyle</item>
			<item>Contours</item>
			<item>CarmichaelLambda</item>
			<item>Clock</item>
			<item>ContourShading</item>
			<item>Cases</item>
			<item>Close</item>
			<item>ContourStyle</item>
			<item>Cashflow</item>
			<item>CloseKernels</item>
			<item>ContraharmonicMean</item>
			<item>Casoratian</item>
			<item>ClosenessCentrality</item>
			<item>Control</item>
			<item>Catalan</item>
			<item>Closing</item>
			<item>ControlActive</item>
			<item>CatalanNumber</item>
			<item>ClusteringComponents</item>
			<item>ControllabilityGramian</item>
			<item>Catch</item>
			<item>CMYKColor</item>
			<item>ControllabilityMatrix</item>
			<item>CauchyDistribution</item>
			<item>Coefficient</item>
			<item>ControllableDecomposition</item>
			<item>CayleyGraph</item>
			<item>CoefficientArrays</item>
			<item>ControllableModelQ</item>
			<item>CDF</item>
			<item>CoefficientList</item>
			<item>ControllerInformation</item>
			<item>CDFWavelet</item>
			<item>CoefficientRules</item>
			<item>ControllerLinking</item>
			<item>Ceiling</item>
			<item>CoifletWavelet</item>
			<item>ControllerManipulate</item>
			<item>Cell</item>
			<item>Collect</item>
			<item>ControllerMethod</item>
			<item>CellAutoOverwrite</item>
			<item>Colon</item>
			<item>ControllerPath</item>
			<item>CellBaseline</item>
			<item>ColorCombine</item>
			<item>ControllerState</item>
			<item>CellChangeTimes</item>
			<item>ColorConvert</item>
			<item>ControlPlacement</item>
			<item>CellContext</item>
			<item>ColorData</item>
			<item>ControlsRendering</item>
			<item>CellDingbat</item>
			<item>ColorDataFunction</item>
			<item>ControlType</item>
			<item>CellDynamicExpression</item>
			<item>ColorFunction</item>
			<item>Convergents</item>
			<item>CellEditDuplicate</item>
			<item>ColorFunctionScaling</item>
			<item>ConversionRules</item>
			<item>CellEpilog</item>
			<item>Colorize</item>
			<item>Convolve</item>
			<item>CellEvaluationDuplicate</item>
			<item>ColorNegate</item>
			<item>ConwayGroupCo1</item>
			<item>CellEvaluationFunction</item>
			<item>ColorQuantize</item>
			<item>ConwayGroupCo2</item>
			<item>CellEventActions</item>
			<item>ColorRules</item>
			<item>ConwayGroupCo3</item>
			<item>CellFrame</item>
			<item>ColorSeparate</item>
			<item>CoordinatesToolOptions</item>
			<item>CellFrameMargins</item>
			<item>ColorSetter</item>
			<item>CoprimeQ</item>
			<item>CellGroup</item>
			<item>ColorSlider</item>
			<item>Coproduct</item>
			<item>CellGroupData</item>
			<item>ColorSpace</item>
			<item>CopulaDistribution</item>
			<item>CellGrouping</item>
			<item>Column</item>
			<item>Copyable</item>
			<item>CellLabel</item>
			<item>ColumnAlignments</item>
			<item>CopyDirectory</item>
			<item>CellLabelAutoDelete</item>
			<item>ColumnLines</item>
			<item>CopyFile</item>
			<item>CellMargins</item>
			<item>ColumnsEqual</item>
			<item>CopyToClipboard</item>
			<item>CellOpen</item>
			<item>ColumnSpacings</item>
			<item>CornerFilter</item>
			<item>CellPrint</item>
			<item>ColumnWidths</item>
			<item>CornerNeighbors</item>
			<item>CellProlog</item>
			<item>Commonest</item>
			<item>Correlation</item>
			<item>CellTags</item>
			<item>CommonestFilter</item>
			<item>CorrelationDistance</item>
			<item>CellularAutomaton</item>
			<item>CompilationOptions</item>
			<item>Cos</item>
			<item>CensoredDistribution</item>
			<item>CompilationTarget</item>
			<item>Cosh</item>
			<item>Censoring</item>
			<item>Compile</item>
			<item>CoshIntegral</item>
			<item>Center</item>
			<item>Compiled</item>
			<item>CosineDistance</item>
			<item>CenterDot</item>
			<item>CompiledFunction</item>
			<item>CosIntegral</item>
			<item>CentralMoment</item>
			<item>Complement</item>
			<item>Cot</item>
			<item>CentralMomentGeneratingFunction</item>
			<item>CompleteGraph</item>
			<item>Coth</item>
			<item>CForm</item>
			<item>CompleteGraphQ</item>
			<item>Count</item>
			<item>ChampernowneNumber</item>
			<item>CompleteKaryTree</item>
			<item>CountRoots</item>
			<item>ChanVeseBinarize</item>
			<item>Complex</item>
			<item>CountryData</item>
			<item>Character</item>
			<item>Complexes</item>
			<item>Covariance</item>
			<item>CharacterEncoding</item>
			<item>ComplexExpand</item>
			<item>CovarianceEstimatorFunction</item>
			<item>CharacteristicFunction</item>
			<item>ComplexInfinity</item>
			<item>CramerVonMisesTest</item>
			<item>CharacteristicPolynomial</item>
			<item>ComplexityFunction</item>
			<item>CreateArchive</item>
			<item>CharacterRange</item>
			<item>ComponentMeasurements</item>
			<item>CreateDialog</item>
			<item>Characters</item>
			<item>ComposeList</item>
			<item>CreateDirectory</item>
			<item>ChartBaseStyle</item>
			<item>ComposeSeries</item>
			<item>CreateDocument</item>
			<item>ChartElementFunction</item>
			<item>Composition</item>
			<item>CreateIntermediateDirectories</item>
			<item>ChartElements</item>
			<item>CompoundExpression</item>
			<item>CreatePalette</item>
			<item>ChartLabels</item>
			<item>Compress</item>
			<item>CreateScheduledTask</item>
			<item>ChartLayout</item>
			<item>Condition</item>
			<item>CreateWindow</item>
			<item>ChartLegends</item>
			<item>ConditionalExpression</item>
			<item>CriticalSection</item>
			<item>ChartStyle</item>
			<item>Conditioned</item>
			<item>Cross</item>
			<item>ChebyshevT</item>
			<item>Cone</item>
			<item>CrossingDetect</item>
			<item>ChebyshevU</item>
			<item>ConfidenceLevel</item>
			<item>CrossMatrix</item>
			<item>Check</item>
			<item>Congruent</item>
			<item>Csc</item>
			<item>CheckAbort</item>
			<item>Conjugate</item>
			<item>Csch</item>
			<item>Checkbox</item>
			<item>ConjugateTranspose</item>
			<item>Cubics</item>
			<item>CheckboxBar</item>
			<item>Conjunction</item>
			<item>Cuboid</item>
			<item>ChemicalData</item>
			<item>ConnectedComponents</item>
			<item>Cumulant</item>
			<item>ChessboardDistance</item>
			<item>ConnectedGraphQ</item>
			<item>CumulantGeneratingFunction</item>
			<item>ChiDistribution</item>
			<item>ConoverTest</item>
			<item>Cup</item>
			<item>ChineseRemainder</item>
			<item>Constant</item>
			<item>CupCap</item>
			<item>ChiSquareDistribution</item>
			<item>ConstantArray</item>
			<item>CurrentImage</item>
			<item>ChoiceButtons</item>
			<item>Constants</item>
			<item>CurrentValue</item>
			<item>ChoiceDialog</item>
			<item>ContentPadding</item>
			<item>CurvatureFlowFilter</item>
			<item>CholeskyDecomposition</item>
			<item>ContentSelectable</item>
			<item>CurveClosed</item>
			<item>Chop</item>
			<item>ContentSize</item>
			<item>Cyan</item>
			<item>Circle</item>
			<item>Context</item>
			<item>CycleGraph</item>
			<item>CircleDot</item>
			<item>Contexts</item>
			<item>Cycles</item>
			<item>CircleMinus</item>
			<item>ContextToFileName</item>
			<item>CyclicGroup</item>
			<item>CirclePlus</item>
			<item>Continue</item>
			<item>Cyclotomic</item>
			<item>CircleTimes</item>
			<item>ContinuedFraction</item>
			<item>Cylinder</item>
			<item>CirculantGraph</item>
			<item>ContinuedFractionK</item>
			<item>CylindricalDecomposition</item>
			<item>D</item>
			<item>D</item>
			<item>DepthFirstScan</item>
			<item>DiskMatrix</item>
			<item>DagumDistribution</item>
			<item>Derivative</item>
			<item>Dispatch</item>
			<item>DamerauLevenshteinDistance</item>
			<item>DerivativeFilter</item>
			<item>DispersionEstimatorFunction</item>
			<item>Darker</item>
			<item>DesignMatrix</item>
			<item>DisplayAllSteps</item>
			<item>Dashed</item>
			<item>Det</item>
			<item>DisplayEndPacket</item>
			<item>Dashing</item>
			<item>DGaussianWavelet</item>
			<item>DisplayForm</item>
			<item>DataDistribution</item>
			<item>Diagonal</item>
			<item>DisplayFunction</item>
			<item>DataRange</item>
			<item>DiagonalMatrix</item>
			<item>DisplayPacket</item>
			<item>DataReversed</item>
			<item>Dialog</item>
			<item>DistanceFunction</item>
			<item>DateDifference</item>
			<item>DialogInput</item>
			<item>DistanceTransform</item>
			<item>DateFunction</item>
			<item>DialogNotebook</item>
			<item>Distribute</item>
			<item>DateList</item>
			<item>DialogProlog</item>
			<item>Distributed</item>
			<item>DateListLogPlot</item>
			<item>DialogReturn</item>
			<item>DistributedContexts</item>
			<item>DateListPlot</item>
			<item>DialogSymbols</item>
			<item>DistributeDefinitions</item>
			<item>DatePattern</item>
			<item>Diamond</item>
			<item>DistributionChart</item>
			<item>DatePlus</item>
			<item>DiamondMatrix</item>
			<item>DistributionFitTest</item>
			<item>DateString</item>
			<item>DiceDissimilarity</item>
			<item>DistributionParameterAssumptions</item>
			<item>DateTicksFormat</item>
			<item>DictionaryLookup</item>
			<item>DistributionParameterQ</item>
			<item>DaubechiesWavelet</item>
			<item>DifferenceDelta</item>
			<item>Divide</item>
			<item>DavisDistribution</item>
			<item>DifferenceRoot</item>
			<item>DivideBy</item>
			<item>DawsonF</item>
			<item>DifferenceRootReduce</item>
			<item>Dividers</item>
			<item>DeBruijnGraph</item>
			<item>Differences</item>
			<item>Divisible</item>
			<item>DeclarePackage</item>
			<item>DifferentialD</item>
			<item>Divisors</item>
			<item>Decompose</item>
			<item>DifferentialRoot</item>
			<item>DivisorSigma</item>
			<item>Decrement</item>
			<item>DifferentialRootReduce</item>
			<item>DivisorSum</item>
			<item>DedekindEta</item>
			<item>DigitBlock</item>
			<item>DMSList</item>
			<item>Default</item>
			<item>DigitCharacter</item>
			<item>DMSString</item>
			<item>DefaultAxesStyle</item>
			<item>DigitCount</item>
			<item>Do</item>
			<item>DefaultBaseStyle</item>
			<item>DigitQ</item>
			<item>DockedCells</item>
			<item>DefaultBoxStyle</item>
			<item>DihedralGroup</item>
			<item>DocumentNotebook</item>
			<item>DefaultButton</item>
			<item>Dilation</item>
			<item>Dot</item>
			<item>DefaultDuplicateCellStyle</item>
			<item>Dimensions</item>
			<item>DotDashed</item>
			<item>DefaultDuration</item>
			<item>DiracComb</item>
			<item>DotEqual</item>
			<item>DefaultElement</item>
			<item>DiracDelta</item>
			<item>Dotted</item>
			<item>DefaultFaceGridsStyle</item>
			<item>DirectedEdge</item>
			<item>DoubleBracketingBar</item>
			<item>DefaultFieldHintStyle</item>
			<item>DirectedEdges</item>
			<item>DoubleDownArrow</item>
			<item>DefaultFrameStyle</item>
			<item>DirectedGraph</item>
			<item>DoubleLeftArrow</item>
			<item>DefaultFrameTicksStyle</item>
			<item>DirectedGraphQ</item>
			<item>DoubleLeftRightArrow</item>
			<item>DefaultGridLinesStyle</item>
			<item>DirectedInfinity</item>
			<item>DoubleLongLeftArrow</item>
			<item>DefaultLabelStyle</item>
			<item>Direction</item>
			<item>DoubleLongLeftRightArrow</item>
			<item>DefaultMenuStyle</item>
			<item>Directive</item>
			<item>DoubleLongRightArrow</item>
			<item>DefaultNewCellStyle</item>
			<item>Directory</item>
			<item>DoubleRightArrow</item>
			<item>DefaultOptions</item>
			<item>DirectoryName</item>
			<item>DoubleUpArrow</item>
			<item>DefaultTicksStyle</item>
			<item>DirectoryQ</item>
			<item>DoubleUpDownArrow</item>
			<item>Defer</item>
			<item>DirectoryStack</item>
			<item>DoubleVerticalBar</item>
			<item>Definition</item>
			<item>DirichletCharacter</item>
			<item>DownArrow</item>
			<item>Degree</item>
			<item>DirichletConvolve</item>
			<item>DownArrowBar</item>
			<item>DegreeCentrality</item>
			<item>DirichletDistribution</item>
			<item>DownArrowUpArrow</item>
			<item>DegreeGraphDistribution</item>
			<item>DirichletL</item>
			<item>DownLeftRightVector</item>
			<item>Deinitialization</item>
			<item>DirichletTransform</item>
			<item>DownLeftTeeVector</item>
			<item>Del</item>
			<item>DiscreteConvolve</item>
			<item>DownLeftVector</item>
			<item>Deletable</item>
			<item>DiscreteDelta</item>
			<item>DownLeftVectorBar</item>
			<item>Delete</item>
			<item>DiscreteIndicator</item>
			<item>DownRightTeeVector</item>
			<item>DeleteBorderComponents</item>
			<item>DiscreteLQEstimatorGains</item>
			<item>DownRightVector</item>
			<item>DeleteCases</item>
			<item>DiscreteLQRegulatorGains</item>
			<item>DownRightVectorBar</item>
			<item>DeleteContents</item>
			<item>DiscreteLyapunovSolve</item>
			<item>DownTeeArrow</item>
			<item>DeleteDirectory</item>
			<item>DiscretePlot</item>
			<item>DownValues</item>
			<item>DeleteDuplicates</item>
			<item>DiscretePlot3D</item>
			<item>DragAndDrop</item>
			<item>DeleteFile</item>
			<item>DiscreteRatio</item>
			<item>Drop</item>
			<item>DeleteSmallComponents</item>
			<item>DiscreteRiccatiSolve</item>
			<item>DSolve</item>
			<item>Delimiter</item>
			<item>DiscreteShift</item>
			<item>Dt</item>
			<item>DelimiterFlashTime</item>
			<item>DiscreteTimeModelQ</item>
			<item>DualSystemsModel</item>
			<item>Denominator</item>
			<item>DiscreteUniformDistribution</item>
			<item>DumpSave</item>
			<item>DensityHistogram</item>
			<item>DiscreteWaveletData</item>
			<item>Dynamic</item>
			<item>DensityPlot</item>
			<item>DiscreteWaveletPacketTransform</item>
			<item>DynamicEvaluationTimeout</item>
			<item>DependentVariables</item>
			<item>DiscreteWaveletTransform</item>
			<item>DynamicModule</item>
			<item>Deploy</item>
			<item>Discriminant</item>
			<item>DynamicModuleValues</item>
			<item>Deployed</item>
			<item>Disjunction</item>
			<item>DynamicSetting</item>
			<item>Depth</item>
			<item>Disk</item>
			<item>DynamicWrapper</item>
			<item>E</item>
			<item>E</item>
			<item>End</item>
			<item>ExactNumberQ</item>
			<item>EdgeAdd</item>
			<item>EndDialogPacket</item>
			<item>ExampleData</item>
			<item>EdgeCount</item>
			<item>EndOfFile</item>
			<item>Except</item>
			<item>EdgeCoverQ</item>
			<item>EndOfLine</item>
			<item>ExcludedForms</item>
			<item>EdgeDelete</item>
			<item>EndOfString</item>
			<item>ExcludePods</item>
			<item>EdgeDetect</item>
			<item>EndPackage</item>
			<item>Exclusions</item>
			<item>EdgeForm</item>
			<item>EngineeringForm</item>
			<item>ExclusionsStyle</item>
			<item>EdgeIndex</item>
			<item>EnterExpressionPacket</item>
			<item>Exists</item>
			<item>EdgeLabeling</item>
			<item>EnterTextPacket</item>
			<item>Exit</item>
			<item>EdgeLabels</item>
			<item>Entropy</item>
			<item>Exp</item>
			<item>EdgeList</item>
			<item>EntropyFilter</item>
			<item>Expand</item>
			<item>EdgeQ</item>
			<item>Environment</item>
			<item>ExpandAll</item>
			<item>EdgeRenderingFunction</item>
			<item>Epilog</item>
			<item>ExpandDenominator</item>
			<item>EdgeRules</item>
			<item>Equal</item>
			<item>ExpandFileName</item>
			<item>EdgeShapeFunction</item>
			<item>EqualTilde</item>
			<item>ExpandNumerator</item>
			<item>EdgeStyle</item>
			<item>Equilibrium</item>
			<item>Expectation</item>
			<item>EdgeWeight</item>
			<item>Equivalent</item>
			<item>ExpGammaDistribution</item>
			<item>Editable</item>
			<item>Erf</item>
			<item>ExpIntegralE</item>
			<item>EditDistance</item>
			<item>Erfc</item>
			<item>ExpIntegralEi</item>
			<item>EffectiveInterest</item>
			<item>Erfi</item>
			<item>Exponent</item>
			<item>Eigensystem</item>
			<item>ErlangDistribution</item>
			<item>ExponentFunction</item>
			<item>Eigenvalues</item>
			<item>Erosion</item>
			<item>ExponentialDistribution</item>
			<item>EigenvectorCentrality</item>
			<item>ErrorBox</item>
			<item>ExponentialFamily</item>
			<item>Eigenvectors</item>
			<item>EstimatedDistribution</item>
			<item>ExponentialGeneratingFunction</item>
			<item>Element</item>
			<item>EstimatorGains</item>
			<item>ExponentialMovingAverage</item>
			<item>ElementData</item>
			<item>EstimatorRegulator</item>
			<item>ExponentialPowerDistribution</item>
			<item>Eliminate</item>
			<item>EuclideanDistance</item>
			<item>ExponentStep</item>
			<item>EllipticE</item>
			<item>EulerE</item>
			<item>Export</item>
			<item>EllipticExp</item>
			<item>EulerGamma</item>
			<item>ExportString</item>
			<item>EllipticExpPrime</item>
			<item>EulerianGraphQ</item>
			<item>Expression</item>
			<item>EllipticF</item>
			<item>EulerPhi</item>
			<item>ExpressionCell</item>
			<item>EllipticK</item>
			<item>Evaluatable</item>
			<item>ExpToTrig</item>
			<item>EllipticLog</item>
			<item>Evaluate</item>
			<item>ExtendedGCD</item>
			<item>EllipticNomeQ</item>
			<item>EvaluatePacket</item>
			<item>Extension</item>
			<item>EllipticPi</item>
			<item>EvaluationElements</item>
			<item>ExtentElementFunction</item>
			<item>EllipticTheta</item>
			<item>EvaluationMonitor</item>
			<item>ExtentMarkers</item>
			<item>EllipticThetaPrime</item>
			<item>EvaluationNotebook</item>
			<item>ExtentSize</item>
			<item>EmitSound</item>
			<item>EvaluationObject</item>
			<item>Extract</item>
			<item>EmpiricalDistribution</item>
			<item>Evaluator</item>
			<item>ExtractArchive</item>
			<item>EmptyGraphQ</item>
			<item>EvenQ</item>
			<item>ExtremeValueDistribution</item>
			<item>Enabled</item>
			<item>EventHandler</item>
			<item>Encode</item>
			<item>EventLabels</item>
			<item>F</item>
			<item>FaceForm</item>
			<item>FindFit</item>
			<item>FormBox</item>
			<item>FaceGrids</item>
			<item>FindGeneratingFunction</item>
			<item>FortranForm</item>
			<item>FaceGridsStyle</item>
			<item>FindGeoLocation</item>
			<item>Forward</item>
			<item>Factor</item>
			<item>FindGeometricTransform</item>
			<item>ForwardBackward</item>
			<item>Factorial</item>
			<item>FindGraphIsomorphism</item>
			<item>Fourier</item>
			<item>Factorial2</item>
			<item>FindHamiltonianCycle</item>
			<item>FourierCoefficient</item>
			<item>FactorialMoment</item>
			<item>FindIndependentEdgeSet</item>
			<item>FourierCosCoefficient</item>
			<item>FactorialMomentGeneratingFunction</item>
			<item>FindIndependentVertexSet</item>
			<item>FourierCosSeries</item>
			<item>FactorialPower</item>
			<item>FindInstance</item>
			<item>FourierCosTransform</item>
			<item>FactorInteger</item>
			<item>FindIntegerNullVector</item>
			<item>FourierDCT</item>
			<item>FactorList</item>
			<item>FindLibrary</item>
			<item>FourierDST</item>
			<item>FactorSquareFree</item>
			<item>FindLinearRecurrence</item>
			<item>FourierParameters</item>
			<item>FactorSquareFreeList</item>
			<item>FindList</item>
			<item>FourierSequenceTransform</item>
			<item>FactorTerms</item>
			<item>FindMaximum</item>
			<item>FourierSeries</item>
			<item>FactorTermsList</item>
			<item>FindMaxValue</item>
			<item>FourierSinCoefficient</item>
			<item>False</item>
			<item>FindMinimum</item>
			<item>FourierSinSeries</item>
			<item>FeedbackType</item>
			<item>FindMinValue</item>
			<item>FourierSinTransform</item>
			<item>Fibonacci</item>
			<item>FindPermutation</item>
			<item>FourierTransform</item>
			<item>FieldHint</item>
			<item>FindRoot</item>
			<item>FourierTrigSeries</item>
			<item>FieldHintStyle</item>
			<item>FindSequenceFunction</item>
			<item>FractionalPart</item>
			<item>FieldMasked</item>
			<item>FindShortestPath</item>
			<item>FractionBox</item>
			<item>FieldSize</item>
			<item>FindShortestTour</item>
			<item>Frame</item>
			<item>FileBaseName</item>
			<item>FindThreshold</item>
			<item>FrameBox</item>
			<item>FileByteCount</item>
			<item>FindVertexCover</item>
			<item>Framed</item>
			<item>FileDate</item>
			<item>FinishDynamic</item>
			<item>FrameLabel</item>
			<item>FileExistsQ</item>
			<item>FiniteAbelianGroupCount</item>
			<item>FrameMargins</item>
			<item>FileExtension</item>
			<item>FiniteGroupCount</item>
			<item>FrameStyle</item>
			<item>FileFormat</item>
			<item>FiniteGroupData</item>
			<item>FrameTicks</item>
			<item>FileHash</item>
			<item>First</item>
			<item>FrameTicksStyle</item>
			<item>FileNameDepth</item>
			<item>FischerGroupFi22</item>
			<item>FRatioDistribution</item>
			<item>FileNameDrop</item>
			<item>FischerGroupFi23</item>
			<item>FrechetDistribution</item>
			<item>FileNameJoin</item>
			<item>FischerGroupFi24Prime</item>
			<item>FreeQ</item>
			<item>FileNames</item>
			<item>FisherHypergeometricDistribution</item>
			<item>FresnelC</item>
			<item>FileNameSetter</item>
			<item>FisherRatioTest</item>
			<item>FresnelS</item>
			<item>FileNameSplit</item>
			<item>FisherZDistribution</item>
			<item>FrobeniusNumber</item>
			<item>FileNameTake</item>
			<item>Fit</item>
			<item>FrobeniusSolve</item>
			<item>FilePrint</item>
			<item>FittedModel</item>
			<item>FromCharacterCode</item>
			<item>FileType</item>
			<item>FixedPoint</item>
			<item>FromCoefficientRules</item>
			<item>FilledCurve</item>
			<item>FixedPointList</item>
			<item>FromContinuedFraction</item>
			<item>Filling</item>
			<item>Flat</item>
			<item>FromDigits</item>
			<item>FillingStyle</item>
			<item>Flatten</item>
			<item>FromDMS</item>
			<item>FillingTransform</item>
			<item>FlattenAt</item>
			<item>Front</item>
			<item>FilterRules</item>
			<item>FlipView</item>
			<item>FrontEndDynamicExpression</item>
			<item>FinancialBond</item>
			<item>Floor</item>
			<item>FrontEndEventActions</item>
			<item>FinancialData</item>
			<item>Fold</item>
			<item>FrontEndExecute</item>
			<item>FinancialDerivative</item>
			<item>FoldList</item>
			<item>FrontEndToken</item>
			<item>FinancialIndicator</item>
			<item>FontColor</item>
			<item>FrontEndTokenExecute</item>
			<item>Find</item>
			<item>FontFamily</item>
			<item>Full</item>
			<item>FindArgMax</item>
			<item>FontSize</item>
			<item>FullDefinition</item>
			<item>FindArgMin</item>
			<item>FontSlant</item>
			<item>FullForm</item>
			<item>FindClique</item>
			<item>FontSubstitutions</item>
			<item>FullGraphics</item>
			<item>FindClusters</item>
			<item>FontTracking</item>
			<item>FullSimplify</item>
			<item>FindCurvePath</item>
			<item>FontVariations</item>
			<item>Function</item>
			<item>FindDistributionParameters</item>
			<item>FontWeight</item>
			<item>FunctionExpand</item>
			<item>FindDivisions</item>
			<item>For</item>
			<item>FunctionInterpolation</item>
			<item>FindEdgeCover</item>
			<item>ForAll</item>
			<item>FunctionSpace</item>
			<item>FindEulerianCycle</item>
			<item>Format</item>
			<item>FindFile</item>
			<item>FormatType</item>
			<item>G</item>
			<item>GaborWavelet</item>
			<item>GeoPositionXYZ</item>
			<item>GraphStyle</item>
			<item>GainMargins</item>
			<item>GeoProjectionData</item>
			<item>GraphUnion</item>
			<item>GainPhaseMargins</item>
			<item>Get</item>
			<item>Gray</item>
			<item>Gamma</item>
			<item>Glaisher</item>
			<item>GrayLevel</item>
			<item>GammaDistribution</item>
			<item>Glow</item>
			<item>Greater</item>
			<item>GammaRegularized</item>
			<item>GoldenRatio</item>
			<item>GreaterEqual</item>
			<item>GapPenalty</item>
			<item>GompertzMakehamDistribution</item>
			<item>GreaterEqualLess</item>
			<item>Gather</item>
			<item>Goto</item>
			<item>GreaterFullEqual</item>
			<item>GatherBy</item>
			<item>Gradient</item>
			<item>GreaterGreater</item>
			<item>GaussianFilter</item>
			<item>GradientFilter</item>
			<item>GreaterLess</item>
			<item>GaussianIntegers</item>
			<item>Graph</item>
			<item>GreaterSlantEqual</item>
			<item>GaussianMatrix</item>
			<item>GraphCenter</item>
			<item>GreaterTilde</item>
			<item>GCD</item>
			<item>GraphComplement</item>
			<item>Green</item>
			<item>GegenbauerC</item>
			<item>GraphData</item>
			<item>Grid</item>
			<item>General</item>
			<item>GraphDiameter</item>
			<item>GridBox</item>
			<item>GeneralizedLinearModelFit</item>
			<item>GraphDifference</item>
			<item>GridDefaultElement</item>
			<item>GenerateConditions</item>
			<item>GraphDisjointUnion</item>
			<item>GridGraph</item>
			<item>GeneratedCell</item>
			<item>GraphDistance</item>
			<item>GridLines</item>
			<item>GeneratedParameters</item>
			<item>GraphDistanceMatrix</item>
			<item>GridLinesStyle</item>
			<item>GeneratingFunction</item>
			<item>GraphHighlight</item>
			<item>GroebnerBasis</item>
			<item>GenericCylindricalDecomposition</item>
			<item>GraphHighlightStyle</item>
			<item>GroupActionBase</item>
			<item>GenomeData</item>
			<item>Graphics</item>
			<item>GroupCentralizer</item>
			<item>GenomeLookup</item>
			<item>Graphics3D</item>
			<item>GroupElementPosition</item>
			<item>GeodesicDilation</item>
			<item>GraphicsColumn</item>
			<item>GroupElementQ</item>
			<item>GeodesicErosion</item>
			<item>GraphicsComplex</item>
			<item>GroupElements</item>
			<item>GeoDestination</item>
			<item>GraphicsGrid</item>
			<item>GroupGenerators</item>
			<item>GeodesyData</item>
			<item>GraphicsGroup</item>
			<item>GroupMultiplicationTable</item>
			<item>GeoDirection</item>
			<item>GraphicsRow</item>
			<item>GroupOrbits</item>
			<item>GeoDistance</item>
			<item>GraphIntersection</item>
			<item>GroupOrder</item>
			<item>GeoGridPosition</item>
			<item>GraphLayout</item>
			<item>GroupPageBreakWithin</item>
			<item>GeometricDistribution</item>
			<item>GraphPeriphery</item>
			<item>GroupSetwiseStabilizer</item>
			<item>GeometricMean</item>
			<item>GraphPlot</item>
			<item>GroupStabilizer</item>
			<item>GeometricMeanFilter</item>
			<item>GraphPlot3D</item>
			<item>GroupStabilizerChain</item>
			<item>GeometricTransformation</item>
			<item>GraphPower</item>
			<item>Gudermannian</item>
			<item>GeoPosition</item>
			<item>GraphQ</item>
			<item>GumbelDistribution</item>
			<item>GeoPositionENU</item>
			<item>GraphRadius</item>
			<item>H</item>
			<item>HaarWavelet</item>
			<item>HermitianMatrixQ</item>
			<item>Hue</item>
			<item>HalfNormalDistribution</item>
			<item>HessenbergDecomposition</item>
			<item>HumpDownHump</item>
			<item>HamiltonianGraphQ</item>
			<item>HexadecimalCharacter</item>
			<item>HumpEqual</item>
			<item>HammingDistance</item>
			<item>HighlightGraph</item>
			<item>HurwitzLerchPhi</item>
			<item>HankelH1</item>
			<item>HigmanSimsGroupHS</item>
			<item>HurwitzZeta</item>
			<item>HankelH2</item>
			<item>HilbertMatrix</item>
			<item>HyperbolicDistribution</item>
			<item>HankelMatrix</item>
			<item>Histogram</item>
			<item>HypercubeGraph</item>
			<item>HaradaNortonGroupHN</item>
			<item>Histogram3D</item>
			<item>Hyperfactorial</item>
			<item>HararyGraph</item>
			<item>HistogramDistribution</item>
			<item>Hypergeometric0F1</item>
			<item>HarmonicMean</item>
			<item>HistogramList</item>
			<item>Hypergeometric0F1Regularized</item>
			<item>HarmonicMeanFilter</item>
			<item>HitMissTransform</item>
			<item>Hypergeometric1F1</item>
			<item>HarmonicNumber</item>
			<item>HITSCentrality</item>
			<item>Hypergeometric1F1Regularized</item>
			<item>Hash</item>
			<item>Hold</item>
			<item>Hypergeometric2F1</item>
			<item>Haversine</item>
			<item>HoldAll</item>
			<item>Hypergeometric2F1Regularized</item>
			<item>HazardFunction</item>
			<item>HoldAllComplete</item>
			<item>HypergeometricDistribution</item>
			<item>Head</item>
			<item>HoldComplete</item>
			<item>HypergeometricPFQ</item>
			<item>Heads</item>
			<item>HoldFirst</item>
			<item>HypergeometricPFQRegularized</item>
			<item>HeavisideLambda</item>
			<item>HoldForm</item>
			<item>HypergeometricU</item>
			<item>HeavisidePi</item>
			<item>HoldPattern</item>
			<item>Hyperlink</item>
			<item>HeavisideTheta</item>
			<item>HoldRest</item>
			<item>Hyphenation</item>
			<item>HeldGroupHe</item>
			<item>HornerForm</item>
			<item>HypothesisTestData</item>
			<item>HermiteDecomposition</item>
			<item>HotellingTSquareDistribution</item>
			<item>HermiteH</item>
			<item>HoytDistribution</item>
			<item>I</item>
			<item>I</item>
			<item>ImportString</item>
			<item>Interrupt</item>
			<item>Identity</item>
			<item>In</item>
			<item>Intersection</item>
			<item>IdentityMatrix</item>
			<item>IncidenceGraph</item>
			<item>Interval</item>
			<item>If</item>
			<item>IncidenceMatrix</item>
			<item>IntervalIntersection</item>
			<item>IgnoreCase</item>
			<item>IncludeConstantBasis</item>
			<item>IntervalMemberQ</item>
			<item>Im</item>
			<item>IncludePods</item>
			<item>IntervalUnion</item>
			<item>Image</item>
			<item>Increment</item>
			<item>Inverse</item>
			<item>ImageAdd</item>
			<item>IndependentEdgeSetQ</item>
			<item>InverseBetaRegularized</item>
			<item>ImageAdjust</item>
			<item>IndependentVertexSetQ</item>
			<item>InverseCDF</item>
			<item>ImageAlign</item>
			<item>Indeterminate</item>
			<item>InverseChiSquareDistribution</item>
			<item>ImageApply</item>
			<item>IndexGraph</item>
			<item>InverseContinuousWaveletTransform</item>
			<item>ImageAspectRatio</item>
			<item>InexactNumberQ</item>
			<item>InverseDistanceTransform</item>
			<item>ImageAssemble</item>
			<item>Infinity</item>
			<item>InverseEllipticNomeQ</item>
			<item>ImageCapture</item>
			<item>Infix</item>
			<item>InverseErf</item>
			<item>ImageChannels</item>
			<item>Information</item>
			<item>InverseErfc</item>
			<item>ImageClip</item>
			<item>Inherited</item>
			<item>InverseFourier</item>
			<item>ImageColorSpace</item>
			<item>Initialization</item>
			<item>InverseFourierCosTransform</item>
			<item>ImageCompose</item>
			<item>InitializationCell</item>
			<item>InverseFourierSequenceTransform</item>
			<item>ImageConvolve</item>
			<item>Inner</item>
			<item>InverseFourierSinTransform</item>
			<item>ImageCooccurrence</item>
			<item>Inpaint</item>
			<item>InverseFourierTransform</item>
			<item>ImageCorrelate</item>
			<item>Input</item>
			<item>InverseFunction</item>
			<item>ImageCorrespondingPoints</item>
			<item>InputAliases</item>
			<item>InverseFunctions</item>
			<item>ImageCrop</item>
			<item>InputAssumptions</item>
			<item>InverseGammaDistribution</item>
			<item>ImageData</item>
			<item>InputAutoReplacements</item>
			<item>InverseGammaRegularized</item>
			<item>ImageDeconvolve</item>
			<item>InputField</item>
			<item>InverseGaussianDistribution</item>
			<item>ImageDifference</item>
			<item>InputForm</item>
			<item>InverseGudermannian</item>
			<item>ImageDimensions</item>
			<item>InputNamePacket</item>
			<item>InverseHaversine</item>
			<item>ImageEffect</item>
			<item>InputNotebook</item>
			<item>InverseJacobiCD</item>
			<item>ImageFilter</item>
			<item>InputPacket</item>
			<item>InverseJacobiCN</item>
			<item>ImageForestingComponents</item>
			<item>InputStream</item>
			<item>InverseJacobiCS</item>
			<item>ImageForwardTransformation</item>
			<item>InputString</item>
			<item>InverseJacobiDC</item>
			<item>ImageHistogram</item>
			<item>InputStringPacket</item>
			<item>InverseJacobiDN</item>
			<item>ImageKeypoints</item>
			<item>Insert</item>
			<item>InverseJacobiDS</item>
			<item>ImageLevels</item>
			<item>InsertResults</item>
			<item>InverseJacobiNC</item>
			<item>ImageLines</item>
			<item>Inset</item>
			<item>InverseJacobiND</item>
			<item>ImageMargins</item>
			<item>Install</item>
			<item>InverseJacobiNS</item>
			<item>ImageMultiply</item>
			<item>InstallService</item>
			<item>InverseJacobiSC</item>
			<item>ImagePad</item>
			<item>InString</item>
			<item>InverseJacobiSD</item>
			<item>ImagePadding</item>
			<item>Integer</item>
			<item>InverseJacobiSN</item>
			<item>ImagePartition</item>
			<item>IntegerDigits</item>
			<item>InverseLaplaceTransform</item>
			<item>ImagePerspectiveTransformation</item>
			<item>IntegerExponent</item>
			<item>InversePermutation</item>
			<item>ImageQ</item>
			<item>IntegerLength</item>
			<item>InverseRadon</item>
			<item>ImageReflect</item>
			<item>IntegerPart</item>
			<item>InverseSeries</item>
			<item>ImageResize</item>
			<item>IntegerPartitions</item>
			<item>InverseSurvivalFunction</item>
			<item>ImageResolution</item>
			<item>IntegerQ</item>
			<item>InverseWaveletTransform</item>
			<item>ImageRotate</item>
			<item>Integers</item>
			<item>InverseWeierstrassP</item>
			<item>ImageScaled</item>
			<item>IntegerString</item>
			<item>InverseZTransform</item>
			<item>ImageSize</item>
			<item>Integrate</item>
			<item>Invisible</item>
			<item>ImageSizeAction</item>
			<item>InteractiveTradingChart</item>
			<item>IrreduciblePolynomialQ</item>
			<item>ImageSizeMultipliers</item>
			<item>Interleaving</item>
			<item>IsolatingInterval</item>
			<item>ImageSubtract</item>
			<item>InternallyBalancedDecomposition</item>
			<item>IsomorphicGraphQ</item>
			<item>ImageTake</item>
			<item>InterpolatingFunction</item>
			<item>IsotopeData</item>
			<item>ImageTransformation</item>
			<item>InterpolatingPolynomial</item>
			<item>Italic</item>
			<item>ImageTrim</item>
			<item>Interpolation</item>
			<item>Item</item>
			<item>ImageType</item>
			<item>InterpolationOrder</item>
			<item>ItemAspectRatio</item>
			<item>ImageValue</item>
			<item>Interpretation</item>
			<item>ItemSize</item>
			<item>Implies</item>
			<item>InterpretationBox</item>
			<item>ItemStyle</item>
			<item>Import</item>
			<item>InterquartileRange</item>
			<item>J</item>
			<item>JaccardDissimilarity</item>
			<item>JacobiNS</item>
			<item>JankoGroupJ4</item>
			<item>JacobiAmplitude</item>
			<item>JacobiP</item>
			<item>JarqueBeraALMTest</item>
			<item>JacobiCD</item>
			<item>JacobiSC</item>
			<item>JohnsonDistribution</item>
			<item>JacobiCN</item>
			<item>JacobiSD</item>
			<item>Join</item>
			<item>JacobiCS</item>
			<item>JacobiSN</item>
			<item>Joined</item>
			<item>JacobiDC</item>
			<item>JacobiSymbol</item>
			<item>JoinedCurve</item>
			<item>JacobiDN</item>
			<item>JacobiZeta</item>
			<item>JoinForm</item>
			<item>JacobiDS</item>
			<item>JankoGroupJ1</item>
			<item>JordanDecomposition</item>
			<item>JacobiNC</item>
			<item>JankoGroupJ2</item>
			<item>JordanModelDecomposition</item>
			<item>JacobiND</item>
			<item>JankoGroupJ3</item>
			<item>K</item>
			<item>KagiChart</item>
			<item>KelvinKer</item>
			<item>KolmogorovSmirnovTest</item>
			<item>KalmanEstimator</item>
			<item>KernelMixtureDistribution</item>
			<item>KroneckerDelta</item>
			<item>KarhunenLoeveDecomposition</item>
			<item>KernelObject</item>
			<item>KroneckerProduct</item>
			<item>KaryTree</item>
			<item>Kernels</item>
			<item>KroneckerSymbol</item>
			<item>KatzCentrality</item>
			<item>Khinchin</item>
			<item>KuiperTest</item>
			<item>KCoreComponents</item>
			<item>KirchhoffGraph</item>
			<item>KumaraswamyDistribution</item>
			<item>KDistribution</item>
			<item>KirchhoffMatrix</item>
			<item>Kurtosis</item>
			<item>KelvinBei</item>
			<item>KleinInvariantJ</item>
			<item>KuwaharaFilter</item>
			<item>KelvinBer</item>
			<item>KnightTourGraph</item>
			<item>KelvinKei</item>
			<item>KnotData</item>
			<item>L</item>
			<item>Label</item>
			<item>LibraryFunction</item>
			<item>ListDensityPlot</item>
			<item>Labeled</item>
			<item>LibraryFunctionError</item>
			<item>ListInterpolation</item>
			<item>LabelingFunction</item>
			<item>LibraryFunctionInformation</item>
			<item>ListLineIntegralConvolutionPlot</item>
			<item>LabelStyle</item>
			<item>LibraryFunctionLoad</item>
			<item>ListLinePlot</item>
			<item>LaguerreL</item>
			<item>LibraryFunctionUnload</item>
			<item>ListLogLinearPlot</item>
			<item>LandauDistribution</item>
			<item>LibraryLoad</item>
			<item>ListLogLogPlot</item>
			<item>LanguageCategory</item>
			<item>LibraryUnload</item>
			<item>ListLogPlot</item>
			<item>LaplaceDistribution</item>
			<item>LiftingFilterData</item>
			<item>ListPlay</item>
			<item>LaplaceTransform</item>
			<item>LiftingWaveletTransform</item>
			<item>ListPlot</item>
			<item>LaplacianFilter</item>
			<item>LightBlue</item>
			<item>ListPlot3D</item>
			<item>LaplacianGaussianFilter</item>
			<item>LightBrown</item>
			<item>ListPointPlot3D</item>
			<item>Large</item>
			<item>LightCyan</item>
			<item>ListPolarPlot</item>
			<item>Larger</item>
			<item>Lighter</item>
			<item>ListStreamDensityPlot</item>
			<item>Last</item>
			<item>LightGray</item>
			<item>ListStreamPlot</item>
			<item>Latitude</item>
			<item>LightGreen</item>
			<item>ListSurfacePlot3D</item>
			<item>LatitudeLongitude</item>
			<item>Lighting</item>
			<item>ListVectorDensityPlot</item>
			<item>LatticeData</item>
			<item>LightingAngle</item>
			<item>ListVectorPlot</item>
			<item>LatticeReduce</item>
			<item>LightMagenta</item>
			<item>ListVectorPlot3D</item>
			<item>LaunchKernels</item>
			<item>LightOrange</item>
			<item>LocalizeVariables</item>
			<item>LayeredGraphPlot</item>
			<item>LightPink</item>
			<item>LocationEquivalenceTest</item>
			<item>LayerSizeFunction</item>
			<item>LightPurple</item>
			<item>LocationTest</item>
			<item>LCM</item>
			<item>LightRed</item>
			<item>Locator</item>
			<item>LeafCount</item>
			<item>LightYellow</item>
			<item>LocatorAutoCreate</item>
			<item>LeastSquares</item>
			<item>Likelihood</item>
			<item>LocatorPane</item>
			<item>Left</item>
			<item>Limit</item>
			<item>LocatorRegion</item>
			<item>LeftArrow</item>
			<item>LimitsPositioning</item>
			<item>Locked</item>
			<item>LeftArrowBar</item>
			<item>LindleyDistribution</item>
			<item>Log</item>
			<item>LeftArrowRightArrow</item>
			<item>Line</item>
			<item>Log10</item>
			<item>LeftDownTeeVector</item>
			<item>LinearFractionalTransform</item>
			<item>Log2</item>
			<item>LeftDownVector</item>
			<item>LinearModelFit</item>
			<item>LogBarnesG</item>
			<item>LeftDownVectorBar</item>
			<item>LinearOffsetFunction</item>
			<item>LogGamma</item>
			<item>LeftRightArrow</item>
			<item>LinearProgramming</item>
			<item>LogGammaDistribution</item>
			<item>LeftRightVector</item>
			<item>LinearRecurrence</item>
			<item>LogicalExpand</item>
			<item>LeftTeeArrow</item>
			<item>LinearSolve</item>
			<item>LogIntegral</item>
			<item>LeftTeeVector</item>
			<item>LinearSolveFunction</item>
			<item>LogisticDistribution</item>
			<item>LeftTriangle</item>
			<item>LineBreakChart</item>
			<item>LogitModelFit</item>
			<item>LeftTriangleBar</item>
			<item>LineGraph</item>
			<item>LogLikelihood</item>
			<item>LeftTriangleEqual</item>
			<item>LineIndent</item>
			<item>LogLinearPlot</item>
			<item>LeftUpDownVector</item>
			<item>LineIndentMaxFraction</item>
			<item>LogLogisticDistribution</item>
			<item>LeftUpTeeVector</item>
			<item>LineIntegralConvolutionPlot</item>
			<item>LogLogPlot</item>
			<item>LeftUpVector</item>
			<item>LineIntegralConvolutionScale</item>
			<item>LogNormalDistribution</item>
			<item>LeftUpVectorBar</item>
			<item>LineSpacing</item>
			<item>LogPlot</item>
			<item>LeftVector</item>
			<item>LinkClose</item>
			<item>LogSeriesDistribution</item>
			<item>LeftVectorBar</item>
			<item>LinkConnect</item>
			<item>Longest</item>
			<item>LegendAppearance</item>
			<item>LinkCreate</item>
			<item>LongestCommonSequence</item>
			<item>Legended</item>
			<item>LinkFunction</item>
			<item>LongestCommonSubsequence</item>
			<item>LegendreP</item>
			<item>LinkInterrupt</item>
			<item>Longitude</item>
			<item>LegendreQ</item>
			<item>LinkLaunch</item>
			<item>LongLeftArrow</item>
			<item>Length</item>
			<item>LinkObject</item>
			<item>LongLeftRightArrow</item>
			<item>LengthWhile</item>
			<item>LinkPatterns</item>
			<item>LongRightArrow</item>
			<item>LerchPhi</item>
			<item>LinkProtocol</item>
			<item>LoopFreeGraphQ</item>
			<item>Less</item>
			<item>LinkRead</item>
			<item>LowerCaseQ</item>
			<item>LessEqual</item>
			<item>LinkReadyQ</item>
			<item>LowerLeftArrow</item>
			<item>LessEqualGreater</item>
			<item>Links</item>
			<item>LowerRightArrow</item>
			<item>LessFullEqual</item>
			<item>LinkWrite</item>
			<item>LowerTriangularize</item>
			<item>LessGreater</item>
			<item>LiouvilleLambda</item>
			<item>LQEstimatorGains</item>
			<item>LessLess</item>
			<item>List</item>
			<item>LQGRegulator</item>
			<item>LessSlantEqual</item>
			<item>Listable</item>
			<item>LQOutputRegulatorGains</item>
			<item>LessTilde</item>
			<item>ListAnimate</item>
			<item>LQRegulatorGains</item>
			<item>LetterCharacter</item>
			<item>ListContourPlot</item>
			<item>LucasL</item>
			<item>LetterQ</item>
			<item>ListContourPlot3D</item>
			<item>LUDecomposition</item>
			<item>Level</item>
			<item>ListConvolve</item>
			<item>LyapunovSolve</item>
			<item>LeveneTest</item>
			<item>ListCorrelate</item>
			<item>LyonsGroupLy</item>
			<item>LeviCivitaTensor</item>
			<item>ListCurvePathPlot</item>
			<item>LevyDistribution</item>
			<item>ListDeconvolve</item>
			<item>M</item>
			<item>MachineNumberQ</item>
			<item>MaxDetect</item>
			<item>MinDetect</item>
			<item>MachinePrecision</item>
			<item>MaxExtraBandwidths</item>
			<item>MinFilter</item>
			<item>Magenta</item>
			<item>MaxExtraConditions</item>
			<item>MinimalPolynomial</item>
			<item>Magnification</item>
			<item>MaxFilter</item>
			<item>MinimalStateSpaceModel</item>
			<item>Magnify</item>
			<item>Maximize</item>
			<item>Minimize</item>
			<item>Majority</item>
			<item>MaxIterations</item>
			<item>Minors</item>
			<item>MakeBoxes</item>
			<item>MaxMemoryUsed</item>
			<item>MinStableDistribution</item>
			<item>MakeExpression</item>
			<item>MaxMixtureKernels</item>
			<item>Minus</item>
			<item>MangoldtLambda</item>
			<item>MaxPlotPoints</item>
			<item>MinusPlus</item>
			<item>ManhattanDistance</item>
			<item>MaxRecursion</item>
			<item>MinValue</item>
			<item>Manipulate</item>
			<item>MaxStableDistribution</item>
			<item>Missing</item>
			<item>Manipulator</item>
			<item>MaxStepFraction</item>
			<item>MixtureDistribution</item>
			<item>MannWhitneyTest</item>
			<item>MaxSteps</item>
			<item>Mod</item>
			<item>MantissaExponent</item>
			<item>MaxStepSize</item>
			<item>Modal</item>
			<item>Manual</item>
			<item>MaxValue</item>
			<item>ModularLambda</item>
			<item>Map</item>
			<item>MaxwellDistribution</item>
			<item>Module</item>
			<item>MapAll</item>
			<item>McLaughlinGroupMcL</item>
			<item>Modulus</item>
			<item>MapAt</item>
			<item>Mean</item>
			<item>MoebiusMu</item>
			<item>MapIndexed</item>
			<item>MeanDeviation</item>
			<item>Moment</item>
			<item>MapThread</item>
			<item>MeanFilter</item>
			<item>MomentConvert</item>
			<item>MarcumQ</item>
			<item>MeanShift</item>
			<item>MomentEvaluate</item>
			<item>MardiaCombinedTest</item>
			<item>MeanShiftFilter</item>
			<item>MomentGeneratingFunction</item>
			<item>MardiaKurtosisTest</item>
			<item>Median</item>
			<item>Monitor</item>
			<item>MardiaSkewnessTest</item>
			<item>MedianDeviation</item>
			<item>MonomialList</item>
			<item>MarginalDistribution</item>
			<item>MedianFilter</item>
			<item>MonsterGroupM</item>
			<item>Masking</item>
			<item>Medium</item>
			<item>MorletWavelet</item>
			<item>MatchingDissimilarity</item>
			<item>MeijerG</item>
			<item>MorphologicalBinarize</item>
			<item>MatchLocalNames</item>
			<item>MemberQ</item>
			<item>MorphologicalBranchPoints</item>
			<item>MatchQ</item>
			<item>MemoryConstrained</item>
			<item>MorphologicalComponents</item>
			<item>MathieuC</item>
			<item>MemoryInUse</item>
			<item>MorphologicalEulerNumber</item>
			<item>MathieuCharacteristicA</item>
			<item>MenuCommandKey</item>
			<item>MorphologicalGraph</item>
			<item>MathieuCharacteristicB</item>
			<item>MenuPacket</item>
			<item>MorphologicalPerimeter</item>
			<item>MathieuCharacteristicExponent</item>
			<item>MenuSortingValue</item>
			<item>MorphologicalTransform</item>
			<item>MathieuCPrime</item>
			<item>MenuStyle</item>
			<item>Most</item>
			<item>MathieuGroupM11</item>
			<item>MenuView</item>
			<item>MouseAnnotation</item>
			<item>MathieuGroupM12</item>
			<item>Mesh</item>
			<item>MouseAppearance</item>
			<item>MathieuGroupM22</item>
			<item>MeshFunctions</item>
			<item>Mouseover</item>
			<item>MathieuGroupM23</item>
			<item>MeshShading</item>
			<item>MousePosition</item>
			<item>MathieuGroupM24</item>
			<item>MeshStyle</item>
			<item>MovingAverage</item>
			<item>MathieuS</item>
			<item>Message</item>
			<item>MovingMedian</item>
			<item>MathieuSPrime</item>
			<item>MessageDialog</item>
			<item>MoyalDistribution</item>
			<item>MathMLForm</item>
			<item>MessageList</item>
			<item>MultiedgeStyle</item>
			<item>MatrixExp</item>
			<item>MessageName</item>
			<item>Multinomial</item>
			<item>MatrixForm</item>
			<item>MessagePacket</item>
			<item>MultinomialDistribution</item>
			<item>MatrixPlot</item>
			<item>Messages</item>
			<item>MultinormalDistribution</item>
			<item>MatrixPower</item>
			<item>Method</item>
			<item>MultiplicativeOrder</item>
			<item>MatrixQ</item>
			<item>MexicanHatWavelet</item>
			<item>MultivariateHypergeometricDistribution</item>
			<item>MatrixRank</item>
			<item>MeyerWavelet</item>
			<item>MultivariatePoissonDistribution</item>
			<item>Max</item>
			<item>Min</item>
			<item>MultivariateTDistribution</item>
			<item>N</item>
			<item>N</item>
			<item>NormalizedSquaredEuclideanDistance</item>
			<item>NotPrecedesSlantEqual</item>
			<item>NakagamiDistribution</item>
			<item>NormalsFunction</item>
			<item>NotPrecedesTilde</item>
			<item>NameQ</item>
			<item>NormFunction</item>
			<item>NotReverseElement</item>
			<item>Names</item>
			<item>Not</item>
			<item>NotRightTriangle</item>
			<item>Nand</item>
			<item>NotCongruent</item>
			<item>NotRightTriangleBar</item>
			<item>NArgMax</item>
			<item>NotCupCap</item>
			<item>NotRightTriangleEqual</item>
			<item>NArgMin</item>
			<item>NotDoubleVerticalBar</item>
			<item>NotSquareSubset</item>
			<item>NCache</item>
			<item>Notebook</item>
			<item>NotSquareSubsetEqual</item>
			<item>NDSolve</item>
			<item>NotebookApply</item>
			<item>NotSquareSuperset</item>
			<item>Nearest</item>
			<item>NotebookAutoSave</item>
			<item>NotSquareSupersetEqual</item>
			<item>NearestFunction</item>
			<item>NotebookClose</item>
			<item>NotSubset</item>
			<item>NeedlemanWunschSimilarity</item>
			<item>NotebookDelete</item>
			<item>NotSubsetEqual</item>
			<item>Needs</item>
			<item>NotebookDirectory</item>
			<item>NotSucceeds</item>
			<item>Negative</item>
			<item>NotebookDynamicExpression</item>
			<item>NotSucceedsEqual</item>
			<item>NegativeBinomialDistribution</item>
			<item>NotebookEvaluate</item>
			<item>NotSucceedsSlantEqual</item>
			<item>NegativeMultinomialDistribution</item>
			<item>NotebookEventActions</item>
			<item>NotSucceedsTilde</item>
			<item>NeighborhoodGraph</item>
			<item>NotebookFileName</item>
			<item>NotSuperset</item>
			<item>Nest</item>
			<item>NotebookFind</item>
			<item>NotSupersetEqual</item>
			<item>NestedGreaterGreater</item>
			<item>NotebookGet</item>
			<item>NotTilde</item>
			<item>NestedLessLess</item>
			<item>NotebookInformation</item>
			<item>NotTildeEqual</item>
			<item>NestList</item>
			<item>NotebookLocate</item>
			<item>NotTildeFullEqual</item>
			<item>NestWhile</item>
			<item>NotebookObject</item>
			<item>NotTildeTilde</item>
			<item>NestWhileList</item>
			<item>NotebookOpen</item>
			<item>NotVerticalBar</item>
			<item>NevilleThetaC</item>
			<item>NotebookPrint</item>
			<item>NProbability</item>
			<item>NevilleThetaD</item>
			<item>NotebookPut</item>
			<item>NProduct</item>
			<item>NevilleThetaN</item>
			<item>NotebookRead</item>
			<item>NRoots</item>
			<item>NevilleThetaS</item>
			<item>Notebooks</item>
			<item>NSolve</item>
			<item>NExpectation</item>
			<item>NotebookSave</item>
			<item>NSum</item>
			<item>NextPrime</item>
			<item>NotebookSelection</item>
			<item>Null</item>
			<item>NHoldAll</item>
			<item>NotebookWrite</item>
			<item>NullRecords</item>
			<item>NHoldFirst</item>
			<item>NotElement</item>
			<item>NullSpace</item>
			<item>NHoldRest</item>
			<item>NotEqualTilde</item>
			<item>NullWords</item>
			<item>NicholsGridLines</item>
			<item>NotExists</item>
			<item>Number</item>
			<item>NicholsPlot</item>
			<item>NotGreater</item>
			<item>NumberFieldClassNumber</item>
			<item>NIntegrate</item>
			<item>NotGreaterEqual</item>
			<item>NumberFieldDiscriminant</item>
			<item>NMaximize</item>
			<item>NotGreaterFullEqual</item>
			<item>NumberFieldFundamentalUnits</item>
			<item>NMaxValue</item>
			<item>NotGreaterGreater</item>
			<item>NumberFieldIntegralBasis</item>
			<item>NMinimize</item>
			<item>NotGreaterLess</item>
			<item>NumberFieldNormRepresentatives</item>
			<item>NMinValue</item>
			<item>NotGreaterSlantEqual</item>
			<item>NumberFieldRegulator</item>
			<item>NominalVariables</item>
			<item>NotGreaterTilde</item>
			<item>NumberFieldRootsOfUnity</item>
			<item>NoncentralBetaDistribution</item>
			<item>NotHumpDownHump</item>
			<item>NumberFieldSignature</item>
			<item>NoncentralChiSquareDistribution</item>
			<item>NotHumpEqual</item>
			<item>NumberForm</item>
			<item>NoncentralFRatioDistribution</item>
			<item>NotLeftTriangle</item>
			<item>NumberFormat</item>
			<item>NoncentralStudentTDistribution</item>
			<item>NotLeftTriangleBar</item>
			<item>NumberMarks</item>
			<item>NonCommutativeMultiply</item>
			<item>NotLeftTriangleEqual</item>
			<item>NumberMultiplier</item>
			<item>NonConstants</item>
			<item>NotLess</item>
			<item>NumberPadding</item>
			<item>None</item>
			<item>NotLessEqual</item>
			<item>NumberPoint</item>
			<item>NonlinearModelFit</item>
			<item>NotLessFullEqual</item>
			<item>NumberQ</item>
			<item>NonNegative</item>
			<item>NotLessGreater</item>
			<item>NumberSeparator</item>
			<item>NonPositive</item>
			<item>NotLessLess</item>
			<item>NumberSigns</item>
			<item>Nor</item>
			<item>NotLessSlantEqual</item>
			<item>NumberString</item>
			<item>NorlundB</item>
			<item>NotLessTilde</item>
			<item>Numerator</item>
			<item>Norm</item>
			<item>NotNestedGreaterGreater</item>
			<item>NumericFunction</item>
			<item>Normal</item>
			<item>NotNestedLessLess</item>
			<item>NumericQ</item>
			<item>NormalDistribution</item>
			<item>NotPrecedes</item>
			<item>NyquistGridLines</item>
			<item>Normalize</item>
			<item>NotPrecedesEqual</item>
			<item>NyquistPlot</item>
			<item>O</item>
			<item>O</item>
			<item>Operate</item>
			<item>OutputForm</item>
			<item>ObservabilityGramian</item>
			<item>OperatingSystem</item>
			<item>OutputNamePacket</item>
			<item>ObservabilityMatrix</item>
			<item>Optional</item>
			<item>OutputResponse</item>
			<item>ObservableDecomposition</item>
			<item>Options</item>
			<item>OutputSizeLimit</item>
			<item>ObservableModelQ</item>
			<item>OptionsPattern</item>
			<item>OutputStream</item>
			<item>OddQ</item>
			<item>OptionValue</item>
			<item>OverBar</item>
			<item>Off</item>
			<item>Or</item>
			<item>OverDot</item>
			<item>Offset</item>
			<item>Orange</item>
			<item>Overflow</item>
			<item>On</item>
			<item>Order</item>
			<item>OverHat</item>
			<item>ONanGroupON</item>
			<item>OrderDistribution</item>
			<item>Overlaps</item>
			<item>OneIdentity</item>
			<item>OrderedQ</item>
			<item>Overlay</item>
			<item>Opacity</item>
			<item>Ordering</item>
			<item>Overscript</item>
			<item>OpenAppend</item>
			<item>Orderless</item>
			<item>OverscriptBox</item>
			<item>Opener</item>
			<item>Orthogonalize</item>
			<item>OverTilde</item>
			<item>OpenerView</item>
			<item>Out</item>
			<item>OverVector</item>
			<item>Opening</item>
			<item>Outer</item>
			<item>OwenT</item>
			<item>OpenRead</item>
			<item>OutputControllabilityMatrix</item>
			<item>OwnValues</item>
			<item>OpenWrite</item>
			<item>OutputControllableModelQ</item>
			<item>P</item>
			<item>PackingMethod</item>
			<item>PermutationList</item>
			<item>PopupMenu</item>
			<item>PaddedForm</item>
			<item>PermutationListQ</item>
			<item>PopupView</item>
			<item>Padding</item>
			<item>PermutationMax</item>
			<item>PopupWindow</item>
			<item>PadeApproximant</item>
			<item>PermutationMin</item>
			<item>Position</item>
			<item>PadLeft</item>
			<item>PermutationOrder</item>
			<item>Positive</item>
			<item>PadRight</item>
			<item>PermutationPower</item>
			<item>PositiveDefiniteMatrixQ</item>
			<item>PageBreakAbove</item>
			<item>PermutationProduct</item>
			<item>PossibleZeroQ</item>
			<item>PageBreakBelow</item>
			<item>PermutationReplace</item>
			<item>Postfix</item>
			<item>PageBreakWithin</item>
			<item>Permutations</item>
			<item>Power</item>
			<item>PageFooters</item>
			<item>PermutationSupport</item>
			<item>PowerDistribution</item>
			<item>PageHeaders</item>
			<item>Permute</item>
			<item>PowerExpand</item>
			<item>PageRankCentrality</item>
			<item>PeronaMalikFilter</item>
			<item>PowerMod</item>
			<item>PageWidth</item>
			<item>PERTDistribution</item>
			<item>PowerModList</item>
			<item>PairedBarChart</item>
			<item>PetersenGraph</item>
			<item>PowersRepresentations</item>
			<item>PairedHistogram</item>
			<item>PhaseMargins</item>
			<item>PowerSymmetricPolynomial</item>
			<item>PairedTTest</item>
			<item>Pi</item>
			<item>PrecedenceForm</item>
			<item>PairedZTest</item>
			<item>Pick</item>
			<item>Precedes</item>
			<item>PaletteNotebook</item>
			<item>Piecewise</item>
			<item>PrecedesEqual</item>
			<item>Pane</item>
			<item>PiecewiseExpand</item>
			<item>PrecedesSlantEqual</item>
			<item>Panel</item>
			<item>PieChart</item>
			<item>PrecedesTilde</item>
			<item>Paneled</item>
			<item>PieChart3D</item>
			<item>Precision</item>
			<item>PaneSelector</item>
			<item>Pink</item>
			<item>PrecisionGoal</item>
			<item>ParabolicCylinderD</item>
			<item>PixelConstrained</item>
			<item>PreDecrement</item>
			<item>ParagraphIndent</item>
			<item>PixelValue</item>
			<item>PreemptProtect</item>
			<item>ParagraphSpacing</item>
			<item>Placed</item>
			<item>Prefix</item>
			<item>ParallelArray</item>
			<item>Placeholder</item>
			<item>PreIncrement</item>
			<item>ParallelCombine</item>
			<item>PlaceholderReplace</item>
			<item>Prepend</item>
			<item>ParallelDo</item>
			<item>Plain</item>
			<item>PrependTo</item>
			<item>ParallelEvaluate</item>
			<item>Play</item>
			<item>PreserveImageOptions</item>
			<item>Parallelization</item>
			<item>PlayRange</item>
			<item>PriceGraphDistribution</item>
			<item>Parallelize</item>
			<item>Plot</item>
			<item>Prime</item>
			<item>ParallelMap</item>
			<item>Plot3D</item>
			<item>PrimeNu</item>
			<item>ParallelNeeds</item>
			<item>PlotLabel</item>
			<item>PrimeOmega</item>
			<item>ParallelProduct</item>
			<item>PlotLayout</item>
			<item>PrimePi</item>
			<item>ParallelSubmit</item>
			<item>PlotMarkers</item>
			<item>PrimePowerQ</item>
			<item>ParallelSum</item>
			<item>PlotPoints</item>
			<item>PrimeQ</item>
			<item>ParallelTable</item>
			<item>PlotRange</item>
			<item>Primes</item>
			<item>ParallelTry</item>
			<item>PlotRangeClipping</item>
			<item>PrimeZetaP</item>
			<item>ParameterEstimator</item>
			<item>PlotRangePadding</item>
			<item>PrimitiveRoot</item>
			<item>ParameterMixtureDistribution</item>
			<item>PlotRegion</item>
			<item>PrincipalComponents</item>
			<item>ParametricPlot</item>
			<item>PlotStyle</item>
			<item>PrincipalValue</item>
			<item>ParametricPlot3D</item>
			<item>Plus</item>
			<item>Print</item>
			<item>ParentDirectory</item>
			<item>PlusMinus</item>
			<item>PrintingStyleEnvironment</item>
			<item>ParetoDistribution</item>
			<item>Pochhammer</item>
			<item>PrintTemporary</item>
			<item>Part</item>
			<item>PodStates</item>
			<item>Probability</item>
			<item>ParticleData</item>
			<item>PodWidth</item>
			<item>ProbabilityDistribution</item>
			<item>Partition</item>
			<item>Point</item>
			<item>ProbabilityPlot</item>
			<item>PartitionsP</item>
			<item>PointFigureChart</item>
			<item>ProbabilityScalePlot</item>
			<item>PartitionsQ</item>
			<item>PointSize</item>
			<item>ProbitModelFit</item>
			<item>PascalDistribution</item>
			<item>PoissonConsulDistribution</item>
			<item>Product</item>
			<item>PassEventsDown</item>
			<item>PoissonDistribution</item>
			<item>ProductDistribution</item>
			<item>PassEventsUp</item>
			<item>PolarAxes</item>
			<item>ProductLog</item>
			<item>Paste</item>
			<item>PolarAxesOrigin</item>
			<item>ProgressIndicator</item>
			<item>PasteButton</item>
			<item>PolarGridLines</item>
			<item>Projection</item>
			<item>Path</item>
			<item>PolarPlot</item>
			<item>Prolog</item>
			<item>PathGraph</item>
			<item>PolarTicks</item>
			<item>Properties</item>
			<item>PathGraphQ</item>
			<item>PoleZeroMarkers</item>
			<item>Property</item>
			<item>Pattern</item>
			<item>PolyaAeppliDistribution</item>
			<item>PropertyList</item>
			<item>PatternSequence</item>
			<item>PolyGamma</item>
			<item>PropertyValue</item>
			<item>PatternTest</item>
			<item>Polygon</item>
			<item>Proportion</item>
			<item>PauliMatrix</item>
			<item>PolyhedronData</item>
			<item>Proportional</item>
			<item>PaulWavelet</item>
			<item>PolyLog</item>
			<item>Protect</item>
			<item>Pause</item>
			<item>PolynomialExtendedGCD</item>
			<item>Protected</item>
			<item>PDF</item>
			<item>PolynomialGCD</item>
			<item>ProteinData</item>
			<item>PearsonChiSquareTest</item>
			<item>PolynomialLCM</item>
			<item>Pruning</item>
			<item>PearsonDistribution</item>
			<item>PolynomialMod</item>
			<item>PseudoInverse</item>
			<item>PerformanceGoal</item>
			<item>PolynomialQ</item>
			<item>Purple</item>
			<item>PermutationCycles</item>
			<item>PolynomialQuotient</item>
			<item>Put</item>
			<item>PermutationCyclesQ</item>
			<item>PolynomialQuotientRemainder</item>
			<item>PutAppend</item>
			<item>PermutationGroup</item>
			<item>PolynomialReduce</item>
			<item>PermutationLength</item>
			<item>PolynomialRemainder</item>
			<item>Q</item>
			<item>QBinomial</item>
			<item>QRDecomposition</item>
			<item>Quartiles</item>
			<item>QFactorial</item>
			<item>QuadraticIrrationalQ</item>
			<item>QuartileSkewness</item>
			<item>QGamma</item>
			<item>Quantile</item>
			<item>Quiet</item>
			<item>QHypergeometricPFQ</item>
			<item>QuantilePlot</item>
			<item>Quit</item>
			<item>QPochhammer</item>
			<item>Quartics</item>
			<item>Quotient</item>
			<item>QPolyGamma</item>
			<item>QuartileDeviation</item>
			<item>QuotientRemainder</item>
			<item>R</item>
			<item>RadicalBox</item>
			<item>RefreshRate</item>
			<item>RightArrowBar</item>
			<item>RadioButton</item>
			<item>RegionBinarize</item>
			<item>RightArrowLeftArrow</item>
			<item>RadioButtonBar</item>
			<item>RegionFunction</item>
			<item>RightCosetRepresentative</item>
			<item>Radon</item>
			<item>RegionPlot</item>
			<item>RightDownTeeVector</item>
			<item>RamanujanTau</item>
			<item>RegionPlot3D</item>
			<item>RightDownVector</item>
			<item>RamanujanTauL</item>
			<item>RegularExpression</item>
			<item>RightDownVectorBar</item>
			<item>RamanujanTauTheta</item>
			<item>Regularization</item>
			<item>RightTeeArrow</item>
			<item>RamanujanTauZ</item>
			<item>ReleaseHold</item>
			<item>RightTeeVector</item>
			<item>RandomChoice</item>
			<item>ReliefImage</item>
			<item>RightTriangle</item>
			<item>RandomComplex</item>
			<item>ReliefPlot</item>
			<item>RightTriangleBar</item>
			<item>RandomGraph</item>
			<item>Remove</item>
			<item>RightTriangleEqual</item>
			<item>RandomImage</item>
			<item>RemoveAlphaChannel</item>
			<item>RightUpDownVector</item>
			<item>RandomInteger</item>
			<item>RemoveProperty</item>
			<item>RightUpTeeVector</item>
			<item>RandomPermutation</item>
			<item>RemoveScheduledTask</item>
			<item>RightUpVector</item>
			<item>RandomPrime</item>
			<item>RenameDirectory</item>
			<item>RightUpVectorBar</item>
			<item>RandomReal</item>
			<item>RenameFile</item>
			<item>RightVector</item>
			<item>RandomSample</item>
			<item>RenkoChart</item>
			<item>RightVectorBar</item>
			<item>RandomVariate</item>
			<item>Repeated</item>
			<item>RogersTanimotoDissimilarity</item>
			<item>Range</item>
			<item>RepeatedNull</item>
			<item>Root</item>
			<item>RangeFilter</item>
			<item>Replace</item>
			<item>RootApproximant</item>
			<item>RankedMax</item>
			<item>ReplaceAll</item>
			<item>RootIntervals</item>
			<item>RankedMin</item>
			<item>ReplaceList</item>
			<item>RootLocusPlot</item>
			<item>Raster</item>
			<item>ReplacePart</item>
			<item>RootMeanSquare</item>
			<item>Rasterize</item>
			<item>ReplaceRepeated</item>
			<item>RootOfUnityQ</item>
			<item>RasterSize</item>
			<item>Resampling</item>
			<item>RootReduce</item>
			<item>Rational</item>
			<item>Rescale</item>
			<item>Roots</item>
			<item>Rationalize</item>
			<item>RescalingTransform</item>
			<item>RootSum</item>
			<item>Rationals</item>
			<item>ResetDirectory</item>
			<item>Rotate</item>
			<item>Ratios</item>
			<item>ResetScheduledTask</item>
			<item>RotateLabel</item>
			<item>RawBoxes</item>
			<item>Residue</item>
			<item>RotateLeft</item>
			<item>RawData</item>
			<item>Resolve</item>
			<item>RotateRight</item>
			<item>RayleighDistribution</item>
			<item>Rest</item>
			<item>RotationAction</item>
			<item>Re</item>
			<item>Resultant</item>
			<item>RotationMatrix</item>
			<item>Read</item>
			<item>ResumePacket</item>
			<item>RotationTransform</item>
			<item>ReadList</item>
			<item>Return</item>
			<item>Round</item>
			<item>ReadProtected</item>
			<item>ReturnExpressionPacket</item>
			<item>RoundingRadius</item>
			<item>Real</item>
			<item>ReturnPacket</item>
			<item>Row</item>
			<item>RealBlockDiagonalForm</item>
			<item>ReturnTextPacket</item>
			<item>RowAlignments</item>
			<item>RealDigits</item>
			<item>Reverse</item>
			<item>RowBox</item>
			<item>RealExponent</item>
			<item>ReverseBiorthogonalSplineWavelet</item>
			<item>RowLines</item>
			<item>Reals</item>
			<item>ReverseElement</item>
			<item>RowMinHeight</item>
			<item>Reap</item>
			<item>ReverseEquilibrium</item>
			<item>RowReduce</item>
			<item>Record</item>
			<item>ReverseGraph</item>
			<item>RowsEqual</item>
			<item>RecordLists</item>
			<item>ReverseUpEquilibrium</item>
			<item>RowSpacings</item>
			<item>RecordSeparators</item>
			<item>RevolutionAxis</item>
			<item>RSolve</item>
			<item>Rectangle</item>
			<item>RevolutionPlot3D</item>
			<item>RudvalisGroupRu</item>
			<item>RectangleChart</item>
			<item>RGBColor</item>
			<item>Rule</item>
			<item>RectangleChart3D</item>
			<item>RiccatiSolve</item>
			<item>RuleDelayed</item>
			<item>RecurrenceTable</item>
			<item>RiceDistribution</item>
			<item>Run</item>
			<item>Red</item>
			<item>RidgeFilter</item>
			<item>RunScheduledTask</item>
			<item>Reduce</item>
			<item>RiemannR</item>
			<item>RunThrough</item>
			<item>ReferenceLineStyle</item>
			<item>RiemannSiegelTheta</item>
			<item>RuntimeAttributes</item>
			<item>Refine</item>
			<item>RiemannSiegelZ</item>
			<item>RuntimeOptions</item>
			<item>ReflectionMatrix</item>
			<item>Riffle</item>
			<item>RussellRaoDissimilarity</item>
			<item>ReflectionTransform</item>
			<item>Right</item>
			<item>Refresh</item>
			<item>RightArrow</item>
			<item>S</item>
			<item>SameQ</item>
			<item>Sin</item>
			<item>StationaryWaveletPacketTransform</item>
			<item>SameTest</item>
			<item>Sinc</item>
			<item>StationaryWaveletTransform</item>
			<item>SampleDepth</item>
			<item>SinghMaddalaDistribution</item>
			<item>StatusArea</item>
			<item>SampledSoundFunction</item>
			<item>SingleLetterItalics</item>
			<item>StepMonitor</item>
			<item>SampledSoundList</item>
			<item>SingularValueDecomposition</item>
			<item>StieltjesGamma</item>
			<item>SampleRate</item>
			<item>SingularValueList</item>
			<item>StirlingS1</item>
			<item>SamplingPeriod</item>
			<item>SingularValuePlot</item>
			<item>StirlingS2</item>
			<item>SatisfiabilityCount</item>
			<item>Sinh</item>
			<item>StopScheduledTask</item>
			<item>SatisfiabilityInstances</item>
			<item>SinhIntegral</item>
			<item>StreamColorFunction</item>
			<item>SatisfiableQ</item>
			<item>SinIntegral</item>
			<item>StreamColorFunctionScaling</item>
			<item>Save</item>
			<item>SixJSymbol</item>
			<item>StreamDensityPlot</item>
			<item>SaveDefinitions</item>
			<item>Skeleton</item>
			<item>StreamPlot</item>
			<item>SawtoothWave</item>
			<item>SkeletonTransform</item>
			<item>StreamPoints</item>
			<item>Scale</item>
			<item>SkellamDistribution</item>
			<item>StreamPosition</item>
			<item>Scaled</item>
			<item>Skewness</item>
			<item>Streams</item>
			<item>ScalingFunctions</item>
			<item>SkewNormalDistribution</item>
			<item>StreamScale</item>
			<item>ScalingMatrix</item>
			<item>Skip</item>
			<item>StreamStyle</item>
			<item>ScalingTransform</item>
			<item>Slider</item>
			<item>String</item>
			<item>Scan</item>
			<item>Slider2D</item>
			<item>StringCases</item>
			<item>ScheduledTaskObject</item>
			<item>SlideView</item>
			<item>StringCount</item>
			<item>ScheduledTasks</item>
			<item>Slot</item>
			<item>StringDrop</item>
			<item>SchurDecomposition</item>
			<item>SlotSequence</item>
			<item>StringExpression</item>
			<item>ScientificForm</item>
			<item>Small</item>
			<item>StringForm</item>
			<item>ScreenStyleEnvironment</item>
			<item>SmallCircle</item>
			<item>StringFormat</item>
			<item>ScriptBaselineShifts</item>
			<item>Smaller</item>
			<item>StringFreeQ</item>
			<item>ScriptMinSize</item>
			<item>SmithWatermanSimilarity</item>
			<item>StringInsert</item>
			<item>ScriptSizeMultipliers</item>
			<item>SmoothDensityHistogram</item>
			<item>StringJoin</item>
			<item>Scrollbars</item>
			<item>SmoothHistogram</item>
			<item>StringLength</item>
			<item>ScrollPosition</item>
			<item>SmoothHistogram3D</item>
			<item>StringMatchQ</item>
			<item>Sec</item>
			<item>SmoothKernelDistribution</item>
			<item>StringPosition</item>
			<item>Sech</item>
			<item>SokalSneathDissimilarity</item>
			<item>StringQ</item>
			<item>SechDistribution</item>
			<item>Solve</item>
			<item>StringReplace</item>
			<item>SectorChart</item>
			<item>SolveAlways</item>
			<item>StringReplaceList</item>
			<item>SectorChart3D</item>
			<item>Sort</item>
			<item>StringReplacePart</item>
			<item>SectorOrigin</item>
			<item>SortBy</item>
			<item>StringReverse</item>
			<item>SectorSpacing</item>
			<item>Sound</item>
			<item>StringSkeleton</item>
			<item>SeedRandom</item>
			<item>SoundNote</item>
			<item>StringSplit</item>
			<item>Select</item>
			<item>SoundVolume</item>
			<item>StringTake</item>
			<item>Selectable</item>
			<item>Sow</item>
			<item>StringToStream</item>
			<item>SelectComponents</item>
			<item>Spacer</item>
			<item>StringTrim</item>
			<item>SelectedNotebook</item>
			<item>Spacings</item>
			<item>StructuredSelection</item>
			<item>SelectionAnimate</item>
			<item>Span</item>
			<item>StruveH</item>
			<item>SelectionCreateCell</item>
			<item>SpanFromAbove</item>
			<item>StruveL</item>
			<item>SelectionEvaluate</item>
			<item>SpanFromBoth</item>
			<item>Stub</item>
			<item>SelectionEvaluateCreateCell</item>
			<item>SpanFromLeft</item>
			<item>StudentTDistribution</item>
			<item>SelectionMove</item>
			<item>SparseArray</item>
			<item>Style</item>
			<item>SelfLoopStyle</item>
			<item>Speak</item>
			<item>StyleBox</item>
			<item>SemialgebraicComponentInstances</item>
			<item>Specularity</item>
			<item>StyleData</item>
			<item>SendMail</item>
			<item>SpellingCorrection</item>
			<item>StyleDefinitions</item>
			<item>Sequence</item>
			<item>Sphere</item>
			<item>Subfactorial</item>
			<item>SequenceAlignment</item>
			<item>SphericalBesselJ</item>
			<item>Subgraph</item>
			<item>SequenceHold</item>
			<item>SphericalBesselY</item>
			<item>SubMinus</item>
			<item>Series</item>
			<item>SphericalHankelH1</item>
			<item>SubPlus</item>
			<item>SeriesCoefficient</item>
			<item>SphericalHankelH2</item>
			<item>Subresultants</item>
			<item>SeriesData</item>
			<item>SphericalHarmonicY</item>
			<item>Subscript</item>
			<item>SessionTime</item>
			<item>SphericalPlot3D</item>
			<item>SubscriptBox</item>
			<item>Set</item>
			<item>SphericalRegion</item>
			<item>Subset</item>
			<item>SetAccuracy</item>
			<item>SpheroidalEigenvalue</item>
			<item>SubsetEqual</item>
			<item>SetAlphaChannel</item>
			<item>SpheroidalJoiningFactor</item>
			<item>Subsets</item>
			<item>SetAttributes</item>
			<item>SpheroidalPS</item>
			<item>SubStar</item>
			<item>SetDelayed</item>
			<item>SpheroidalPSPrime</item>
			<item>Subsuperscript</item>
			<item>SetDirectory</item>
			<item>SpheroidalQS</item>
			<item>SubsuperscriptBox</item>
			<item>SetFileDate</item>
			<item>SpheroidalQSPrime</item>
			<item>Subtract</item>
			<item>SetOptions</item>
			<item>SpheroidalRadialFactor</item>
			<item>SubtractFrom</item>
			<item>SetPrecision</item>
			<item>SpheroidalS1</item>
			<item>Succeeds</item>
			<item>SetProperty</item>
			<item>SpheroidalS1Prime</item>
			<item>SucceedsEqual</item>
			<item>SetSelectedNotebook</item>
			<item>SpheroidalS2</item>
			<item>SucceedsSlantEqual</item>
			<item>SetSharedFunction</item>
			<item>SpheroidalS2Prime</item>
			<item>SucceedsTilde</item>
			<item>SetSharedVariable</item>
			<item>Splice</item>
			<item>SuchThat</item>
			<item>SetStreamPosition</item>
			<item>SplineClosed</item>
			<item>Sum</item>
			<item>SetSystemOptions</item>
			<item>SplineDegree</item>
			<item>SumConvergence</item>
			<item>Setter</item>
			<item>SplineKnots</item>
			<item>SuperDagger</item>
			<item>SetterBar</item>
			<item>SplineWeights</item>
			<item>SuperMinus</item>
			<item>Setting</item>
			<item>Split</item>
			<item>SuperPlus</item>
			<item>Shallow</item>
			<item>SplitBy</item>
			<item>Superscript</item>
			<item>ShannonWavelet</item>
			<item>SpokenString</item>
			<item>SuperscriptBox</item>
			<item>ShapiroWilkTest</item>
			<item>Sqrt</item>
			<item>Superset</item>
			<item>Share</item>
			<item>SqrtBox</item>
			<item>SupersetEqual</item>
			<item>Sharpen</item>
			<item>Square</item>
			<item>SuperStar</item>
			<item>ShearingMatrix</item>
			<item>SquaredEuclideanDistance</item>
			<item>SurvivalDistribution</item>
			<item>ShearingTransform</item>
			<item>SquareFreeQ</item>
			<item>SurvivalFunction</item>
			<item>Short</item>
			<item>SquareIntersection</item>
			<item>SuspendPacket</item>
			<item>ShortDownArrow</item>
			<item>SquaresR</item>
			<item>SuzukiDistribution</item>
			<item>Shortest</item>
			<item>SquareSubset</item>
			<item>SuzukiGroupSuz</item>
			<item>ShortestPathFunction</item>
			<item>SquareSubsetEqual</item>
			<item>Switch</item>
			<item>ShortLeftArrow</item>
			<item>SquareSuperset</item>
			<item>Symbol</item>
			<item>ShortRightArrow</item>
			<item>SquareSupersetEqual</item>
			<item>SymbolName</item>
			<item>ShortUpArrow</item>
			<item>SquareUnion</item>
			<item>SymletWavelet</item>
			<item>Show</item>
			<item>SquareWave</item>
			<item>SymmetricGroup</item>
			<item>ShowAutoStyles</item>
			<item>StabilityMargins</item>
			<item>SymmetricMatrixQ</item>
			<item>ShowCellBracket</item>
			<item>StabilityMarginsStyle</item>
			<item>SymmetricPolynomial</item>
			<item>ShowCellLabel</item>
			<item>StableDistribution</item>
			<item>SymmetricReduction</item>
			<item>ShowCellTags</item>
			<item>Stack</item>
			<item>SynchronousInitialization</item>
			<item>ShowCursorTracker</item>
			<item>StackBegin</item>
			<item>SynchronousUpdating</item>
			<item>ShowGroupOpener</item>
			<item>StackComplete</item>
			<item>SyntaxInformation</item>
			<item>ShowPageBreaks</item>
			<item>StackInhibit</item>
			<item>SyntaxLength</item>
			<item>ShowSelection</item>
			<item>StandardDeviation</item>
			<item>SyntaxPacket</item>
			<item>ShowSpecialCharacters</item>
			<item>StandardDeviationFilter</item>
			<item>SyntaxQ</item>
			<item>ShowStringCharacters</item>
			<item>StandardForm</item>
			<item>SystemDialogInput</item>
			<item>ShrinkingDelay</item>
			<item>Standardize</item>
			<item>SystemInformation</item>
			<item>SiegelTheta</item>
			<item>Star</item>
			<item>SystemOpen</item>
			<item>SiegelTukeyTest</item>
			<item>StarGraph</item>
			<item>SystemOptions</item>
			<item>Sign</item>
			<item>StartingStepSize</item>
			<item>SystemsModelDelete</item>
			<item>Signature</item>
			<item>StartOfLine</item>
			<item>SystemsModelDimensions</item>
			<item>SignedRankTest</item>
			<item>StartOfString</item>
			<item>SystemsModelExtract</item>
			<item>SignificanceLevel</item>
			<item>StartScheduledTask</item>
			<item>SystemsModelFeedbackConnect</item>
			<item>SignPadding</item>
			<item>StateFeedbackGains</item>
			<item>SystemsModelLabels</item>
			<item>SignTest</item>
			<item>StateOutputEstimator</item>
			<item>SystemsModelOrder</item>
			<item>SimilarityRules</item>
			<item>StateResponse</item>
			<item>SystemsModelParallelConnect</item>
			<item>SimpleGraph</item>
			<item>StateSpaceModel</item>
			<item>SystemsModelSeriesConnect</item>
			<item>SimpleGraphQ</item>
			<item>StateSpaceRealization</item>
			<item>SystemsModelStateFeedbackConnect</item>
			<item>Simplify</item>
			<item>StateSpaceTransform</item>
			<item>T</item>
			<item>Table</item>
			<item>Tilde</item>
			<item>TraceOn</item>
			<item>TableAlignments</item>
			<item>TildeEqual</item>
			<item>TraceOriginal</item>
			<item>TableDepth</item>
			<item>TildeFullEqual</item>
			<item>TracePrint</item>
			<item>TableDirections</item>
			<item>TildeTilde</item>
			<item>TraceScan</item>
			<item>TableForm</item>
			<item>TimeConstrained</item>
			<item>TrackedSymbols</item>
			<item>TableHeadings</item>
			<item>TimeConstraint</item>
			<item>TradingChart</item>
			<item>TableSpacing</item>
			<item>Times</item>
			<item>TraditionalForm</item>
			<item>TabView</item>
			<item>TimesBy</item>
			<item>TransferFunctionCancel</item>
			<item>TagBox</item>
			<item>TimeUsed</item>
			<item>TransferFunctionExpand</item>
			<item>TaggingRules</item>
			<item>TimeValue</item>
			<item>TransferFunctionFactor</item>
			<item>TagSet</item>
			<item>TimeZone</item>
			<item>TransferFunctionModel</item>
			<item>TagSetDelayed</item>
			<item>Timing</item>
			<item>TransferFunctionPoles</item>
			<item>TagUnset</item>
			<item>Tiny</item>
			<item>TransferFunctionZeros</item>
			<item>Take</item>
			<item>TitsGroupT</item>
			<item>TransformationFunction</item>
			<item>TakeWhile</item>
			<item>ToBoxes</item>
			<item>TransformationFunctions</item>
			<item>Tally</item>
			<item>ToCharacterCode</item>
			<item>TransformationMatrix</item>
			<item>Tan</item>
			<item>ToContinuousTimeModel</item>
			<item>TransformedDistribution</item>
			<item>Tanh</item>
			<item>ToDiscreteTimeModel</item>
			<item>Translate</item>
			<item>TargetFunctions</item>
			<item>ToeplitzMatrix</item>
			<item>TranslationTransform</item>
			<item>TautologyQ</item>
			<item>ToExpression</item>
			<item>Transparent</item>
			<item>Temporary</item>
			<item>Together</item>
			<item>Transpose</item>
			<item>TeXForm</item>
			<item>Toggler</item>
			<item>TreeForm</item>
			<item>Text</item>
			<item>TogglerBar</item>
			<item>TreeGraph</item>
			<item>TextAlignment</item>
			<item>TokenWords</item>
			<item>TreeGraphQ</item>
			<item>TextCell</item>
			<item>Tolerance</item>
			<item>TreePlot</item>
			<item>TextClipboardType</item>
			<item>ToLowerCase</item>
			<item>TrendStyle</item>
			<item>TextData</item>
			<item>ToNumberField</item>
			<item>TriangleWave</item>
			<item>TextJustification</item>
			<item>Tooltip</item>
			<item>TriangularDistribution</item>
			<item>TextPacket</item>
			<item>TooltipDelay</item>
			<item>Trig</item>
			<item>TextRecognize</item>
			<item>Top</item>
			<item>TrigExpand</item>
			<item>Texture</item>
			<item>TopHatTransform</item>
			<item>TrigFactor</item>
			<item>TextureCoordinateFunction</item>
			<item>TopologicalSort</item>
			<item>TrigFactorList</item>
			<item>TextureCoordinateScaling</item>
			<item>ToRadicals</item>
			<item>Trigger</item>
			<item>Therefore</item>
			<item>ToRules</item>
			<item>TrigReduce</item>
			<item>Thick</item>
			<item>ToString</item>
			<item>TrigToExp</item>
			<item>Thickness</item>
			<item>Total</item>
			<item>TrimmedMean</item>
			<item>Thin</item>
			<item>TotalVariationFilter</item>
			<item>True</item>
			<item>Thinning</item>
			<item>TotalWidth</item>
			<item>TrueQ</item>
			<item>ThompsonGroupTh</item>
			<item>ToUpperCase</item>
			<item>TruncatedDistribution</item>
			<item>Thread</item>
			<item>Tr</item>
			<item>TTest</item>
			<item>ThreeJSymbol</item>
			<item>Trace</item>
			<item>Tube</item>
			<item>Threshold</item>
			<item>TraceAbove</item>
			<item>TukeyLambdaDistribution</item>
			<item>Through</item>
			<item>TraceBackward</item>
			<item>Tuples</item>
			<item>Throw</item>
			<item>TraceDepth</item>
			<item>TuranGraph</item>
			<item>Thumbnail</item>
			<item>TraceDialog</item>
			<item>TuringMachine</item>
			<item>Ticks</item>
			<item>TraceForward</item>
			<item>TicksStyle</item>
			<item>TraceOff</item>
			<item>U</item>
			<item>Uncompress</item>
			<item>UniformSumDistribution</item>
			<item>UpArrowBar</item>
			<item>Undefined</item>
			<item>Uninstall</item>
			<item>UpArrowDownArrow</item>
			<item>UnderBar</item>
			<item>Union</item>
			<item>Update</item>
			<item>Underflow</item>
			<item>UnionPlus</item>
			<item>UpdateInterval</item>
			<item>Underlined</item>
			<item>Unique</item>
			<item>UpDownArrow</item>
			<item>Underoverscript</item>
			<item>UnitBox</item>
			<item>UpEquilibrium</item>
			<item>UnderoverscriptBox</item>
			<item>Unitize</item>
			<item>UpperCaseQ</item>
			<item>Underscript</item>
			<item>UnitStep</item>
			<item>UpperLeftArrow</item>
			<item>UnderscriptBox</item>
			<item>UnitTriangle</item>
			<item>UpperRightArrow</item>
			<item>UndirectedEdge</item>
			<item>UnitVector</item>
			<item>UpperTriangularize</item>
			<item>UndirectedGraph</item>
			<item>Unprotect</item>
			<item>UpSet</item>
			<item>UndirectedGraphQ</item>
			<item>UnsameQ</item>
			<item>UpSetDelayed</item>
			<item>Unequal</item>
			<item>UnsavedVariables</item>
			<item>UpTeeArrow</item>
			<item>Unevaluated</item>
			<item>Unset</item>
			<item>UpValues</item>
			<item>UniformDistribution</item>
			<item>UnsetShared</item>
			<item>UsingFrontEnd</item>
			<item>UniformGraphDistribution</item>
			<item>UpArrow</item>
			<item>V</item>
			<item>ValidationLength</item>
			<item>VertexAdd</item>
			<item>VertexReplace</item>
			<item>ValueQ</item>
			<item>VertexColors</item>
			<item>VertexShape</item>
			<item>Variables</item>
			<item>VertexComponent</item>
			<item>VertexShapeFunction</item>
			<item>Variance</item>
			<item>VertexCoordinateRules</item>
			<item>VertexSize</item>
			<item>VarianceEquivalenceTest</item>
			<item>VertexCoordinates</item>
			<item>VertexStyle</item>
			<item>VarianceEstimatorFunction</item>
			<item>VertexCount</item>
			<item>VertexTextureCoordinates</item>
			<item>VarianceTest</item>
			<item>VertexCoverQ</item>
			<item>VertexWeight</item>
			<item>VectorAngle</item>
			<item>VertexDegree</item>
			<item>VerticalBar</item>
			<item>VectorColorFunction</item>
			<item>VertexDelete</item>
			<item>VerticalSeparator</item>
			<item>VectorColorFunctionScaling</item>
			<item>VertexEccentricity</item>
			<item>VerticalSlider</item>
			<item>VectorDensityPlot</item>
			<item>VertexInComponent</item>
			<item>VerticalTilde</item>
			<item>VectorPlot</item>
			<item>VertexInDegree</item>
			<item>ViewAngle</item>
			<item>VectorPlot3D</item>
			<item>VertexIndex</item>
			<item>ViewCenter</item>
			<item>VectorPoints</item>
			<item>VertexLabeling</item>
			<item>ViewMatrix</item>
			<item>VectorQ</item>
			<item>VertexLabels</item>
			<item>ViewPoint</item>
			<item>VectorScale</item>
			<item>VertexList</item>
			<item>ViewRange</item>
			<item>VectorStyle</item>
			<item>VertexNormals</item>
			<item>ViewVector</item>
			<item>Vee</item>
			<item>VertexOutComponent</item>
			<item>ViewVertical</item>
			<item>Verbatim</item>
			<item>VertexOutDegree</item>
			<item>Visible</item>
			<item>VerifyConvergence</item>
			<item>VertexQ</item>
			<item>VonMisesDistribution</item>
			<item>VerifyTestAssumptions</item>
			<item>VertexRenderingFunction</item>
			<item>W</item>
			<item>WaitAll</item>
			<item>WeierstrassHalfPeriods</item>
			<item>WindowFloating</item>
			<item>WaitNext</item>
			<item>WeierstrassInvariants</item>
			<item>WindowFrame</item>
			<item>WakebyDistribution</item>
			<item>WeierstrassP</item>
			<item>WindowMargins</item>
			<item>WalleniusHypergeometricDistribution</item>
			<item>WeierstrassPPrime</item>
			<item>WindowMovable</item>
			<item>WaringYuleDistribution</item>
			<item>WeierstrassSigma</item>
			<item>WindowOpacity</item>
			<item>WatershedComponents</item>
			<item>WeierstrassZeta</item>
			<item>WindowSize</item>
			<item>WatsonUSquareTest</item>
			<item>WeightedAdjacencyGraph</item>
			<item>WindowStatusArea</item>
			<item>WattsStrogatzGraphDistribution</item>
			<item>WeightedAdjacencyMatrix</item>
			<item>WindowTitle</item>
			<item>WaveletBestBasis</item>
			<item>WeightedGraphQ</item>
			<item>WindowToolbars</item>
			<item>WaveletFilterCoefficients</item>
			<item>Weights</item>
			<item>With</item>
			<item>WaveletImagePlot</item>
			<item>WheelGraph</item>
			<item>WolframAlpha</item>
			<item>WaveletListPlot</item>
			<item>Which</item>
			<item>Word</item>
			<item>WaveletMapIndexed</item>
			<item>While</item>
			<item>WordBoundary</item>
			<item>WaveletMatrixPlot</item>
			<item>White</item>
			<item>WordCharacter</item>
			<item>WaveletPhi</item>
			<item>Whitespace</item>
			<item>WordData</item>
			<item>WaveletPsi</item>
			<item>WhitespaceCharacter</item>
			<item>WordSearch</item>
			<item>WaveletScale</item>
			<item>WhittakerM</item>
			<item>WordSeparators</item>
			<item>WaveletScalogram</item>
			<item>WhittakerW</item>
			<item>WorkingPrecision</item>
			<item>WaveletThreshold</item>
			<item>WienerFilter</item>
			<item>Write</item>
			<item>WeatherData</item>
			<item>WignerD</item>
			<item>WriteString</item>
			<item>WeberE</item>
			<item>WignerSemicircleDistribution</item>
			<item>Wronskian</item>
			<item>Wedge</item>
			<item>WindowClickSelect</item>
			<item>WeibullDistribution</item>
			<item>WindowElements</item>
			<item>X</item>
			<item>XMLElement</item>
			<item>Xnor</item>
			<item>XMLObject</item>
			<item>Xor</item>
			<item>Y</item>
			<item>Yellow</item>
			<item>YuleDissimilarity</item>
			<item>Z</item>
			<item>ZernikeR</item>
			<item>ZetaZero</item>
			<item>ZTransform</item>
			<item>ZeroTest</item>
			<item>ZipfDistribution</item>
			<item>Zeta</item>
			<item>ZTest</item>
			<item>$</item>
			<item>$Aborted</item>
			<item>$Inspector</item>
			<item>$OutputSizeLimit</item>
			<item>$AssertFunction</item>
			<item>$InstallationDirectory</item>
			<item>$Packages</item>
			<item>$Assumptions</item>
			<item>$IterationLimit</item>
			<item>$ParentLink</item>
			<item>$BaseDirectory</item>
			<item>$KernelCount</item>
			<item>$ParentProcessID</item>
			<item>$BatchInput</item>
			<item>$KernelID</item>
			<item>$Path</item>
			<item>$BatchOutput</item>
			<item>$Language</item>
			<item>$PathnameSeparator</item>
			<item>$ByteOrdering</item>
			<item>$LibraryPath</item>
			<item>$PerformanceGoal</item>
			<item>$Canceled</item>
			<item>$LicenseExpirationDate</item>
			<item>$Post</item>
			<item>$CharacterEncoding</item>
			<item>$LicenseID</item>
			<item>$Pre</item>
			<item>$CharacterEncodings</item>
			<item>$LicenseServer</item>
			<item>$PrePrint</item>
			<item>$CommandLine</item>
			<item>$Line</item>
			<item>$PreRead</item>
			<item>$CompilationTarget</item>
			<item>$Linked</item>
			<item>$ProcessID</item>
			<item>$ConfiguredKernels</item>
			<item>$MachineAddresses</item>
			<item>$ProcessorCount</item>
			<item>$Context</item>
			<item>$MachineDomains</item>
			<item>$ProcessorType</item>
			<item>$ContextPath</item>
			<item>$MachineEpsilon</item>
			<item>$RecursionLimit</item>
			<item>$ControlActiveSetting</item>
			<item>$MachineID</item>
			<item>$ReleaseNumber</item>
			<item>$CreationDate</item>
			<item>$MachineName</item>
			<item>$RootDirectory</item>
			<item>$CurrentLink</item>
			<item>$MachinePrecision</item>
			<item>$ScheduledTask</item>
			<item>$DateStringFormat</item>
			<item>$MachineType</item>
			<item>$ScriptCommandLine</item>
			<item>$DefaultImagingDevice</item>
			<item>$MaxExtraPrecision</item>
			<item>$SessionID</item>
			<item>$Display</item>
			<item>$MaxMachineNumber</item>
			<item>$SharedFunctions</item>
			<item>$DisplayFunction</item>
			<item>$MaxNumber</item>
			<item>$SharedVariables</item>
			<item>$DistributedContexts</item>
			<item>$MaxPiecewiseCases</item>
			<item>$SoundDisplayFunction</item>
			<item>$DynamicEvaluation</item>
			<item>$MaxPrecision</item>
			<item>$SyntaxHandler</item>
			<item>$Echo</item>
			<item>$MaxRootDegree</item>
			<item>$System</item>
			<item>$Epilog</item>
			<item>$MessageGroups</item>
			<item>$SystemCharacterEncoding</item>
			<item>$ExportFormats</item>
			<item>$MessageList</item>
			<item>$SystemID</item>
			<item>$Failed</item>
			<item>$MessagePrePrint</item>
			<item>$SystemWordLength</item>
			<item>$FrontEnd</item>
			<item>$Messages</item>
			<item>$TemporaryDirectory</item>
			<item>$FrontEndSession</item>
			<item>$MinMachineNumber</item>
			<item>$TimedOut</item>
			<item>$GeoLocation</item>
			<item>$MinNumber</item>
			<item>$TimeUnit</item>
			<item>$HistoryLength</item>
			<item>$MinPrecision</item>
			<item>$TimeZone</item>
			<item>$HomeDirectory</item>
			<item>$ModuleNumber</item>
			<item>$Urgent</item>
			<item>$IgnoreEOF</item>
			<item>$NewMessage</item>
			<item>$UserBaseDirectory</item>
			<item>$ImagingDevices</item>
			<item>$NewSymbol</item>
			<item>$UserDocumentsDirectory</item>
			<item>$ImportFormats</item>
			<item>$Notebooks</item>
			<item>$UserName</item>
			<item>$InitialDirectory</item>
			<item>$NumberMarks</item>
			<item>$Version</item>
			<item>$Input</item>
			<item>$OperatingSystem</item>
			<item>$VersionNumber</item>
			<item>$InputFileName</item>
			<item>$Output</item>
		</list>
	</highlighting>
	<general>
		<keywords casesensitive="0" weakDeliminator="-%" />
		<comments>
			<comment end="*)" name="multiLine" start="(*" />
		</comments>
	</general>
</language>
