<?xml version="1.0" encoding="UTF-8"?>
<!-- read from /usr/share/katepart5/syntax/matlab.xml at 26/06/15 21:52:58 CEST -->
<language casesensitive="1" extensions="*.m;*.M" kateversion="2.2" mimetype="text/mfile" name="Matlab" section="Scientific" version="1.31">
	<highlighting>
		<contexts>
			<context attribute="Normal Text" lineEndContext="#stay" name="_normal">
				<RegExpr String="[a-zA-Z]\w*(?=')" attribute="Variable" context="_adjoint" />
				<RegExpr String="(\d+(\.\d+)?|\.\d+)([eE][+-]?\d+)?[ij]?(?=')" attribute="Number" context="_adjoint" />
				<RegExpr String="[\)\]}](?=')" attribute="Delimiter" context="_adjoint" />
				<RegExpr String="\.'(?=')" attribute="Operator" context="_adjoint" />
				<RegExpr String="'[^']*(''[^']*)*'(?=[^']|$)" attribute="String" context="#stay" />
				<RegExpr String="'[^']*(''[^']*)*" attribute="Incomplete String" context="#stay" />
				<keyword String="KeywordsList" attribute="Keyword" context="#stay" />
				<RegExpr String="%.*$" attribute="Comment" context="#stay" />
				<RegExpr String="!.*$" attribute="System" context="#stay" />
				<RegExpr String="[a-zA-Z]\w*" attribute="Variable" context="#stay" />
				<RegExpr String="(\d+(\.\d+)?|\.\d+)([eE][+-]?\d+)?[ij]?" attribute="Number" context="#stay" />
				<AnyChar String="()[]{}" attribute="Delimiter" context="#stay" />
				<StringDetect String="..." attribute="Operator" context="#stay" />
				<StringDetect String="==" attribute="Operator" context="#stay" />
				<StringDetect String="~=" attribute="Operator" context="#stay" />
				<StringDetect String="&lt;=" attribute="Operator" context="#stay" />
				<StringDetect String="&gt;=" attribute="Operator" context="#stay" />
				<StringDetect String="&amp;&amp;" attribute="Operator" context="#stay" />
				<StringDetect String="||" attribute="Operator" context="#stay" />
				<StringDetect String=".*" attribute="Operator" context="#stay" />
				<StringDetect String=".^" attribute="Operator" context="#stay" />
				<StringDetect String="./" attribute="Operator" context="#stay" />
				<StringDetect String=".'" attribute="Operator" context="#stay" />
				<AnyChar String="*+-/\&amp;|&lt;&gt;~^=,;:@" attribute="Operator" context="#stay" />
			</context>
			<context attribute="Operator" lineEndContext="#pop" name="_adjoint">
				<RegExpr String="'+" attribute="Operator" context="#pop" />
			</context>
		</contexts>
		<itemDatas>
			<itemData defStyleNum="dsNormal" name="Normal Text" />
			<itemData defStyleNum="dsNormal" name="Variable" />
			<itemData defStyleNum="dsNormal" name="Operator" />
			<itemData defStyleNum="dsFloat" name="Number" />
			<itemData defStyleNum="dsNormal" name="Delimiter" />
			<itemData name="String" defStyleNum="dsString" />
			<itemData name="System" defStyleNum="dsBaseN" />
			<itemData name="Incomplete String" defStyleNum="dsSpecialString" />
			<itemData name="Keyword" defStyleNum="dsKeyword" />
			<itemData name="Comment" defStyleNum="dsComment" />
		</itemDatas>
		<list name="KeywordsList">
			<item> break </item>
			<item> case </item>
			<item> catch </item>
			<item> classdef </item>
			<item> continue </item>
			<item> else </item>
			<item> elseif </item>
			<item> end </item>
			<item> for </item>
			<item> function </item>
			<item> global </item>
			<item> if </item>
			<item> otherwise </item>
			<item> parfor </item>
			<item> persistent </item>
			<item> return </item>
			<item> spmd </item>
			<item> switch </item>
			<item> try </item>
			<item> while </item>
			<item> methods </item>
			<item> properties </item>
			<item> events </item>
		</list>
	</highlighting>
	<general>
		<comments>
			<comment name="singleLine" start="% " />
		</comments>
		<keywords casesensitive="1" weakDeliminator="" />
	</general>
</language>
