<?xml version="1.0" encoding="UTF-8"?>
<!-- read from /usr/share/katepart5/syntax/modula-2.xml at 26/09/15 17:36:06 CEST -->
<language extensions="*.mod;*.def;*.mi;*.md" kateversion="2.2" mimetype="text/x-modula-2" name="Modula-2" section="Sources" version="1.03">
	<highlighting>
		<contexts>
			<context attribute="Normal Text" lineEndContext="#stay" name="Normal">
				<keyword String="keywords" attribute="Keyword" context="#stay" />
				<keyword String="directives" attribute="Directive" context="#stay" />
				<keyword String="types" attribute="Type" context="#stay" />
				<Float attribute="Number" context="#stay" />
				<Int attribute="Number" context="#stay" />
				<DetectChar attribute="String" char="&quot;" context="String1" />
				<DetectChar attribute="String" char="'" context="String2" />
				<StringDetect String="(*$" attribute="Directive" context="Prep1" />
				<Detect2Chars attribute="Comment" char="(" char1="*" context="Comment2" />
			</context>
			<context attribute="String" lineEndContext="#pop" name="String1">
				<DetectChar attribute="String" char="&quot;" context="#pop" />
			</context>
			<context attribute="String" lineEndContext="#pop" name="String2">
				<DetectChar attribute="String" char="'" context="#pop" />
			</context>
			<context attribute="Comment" lineEndContext="#stay" name="Comment2">
				<Detect2Chars attribute="Comment" char="*" char1=")" context="#pop" />
			</context>
			<context attribute="Comment" lineEndContext="#pop" name="Comment3" />
			<context attribute="Directive" lineEndContext="#stay" name="Prep1">
				<StringDetect String="$*)" attribute="Directive" context="Prep1" />
			</context>
		</contexts>
		<itemDatas>
			<itemData defStyleNum="dsNormal" name="Normal Text" />
			<itemData defStyleNum="dsKeyword" name="Keyword" />
			<itemData defStyleNum="dsDataType" name="Type" />
			<itemData defStyleNum="dsDecVal" name="Number" />
			<itemData defStyleNum="dsString" name="String" />
			<itemData defStyleNum="dsOthers" name="Directive" />
			<itemData defStyleNum="dsComment" name="Comment" />
		</itemDatas>
		<list name="types">
			<item> INTEGER </item>
			<item> CARDINAL </item>
			<item> SHORTINT </item>
			<item> SHORTCARD </item>
			<item> LONGINT </item>
			<item> LONGREAL </item>
			<item> CHAR </item>
			<item> BOOLEAN </item>
			<item> POINTER </item>
			<item> ADDRESS </item>
			<item> ADR </item>
			<item> REAL </item>
			<item> File </item>
		</list>
		<list name="keywords">
			<item> AND </item>
			<item> ARRAY </item>
			<item> ASM </item>
			<item> BEGIN </item>
			<item> CASE </item>
			<item> CONST </item>
			<item> DIV </item>
			<item> DO </item>
			<item> ELSE </item>
			<item> ELSIF </item>
			<item> END </item>
			<item> FOR </item>
			<item> IF </item>
			<item> IMPLEMENTATION </item>
			<item> IN </item>
			<item> SET </item>
			<item> INCL </item>
			<item> EXCL </item>
			<item> ABS </item>
			<item> BITSET </item>
			<item> CAP </item>
			<item> CHR </item>
			<item> DEC </item>
			<item> HALT </item>
			<item> HIGH </item>
			<item> INC </item>
			<item> MAX </item>
			<item> MIN </item>
			<item> ODD </item>
			<item> ORD </item>
			<item> PROC </item>
			<item> TRUNC </item>
			<item> VAL </item>
			<item> MOD </item>
			<item> NIL </item>
			<item> NOT </item>
			<item> OF </item>
			<item> OR </item>
			<item> PROCEDURE </item>
			<item> MODULE </item>
			<item> DEFINITION </item>
			<item> RECORD </item>
			<item> REPEAT </item>
			<item> THEN </item>
			<item> TO </item>
			<item> TYPE </item>
			<item> UNTIL </item>
			<item> LOOP </item>
			<item> VAR </item>
			<item> WHILE </item>
			<item> WITH </item>
			<item> EXIT </item>
			<item> FALSE </item>
			<item> TRUE </item>
			<item> BY </item>
			<item> FROM </item>
			<item> IMPORT </item>
			<item> EXPORT </item>
			<item> QUALIFIED </item>
			<item> RETURN </item>
			<item> NEWPROCESS </item>
			<item> TRANSFER </item>
			<item> IOTRANSFER </item>
			<item> FOREIGN </item>
		</list>
		<list name="directives">
			<item> ASSEMBLER </item>
			<item> ALLOCATE </item>
			<item> DEALLOCATE </item>
			<item> SIZE </item>
			<item> Write </item>
			<item> WriteString </item>
			<item> WriteCard </item>
			<item> WriteLn </item>
			<item> WriteBf </item>
			<item> WriteInt </item>
			<item> WriteReal </item>
			<item> WriteLongReal </item>
			<item> Read </item>
			<item> ReadString </item>
			<item> ReadCard </item>
			<item> ReadInt </item>
			<item> ReadReal </item>
			<item> ReadLongReal </item>
			<item> Open </item>
			<item> Close </item>
			<item> OpenInput </item>
			<item> OpenOutput </item>
			<item> Accessible </item>
			<item> Erase </item>
			<item> EOF </item>
			<item> Done </item>
			<item> EmptyString </item>
			<item> Assign </item>
			<item> Append </item>
			<item> Length </item>
			<item> StrEq </item>
			<item> Copy </item>
			<item> Concat </item>
			<item> pos </item>
			<item> Delete </item>
			<item> Insert </item>
			<item> compare </item>
			<item> CAPS </item>
			<item> PutBf </item>
			<item> GetArgs </item>
			<item> GetEnv </item>
			<item> ResetClock </item>
			<item> UserTime </item>
			<item> SystemTime </item>
			<item> GetChar </item>
			<item> GetInt </item>
			<item> GetCard </item>
			<item> GetString </item>
			<item> GetReal </item>
			<item> GetLongReal </item>
			<item> PutChar </item>
			<item> PutInt </item>
			<item> PutCard </item>
			<item> PutString </item>
			<item> PutReal </item>
			<item> PutLongReal </item>
			<item> PutLn </item>
		</list>
	</highlighting>
	<general>
		<keywords casesensitive="1" />
		<comments>
			<comment end="*)" name="multiLine" start="(*" />
		</comments>
	</general>
</language>
