<?xml version="1.0" encoding="UTF-8"?>
<!-- read from /usr/share/katepart5/syntax/objectivecpp.xml at 26/06/15 21:53:26 CEST -->
<language author="Gennady Telegin (gepo@lvk.cs.msu.su" extensions="*.mm;*.M;*.h" kateversion="2.4" mimetype="text/x-objcpp-src;text/x-c-hdr" name="Objective-C++" section="Sources" version="1.01">
	<highlighting>
		<contexts>
			<context attribute="Normal Text" lineEndContext="#stay" name="Default">
				<DetectSpaces />
				<RegExpr String="#\s*if\s+0" attribute="Preprocessor" beginRegion="Outscoped" context="Outscoped" firstNonSpace="true" />
				<DetectChar attribute="Preprocessor" char="#" context="Preprocessor" firstNonSpace="true" />
				<StringDetect String="//BEGIN" attribute="Region Marker" beginRegion="Region1" context="Region Marker" firstNonSpace="true" />
				<StringDetect String="//END" attribute="Region Marker" context="Region Marker" endRegion="Region1" firstNonSpace="true" />
				<keyword String="keywords" attribute="Keyword" context="#stay" />
				<keyword String="types" attribute="Data Type" context="#stay" />
				<DetectChar attribute="Symbol" beginRegion="Brace1" char="{" context="#stay" />
				<DetectChar attribute="Symbol" char="}" context="#stay" endRegion="Brace1" />
				<DetectIdentifier />
				<Float attribute="Float" context="#stay">
					<AnyChar String="fF" attribute="Float" context="#stay" />
				</Float>
				<HlCOct attribute="Octal" context="#stay" />
				<HlCHex attribute="Hex" context="#stay" />
				<Int attribute="Decimal" context="#stay">
					<StringDetect String="ULL" attribute="Decimal" context="#stay" insensitive="true" />
					<StringDetect String="LUL" attribute="Decimal" context="#stay" insensitive="true" />
					<StringDetect String="LLU" attribute="Decimal" context="#stay" insensitive="true" />
					<StringDetect String="UL" attribute="Decimal" context="#stay" insensitive="true" />
					<StringDetect String="LU" attribute="Decimal" context="#stay" insensitive="true" />
					<StringDetect String="LL" attribute="Decimal" context="#stay" insensitive="true" />
					<StringDetect String="U" attribute="Decimal" context="#stay" insensitive="true" />
					<StringDetect String="L" attribute="Decimal" context="#stay" insensitive="true" />
				</Int>
				<HlCChar attribute="Char" context="#stay" />
				<DetectChar attribute="String" char="&quot;" context="String" />
				<Detect2Chars attribute="Comment" char="/" char1="/" context="SingleLineComment" />
				<Detect2Chars attribute="Comment" char="/" char1="*" context="MultiLineComment" />
				<RegExpr String="^#" attribute="Preprocessor" context="Preprocessor" />
				<Detect2Chars attribute="String" char="@" char1="&quot;" context="String" />
				<keyword String="extensions" attribute="Extensions" context="#stay" />
				<IncludeRules context="##Doxygen" />
				<Detect2Chars attribute="Comment" char="/" char1="/" context="Commentar 1" />
				<Detect2Chars attribute="Comment" beginRegion="Comment" char="/" char1="*" context="Commentar 2" />
				<DetectChar attribute="Symbol" beginRegion="Brace1" char="{" context="#stay" />
				<DetectChar attribute="Symbol" char="}" context="#stay" endRegion="Brace1" />
				<AnyChar String=":!%&amp;()+,-/.*&lt;=&gt;?[]{|}~^;" attribute="Symbol" context="#stay" />
			</context>
			<context attribute="String" lineEndContext="#pop" name="String">
				<LineContinue attribute="String" context="#stay" />
				<HlCStringChar attribute="String Char" context="#stay" />
				<DetectChar attribute="String" char="&quot;" context="#pop" />
			</context>
			<context attribute="Comment" lineEndContext="#pop" name="SingleLineComment" />
			<context attribute="Comment" lineEndContext="#stay" name="MultiLineComment">
				<Detect2Chars attribute="Comment" char="*" char1="/" context="#pop" />
			</context>
			<context attribute="Preprocessor" lineEndContext="Default" name="Preprocessor">
				<LineContinue attribute="Preprocessor" context="#stay" />
				<RangeDetect attribute="Prep. Lib" char="&quot;" char1="&quot;" context="#stay" />
				<RangeDetect attribute="Prep. Lib" char="&lt;" char1="&gt;" context="#stay" />
				<IncludeRules context="##Doxygen" />
				<Detect2Chars attribute="Comment" char="/" char1="/" context="SingleLineComment" />
				<Detect2Chars attribute="Comment" char="/" char1="*" context="MultiLineCommentPrep" />
			</context>
			<context attribute="Comment" lineEndContext="#stay" name="MultiLineCommentPrep">
				<DetectSpaces />
				<Detect2Chars attribute="Comment" char="*" char1="/" context="#pop#pop" />
				<DetectIdentifier />
			</context>
			<context attribute="Region Marker" lineEndContext="#pop" name="Region Marker">
				
			</context>
			<context attribute="Comment" lineEndContext="#pop" name="Commentar 1">
				<DetectSpaces />
				<IncludeRules context="##Alerts" />
				<DetectIdentifier />
			</context>
			<context attribute="Comment" lineEndContext="#stay" name="Commentar 2">
				<DetectSpaces />
				<Detect2Chars attribute="Comment" char="*" char1="/" context="#pop" endRegion="Comment" />
				<IncludeRules context="##Alerts" />
				<DetectIdentifier />
			</context>
			<context attribute="Preprocessor" lineEndContext="#pop" name="Preprocessor">
				<LineContinue attribute="Preprocessor" context="#stay" />
				<RegExpr String="define.*((?=\\))" attribute="Preprocessor" context="Define" />
				<RegExpr String="define.*" attribute="Preprocessor" context="#stay" />
				<RangeDetect attribute="Prep. Lib" char="&quot;" char1="&quot;" context="#stay" />
				<RangeDetect attribute="Prep. Lib" char="&lt;" char1="&gt;" context="#stay" />
				<IncludeRules context="##Doxygen" />
				<Detect2Chars attribute="Comment" char="/" char1="/" context="Commentar 1" />
				<Detect2Chars attribute="Comment" char="/" char1="*" context="MultiLineCommentPrep" />
			</context>
			<context attribute="Preprocessor" lineEndContext="#pop" name="Define">
				<LineContinue attribute="Preprocessor" context="#stay" />
			</context>
			<context attribute="Comment" lineEndContext="#stay" name="Outscoped">
				<DetectSpaces />
				<IncludeRules context="##Alerts" />
				<DetectIdentifier />
				<DetectChar attribute="String" char="&quot;" context="String" />
				<IncludeRules context="##Doxygen" />
				<Detect2Chars attribute="Comment" char="/" char1="/" context="Commentar 1" />
				<Detect2Chars attribute="Comment" beginRegion="Comment" char="/" char1="*" context="Commentar 2" />
				<RegExpr String="#\s*if" attribute="Comment" beginRegion="Outscoped" context="Outscoped intern" firstNonSpace="true" />
				<RegExpr String="#\s*(endif|else|elif)" attribute="Preprocessor" context="#pop" endRegion="Outscoped" firstNonSpace="true" />
			</context>
			<context attribute="Comment" lineEndContext="#stay" name="Outscoped intern">
				<DetectSpaces />
				<IncludeRules context="##Alerts" />
				<DetectIdentifier />
				<DetectChar attribute="String" char="&quot;" context="String" />
				<IncludeRules context="##Doxygen" />
				<Detect2Chars attribute="Comment" char="/" char1="/" context="Commentar 1" />
				<Detect2Chars attribute="Comment" beginRegion="Comment" char="/" char1="*" context="Commentar 2" />
				<RegExpr String="#\s*if" attribute="Comment" beginRegion="Outscoped" context="Outscoped intern" firstNonSpace="true" />
				<RegExpr String="#\s*endif" attribute="Comment" context="#pop" endRegion="Outscoped" firstNonSpace="true" />
			</context>
		</contexts>
		<itemDatas>
			<itemData defStyleNum="dsNormal" name="Normal Text" />
			<itemData defStyleNum="dsKeyword" name="Keyword" />
			<itemData name="Extensions" defStyleNum="dsExtension" />
			<itemData defStyleNum="dsDataType" name="Data Type" />
			<itemData defStyleNum="dsDecVal" name="Decimal" />
			<itemData defStyleNum="dsBaseN" name="Octal" />
			<itemData defStyleNum="dsBaseN" name="Hex" />
			<itemData defStyleNum="dsFloat" name="Float" />
			<itemData defStyleNum="dsChar" name="Char" />
			<itemData defStyleNum="dsString" name="String" />
			<itemData defStyleNum="dsChar" name="String Char" />
			<itemData defStyleNum="dsComment" name="Comment" />
			<itemData defStyleNum="dsNormal" name="Symbol" />
			<itemData defStyleNum="dsOthers" name="Preprocessor" />
			<itemData defStyleNum="dsOthers" name="Prep. Lib" />
			<itemData defStyleNum="dsRegionMarker" name="Region Marker" />
		</itemDatas>
		<list name="extensions">
			<item> K_DCOP </item>
			<item> SLOT </item>
			<item> SIGNAL </item>
			<item> Q_CLASSINFO </item>
			<item> Q_ENUMS </item>
			<item> Q_EXPORT </item>
			<item> Q_OBJECT </item>
			<item> Q_OVERRIDE </item>
			<item> Q_PROPERTY </item>
			<item> Q_SETS </item>
			<item> Q_SIGNALS </item>
			<item> Q_SLOTS </item>
			<item> Q_FOREACH </item>
			<item> Q_DECLARE_FLAGS </item>
			<item> Q_INIT_RESOURCE </item>
			<item> Q_CLEANUP_RESOURCE </item>
			<item> Q_GLOBAL_STATIC </item>
			<item> Q_GLOBAL_STATIC_WITH_ARGS </item>
			<item> Q_DECLARE_INTERFACE </item>
			<item> Q_DECLARE_TYPEINFO </item>
			<item> Q_DECLARE_SHARED </item>
			<item> Q_DECLARE_FLAGS </item>
			<item> Q_DECLARE_OPERATORS_FOR_FLAGS </item>
			<item> Q_FOREVER </item>
			<item> Q_DECLARE_PRIVATE </item>
			<item> Q_DECLARE_PUBLIC </item>
			<item> Q_D </item>
			<item> Q_Q </item>
			<item> Q_DISABLE_COPY </item>
			<item> Q_INTERFACES </item>
			<item> Q_FLAGS </item>
			<item> Q_SCRIPTABLE </item>
			<item> Q_INVOKABLE </item>
			<item> Q_GADGET </item>
			<item> Q_ARG </item>
			<item> Q_RETURN_ARG </item>
			<item> Q_ASSERT </item>
			<item> Q_ASSERT_X </item>
			<item> TRUE </item>
			<item> FALSE </item>
			<item> connect </item>
			<item> disconnect </item>
			<item> emit </item>
			<item> signals </item>
			<item> slots </item>
			<item> foreach </item>
			<item> forever </item>
		</list>
		<list name="types">
			<item> auto </item>
			<item> char </item>
			<item> const </item>
			<item> double </item>
			<item> float </item>
			<item> int </item>
			<item> long </item>
			<item> register </item>
			<item> short </item>
			<item> signed </item>
			<item> static </item>
			<item> unsigned </item>
			<item> void </item>
			<item> volatile </item>
			<item> bool </item>
			<item> mutable </item>
			<item> uchar </item>
			<item> uint </item>
			<item> int8_t </item>
			<item> int16_t </item>
			<item> int32_t </item>
			<item> int64_t </item>
			<item> uint8_t </item>
			<item> uint16_t </item>
			<item> uint32_t </item>
			<item> uint64_t </item>
			<item> wchar_t </item>
		</list>
		<list name="keywords">
			<item> break </item>
			<item> case </item>
			<item> continue </item>
			<item> default </item>
			<item> do </item>
			<item> else </item>
			<item> enum </item>
			<item> extern </item>
			<item> for </item>
			<item> goto </item>
			<item> if </item>
			<item> return </item>
			<item> sizeof </item>
			<item> struct </item>
			<item> switch </item>
			<item> typedef </item>
			<item> union </item>
			<item> while </item>
			<item> @class </item>
			<item> @defs </item>
			<item> @encode </item>
			<item> @end </item>
			<item> @implementation </item>
			<item> @interface </item>
			<item> @private </item>
			<item> @protected </item>
			<item> @protocol </item>
			<item> @public </item>
			<item> @selector </item>
			<item> self </item>
			<item> super </item>
			<item> asm </item>
			<item> catch </item>
			<item> class </item>
			<item> const_cast </item>
			<item> delete </item>
			<item> dynamic_cast</item>
			<item> explicit </item>
			<item> export </item>
			<item> false </item>
			<item> friend </item>
			<item> inline </item>
			<item> namespace </item>
			<item> new </item>
			<item> operator </item>
			<item> private </item>
			<item> protected </item>
			<item> public </item>
			<item> qobject_cast </item>
			<item> reinterpret_cast </item>
			<item> static_cast </item>
			<item> template </item>
			<item> this </item>
			<item> throw </item>
			<item> true </item>
			<item> try </item>
			<item> typeid </item>
			<item> type_info </item>
			<item> typename </item>
			<item> using </item>
			<item> virtual </item>
			<item> and </item>
			<item> and_eq </item>
			<item> bad_cast </item>
			<item> bad_typeid </item>
			<item> bitand </item>
			<item> bitor </item>
			<item> compl </item>
			<item> not </item>
			<item> not_eq </item>
			<item> or </item>
			<item> or_eq </item>
			<item> xor </item>
			<item> xor_eq </item>
		</list>
	</highlighting>
	<general>
		<comments>
			<comment name="singleLine" start="//" />
			<comment end="*/" name="multiLine" start="/*" />
		</comments>
		<keywords casesensitive="1" />
	</general>
</language>
