<?xml version="1.0" encoding="UTF-8"?>
<!-- read from /usr/share/katepart5/syntax/objectivec.xml at 26/09/15 17:36:06 CEST -->
<language extensions="*.m;*.h" kateversion="2.2" mimetype="text/x-objc-src;text/x-c-hdr" name="Objective-C" section="Sources" version="1.07">
	<highlighting>
		<contexts>
			<context attribute="Normal Text" lineEndContext="#stay" name="Default">
				<keyword String="keywords" attribute="Keyword" context="#stay" />
				<keyword String="types" attribute="Data Type" context="#stay" />
				<DetectChar attribute="Symbol" beginRegion="Brace1" char="{" context="#stay" />
				<DetectChar attribute="Symbol" char="}" context="#stay" endRegion="Brace1" />
				<Float attribute="Float" context="#stay">
					<AnyChar String="fF" attribute="Float" context="#stay" />
				</Float>
				<HlCOct attribute="Octal" context="#stay" />
				<HlCHex attribute="Hex" context="#stay" />
				<Int attribute="Decimal" context="#stay">
					<StringDetect String="ULL" attribute="Decimal" context="#stay" insensitive="true" />
					<StringDetect String="LUL" attribute="Decimal" context="#stay" insensitive="true" />
					<StringDetect String="LLU" attribute="Decimal" context="#stay" insensitive="true" />
					<StringDetect String="UL" attribute="Decimal" context="#stay" insensitive="true" />
					<StringDetect String="LU" attribute="Decimal" context="#stay" insensitive="true" />
					<StringDetect String="LL" attribute="Decimal" context="#stay" insensitive="true" />
					<StringDetect String="U" attribute="Decimal" context="#stay" insensitive="true" />
					<StringDetect String="L" attribute="Decimal" context="#stay" insensitive="true" />
				</Int>
				<HlCChar attribute="Char" context="#stay" />
				<DetectChar attribute="String" char="&quot;" context="String" />
				<Detect2Chars attribute="Comment" char="/" char1="/" context="SingleLineComment" />
				<Detect2Chars attribute="Comment" char="/" char1="*" context="MultiLineComment" />
				<AnyChar String=":!%&amp;()+,-/.*&lt;=&gt;?[]|~^;" attribute="Symbol" context="#stay" />
				<RegExpr String="^#" attribute="Preprocessor" context="Preprocessor" />
				<Detect2Chars attribute="String" char="@" char1="&quot;" context="String" />
			</context>
			<context attribute="String" lineEndContext="#pop" name="String">
				<LineContinue attribute="String" context="#stay" />
				<HlCStringChar attribute="String Char" context="#stay" />
				<DetectChar attribute="String" char="&quot;" context="#pop" />
			</context>
			<context attribute="Comment" lineEndContext="#pop" name="SingleLineComment" />
			<context attribute="Comment" lineEndContext="#stay" name="MultiLineComment">
				<Detect2Chars attribute="Comment" char="*" char1="/" context="#pop" />
			</context>
			<context attribute="Preprocessor" lineEndContext="Default" name="Preprocessor">
				<LineContinue attribute="Preprocessor" context="#stay" />
				<RangeDetect attribute="Prep. Lib" char="&quot;" char1="&quot;" context="#stay" />
				<RangeDetect attribute="Prep. Lib" char="&lt;" char1="&gt;" context="#stay" />
				<IncludeRules context="##Doxygen" />
				<Detect2Chars attribute="Comment" char="/" char1="/" context="SingleLineComment" />
				<Detect2Chars attribute="Comment" char="/" char1="*" context="MultiLineCommentPrep" />
			</context>
			<context attribute="Comment" lineEndContext="#stay" name="MultiLineCommentPrep">
				<Detect2Chars attribute="Comment" char="*" char1="/" context="#pop#pop" />
			</context>
		</contexts>
		<itemDatas>
			<itemData defStyleNum="dsNormal" name="Normal Text" />
			<itemData defStyleNum="dsKeyword" name="Keyword" />
			<itemData defStyleNum="dsDataType" name="Data Type" />
			<itemData defStyleNum="dsDecVal" name="Decimal" />
			<itemData defStyleNum="dsBaseN" name="Octal" />
			<itemData defStyleNum="dsBaseN" name="Hex" />
			<itemData defStyleNum="dsFloat" name="Float" />
			<itemData defStyleNum="dsChar" name="Char" />
			<itemData defStyleNum="dsString" name="String" />
			<itemData defStyleNum="dsChar" name="String Char" />
			<itemData defStyleNum="dsComment" name="Comment" />
			<itemData defStyleNum="dsNormal" name="Symbol" />
			<itemData defStyleNum="dsOthers" name="Preprocessor" />
			<itemData defStyleNum="dsOthers" name="Prep. Lib" />
		</itemDatas>
		<list name="types">
			<item> auto </item>
			<item> char </item>
			<item> const </item>
			<item> double </item>
			<item> float </item>
			<item> int </item>
			<item> long </item>
			<item> register </item>
			<item> short </item>
			<item> signed </item>
			<item> static </item>
			<item> unsigned </item>
			<item> void </item>
			<item> volatile </item>
		</list>
		<list name="keywords">
			<item> break </item>
			<item> case </item>
			<item> continue </item>
			<item> default </item>
			<item> do </item>
			<item> else </item>
			<item> enum </item>
			<item> extern </item>
			<item> for </item>
			<item> goto </item>
			<item> if </item>
			<item> return </item>
			<item> sizeof </item>
			<item> struct </item>
			<item> switch </item>
			<item> typedef </item>
			<item> union </item>
			<item> while </item>
			<item> @class </item>
			<item> @defs </item>
			<item> @encode </item>
			<item> @end </item>
			<item> @implementation </item>
			<item> @interface </item>
			<item> @private </item>
			<item> @protected </item>
			<item> @protocol </item>
			<item> @public </item>
			<item> @selector </item>
			<item> self </item>
			<item> super </item>
		</list>
	</highlighting>
	<general>
		<comments>
			<comment name="singleLine" start="//" />
			<comment end="*/" name="multiLine" start="/*" />
		</comments>
		<keywords casesensitive="1" />
	</general>
</language>
