<?xml version="1.0" encoding="UTF-8"?>
<!DOCTYPE language SYSTEM "language.dtd">
<!-- read from /usr/share/katepart5/syntax/pascal.xml at 25/06/15 19:33:20 CEST -->
<language author="Unnamed people and Liu Sizhuang(oldherl@gmail.com)" extensions="*.p;*.pas;*.pp" indenter="pascal" kateversion="3.3" mimetype="text/x-pascal" name="Pascal" priority="8" section="Sources" version="1.23">
	<highlighting>
		<contexts>
			<context attribute="Normal Text" lineEndContext="#stay" name="Normal">
				<RegExpr String="\b(begin|case|record)(?=(\{[^}]*(\}|$)|\(\*.*(\*\)|$))*([\s]|$|//))" attribute="Keyword" beginRegion="Region1" context="#stay" insensitive="true" />
				<RegExpr String="\b((object|class)(?=(\(.*\))?(\{[^}]*(\}|$)|\(\*.*(\*\)|$))*;?([\s]|$|//))|try(?=(\{[^}]*(\}|$)|\(\*.*(\*\)|$))*([\s]|$|//)))" attribute="ISO/Delphi Extended" beginRegion="Region1" context="#stay" insensitive="true" />
				<RegExpr String="\bend(?=((\{[^}]*(\}|$)|\(\*.*(\*\)|$))*)([.;\s]|$)|//|$)" attribute="Keyword" context="#stay" endRegion="Region1" insensitive="true" />
				<keyword String="keywords" attribute="Keyword" context="#stay" />
				<keyword String="ISO/Delphi Extended" attribute="ISO/Delphi Extended" context="#stay" />
				<keyword String="types" attribute="Type" context="#stay" />
				<Float attribute="Number" context="#stay" />
				<Int attribute="Number" context="#stay" />
				<DetectChar attribute="Hex" char="$" context="Hex" />
				<DetectChar attribute="String" char="#" context="CharNum" />
				<DetectChar attribute="String" char="'" context="String" />
				<StringDetect String="(*$" attribute="Directive" context="Prep1" />
				<Detect2Chars attribute="Directive" char="{" char1="$" context="Prep2" />
				<DetectChar attribute="Comment" beginRegion="Region2" char="{" context="Comment1" />
				<Detect2Chars attribute="Comment" beginRegion="Region3" char="(" char1="*" context="Comment2" />
				<Detect2Chars attribute="Comment" char="/" char1="/" context="Comment3" />
			</context>
			<context attribute="String" lineEndContext="#pop" name="CharNum">
				<DetectChar attribute="Hex" char="$" context="HexCharNum" />
				<RegExpr String="[^0-9]" context="#pop" />
			</context>
			<context attribute="Hex" lineEndContext="#pop" name="HexCharNum">
				<RegExpr String="[^a-fA-F0-9]" context="#pop#pop" />
			</context>
			<context attribute="Hex" lineEndContext="#pop" name="Hex">
				<RegExpr String="[^a-fA-F0-9]" context="#pop" />
			</context>
			<context attribute="String" lineEndContext="#pop" name="String">
				<DetectChar attribute="String" char="'" context="#pop" />
			</context>
			<context attribute="Directive" lineEndContext="#pop" name="Prep1">
				<Detect2Chars attribute="Directive" char="*" char1=")" context="#pop" />
			</context>
			<context attribute="Directive" lineEndContext="#pop" name="Prep2">
				<DetectChar attribute="Directive" char="}" context="#pop" />
			</context>
			<context attribute="Comment" lineEndContext="#stay" name="Comment1">
				<keyword String="attention" attribute="Alert" context="#stay" />
				<DetectChar attribute="Comment" char="}" context="#pop" endRegion="Region2" />
			</context>
			<context attribute="Comment" lineEndContext="#stay" name="Comment2">
				<keyword String="attention" attribute="Alert" context="#stay" />
				<Detect2Chars attribute="Comment" char="*" char1=")" context="#pop" endRegion="Region3" />
			</context>
			<context attribute="Comment" lineEndContext="#pop" name="Comment3">
				<keyword String="attention" attribute="Alert" context="#stay" />
			</context>
		</contexts>
		<itemDatas>
			<itemData defStyleNum="dsNormal" name="Normal Text" />
			<itemData defStyleNum="dsBaseN" name="Hex" />
			<itemData defStyleNum="dsKeyword" name="Keyword" />
			<itemData name="ISO/Delphi Extended" defStyleNum="dsKeyword" />
			<itemData defStyleNum="dsDataType" name="Type" />
			<itemData defStyleNum="dsDecVal" name="Number" />
			<itemData defStyleNum="dsString" name="String" />
			<itemData defStyleNum="dsOthers" name="Directive" />
			<itemData defStyleNum="dsComment" name="Comment" />
			<itemData defStyleNum="dsAlert" name="Alert" />
		</itemDatas>
		<list name="types">
			<item> Integer </item>
			<item> Cardinal </item>
			<item> ShortInt </item>
			<item> SmallInt  </item>
			<item> LongInt </item>
			<item> Int64 </item>
			<item> Byte </item>
			<item> Word </item>
			<item> LongWord </item>
			<item> DWord </item>
			<item> QWord </item>
			<item> Char </item>
			<item> AnsiChar </item>
			<item> WideChar </item>
			<item> Boolean </item>
			<item> ByteBool </item>
			<item> WordBool </item>
			<item> LongBool </item>
			<item> Single </item>
			<item> Double </item>
			<item> Extended </item>
			<item> Comp </item>
			<item> Currency </item>
			<item> Real </item>
			<item> Real48 </item>
			<item> String </item>
			<item> ShortString </item>
			<item> AnsiString </item>
			<item> WideString </item>
			<item> Pointer </item>
			<item> Variant</item>
			<item> File </item>
			<item> Text </item>
		</list>
		<list name="keywords">
			<item> and </item>
			<item> array </item>
			<item> asm </item>
			<item> case </item>
			<item> const </item>
			<item> div </item>
			<item> do </item>
			<item> downto </item>
			<item> else </item>
			<item> file </item>
			<item> for </item>
			<item> function </item>
			<item> goto </item>
			<item> if </item>
			<item> in </item>
			<item> label </item>
			<item> mod </item>
			<item> nil </item>
			<item> not </item>
			<item> of </item>
			<item> operator </item>
			<item> or </item>
			<item> packed </item>
			<item> procedure </item>
			<item> program </item>
			<item> record </item>
			<item> repeat </item>
			<item> set </item>
			<item> then </item>
			<item> to </item>
			<item> type </item>
			<item> unit </item>
			<item> until </item>
			<item> uses </item>
			<item> var </item>
			<item> while </item>
			<item> with </item>
			<item> xor </item>
			<item> at </item>
			<item> automated </item>
			<item> break </item>
			<item> continue </item>
			<item> dispinterface </item>
			<item> dispose </item>
			<item> exit </item>
			<item> false </item>
			<item> finalization </item>
			<item> initialization </item>
			<item> library </item>
			<item> new </item>
			<item> published </item>
			<item> resourcestring </item>
			<item> self </item>
			<item> true </item>
		</list>
		<list name="attention">
			<item> FIXME </item>
			<item> TODO </item>
			<item> NOTE </item>
			<item> ### </item>
		</list>
		<list name="ISO/Delphi Extended">
			<item> abstract </item>
			<item> as </item>
			<item> bindable </item>
			<item> constructor </item>
			<item> destructor </item>
			<item> except </item>
			<item> export </item>
			<item> finally </item>
			<item> import </item>
			<item> implementation </item>
			<item> inherited </item>
			<item> inline </item>
			<item> interface </item>
			<item> is </item>
			<item> module </item>
			<item> on </item>
			<item> only </item>
			<item> otherwise </item>
			<item> override </item>
			<item> private </item>
			<item> property </item>
			<item> protected </item>
			<item> public </item>
			<item> read </item>
			<item> qualified </item>
			<item> raise </item>
			<item> restricted </item>
			<item> shl </item>
			<item> shr </item>
			<item> threadvar </item>
			<item> try </item>
			<item> virtual </item>
			<item> write </item>
		</list>
	</highlighting>
	<general>
		<keywords casesensitive="0" />
		<comments>
			<comment name="singleLine" start="//" />
			<comment end="}" name="multiLine" start="{" />
		</comments>
	</general>
</language>
