<?xml version="1.0" encoding="UTF-8"?>
<!-- read from /usr/share/katepart5/syntax/perl.xml at 26/09/15 17:36:14 CEST -->
<language author="Anders Lund (anders@alweb.dk)" extensions="*.pl;*.PL;*.pm" kateversion="2.4" license="LGPL" mimetype="application/x-perl;text/x-perl" name="Perl" priority="5" section="Scripts" version="1.31">
	<highlighting>
		<contexts>
			<context attribute="Normal Text" lineEndContext="#stay" name="normal">
				<RegExpr String="^#!\/.*" attribute="Keyword" context="#stay" />
				<StringDetect String="__DATA__" attribute="Keyword" context="data_handle" firstNonSpace="true" />
				<StringDetect String="__END__" attribute="Keyword" context="#stay" firstNonSpace="true" />
				<RegExpr String="\bsub\s+" attribute="Keyword" context="sub_name_def" />
				<keyword String="keywords" attribute="Keyword" context="#stay" />
				<keyword String="operators" attribute="Operator" context="#stay" />
				<keyword String="functions" attribute="Function" context="#stay" />
				<keyword String="pragmas" attribute="Pragma" context="#stay" />
				<RegExpr String="\=\w+(\s|$)" attribute="Pod" beginRegion="POD" column="0" context="pod" />
				<DetectSpaces />
				<DetectChar attribute="Comment" char="#" context="comment" />
				<RegExpr String="\b\-?0[xX]([0-9a-fA-F]|_[0-9a-fA-F])+" attribute="Hex" context="slash_safe_escape" />
				<RegExpr String="\b\-?0[bB]([01]|_[01])+" attribute="Bin" context="slash_safe_escape" />
				<RegExpr String="\b\-?0[1-7]([0-7]|_[0-7])*" attribute="Octal" context="slash_safe_escape" />
				<RegExpr String="\b\-?[0-9]([0-9]|_[0-9])*\.[0-9]([0-9]|_[0-9])*([eE]\-?[1-9]([0-9]|_[0-9])*(\.[0-9]*)?)?" attribute="Float" context="slash_safe_escape" />
				<RegExpr String="\b\-?[1-9]([0-9]|_[0-9])*\b" attribute="Decimal" context="slash_safe_escape" />
				<Int attribute="Decimal" context="slash_safe_escape" />
				<RegExpr String="\\([&quot;'])[^\1]" attribute="Normal Text" context="#stay" />
				<Detect2Chars attribute="Normal Text" char="&amp;" char1="'" context="#stay" />
				<DetectChar attribute="Operator" beginRegion="String" char="&quot;" context="ip_string" />
				<DetectChar attribute="Operator" beginRegion="String" char="'" context="string" />
				<DetectChar attribute="Operator" char="`" context="Backticked" />
				<RegExpr String="(?:[$@]\S|%[\w{]|\*[^\d\*{\$@%=(])" attribute="Normal Text" context="find_variable" lookAhead="true" />
				<RegExpr String="&lt;[A-Z0-9_]+&gt;" attribute="Keyword" context="#stay" />
				<RegExpr String="\s*&lt;&lt;(?=\w+|\s*[&quot;'])" attribute="Operator" beginRegion="HereDocument" context="find_here_document" />
				<RegExpr String="\s*\}\s*/{1,2}" attribute="Normal Text" context="#stay" endRegion="Block" />
				<RegExpr String="\s*[)\]]\s*/{1,2}" attribute="Normal Text" context="#stay" />
				<RegExpr String="\w+::" attribute="Function" context="sub_name_def" />
				<RegExpr String="\w+[=]" attribute="Normal Text" context="#stay" />
				<RegExpr String="\bq(?=[qwx]?\s*[^\w\s])" attribute="Operator" context="find_quoted" />
				<RegExpr String="\bs(?=\s*[^\w\s\]})])" attribute="Operator" context="find_subst" />
				<RegExpr String="\b(?:tr|y)\s*(?=[^\w\s\]})])" attribute="Operator" context="tr" />
				<RegExpr String="\b(?:m|qr)(?=\s*[^\w\s\]})])" attribute="Operator" context="find_pattern" />
				<RegExpr String="[\w_]+\s*/" attribute="Normal Text" context="#stay" />
				<RegExpr String="[&lt;&gt;&quot;':]/" attribute="Normal Text" context="#stay" />
				<DetectChar attribute="Operator" beginRegion="Pattern" char="/" context="pattern_slash" />
				<RegExpr String="-[rwxoRWXOeszfdlpSbctugkTBMAC]\b" attribute="Operator" context="#stay" />
				<DetectChar attribute="Normal Text" beginRegion="Block" char="{" context="#stay" />
				<DetectChar attribute="Normal Text" char="}" context="#stay" endRegion="Block" />
			</context>
			<context attribute="Normal Text" lineEndContext="#stay" name="find_quoted">
				<RegExpr String="x\s*(')" attribute="Operator" beginRegion="String" context="string_6" />
				<AnyChar String="qx" attribute="Operator" context="find_qqx" />
				<DetectChar attribute="Operator" char="w" context="find_qw" />
				<DetectChar attribute="Operator" beginRegion="String" char="(" context="string_2" />
				<DetectChar attribute="Operator" beginRegion="String" char="{" context="string_3" />
				<DetectChar attribute="Operator" beginRegion="String" char="[" context="string_4" />
				<DetectChar attribute="Operator" beginRegion="String" char="&lt;" context="string_5" />
				<RegExpr String="([^a-zA-Z0-9_\s[\]{}()])" attribute="Operator" beginRegion="String" context="string_6" />
				<RegExpr String="\s+#.*" attribute="Comment" context="#stay" />
			</context>
			<context attribute="Normal Text" lineEndContext="#stay" name="find_qqx">
				<DetectChar attribute="Operator" beginRegion="String" char="(" context="ip_string_2" />
				<DetectChar attribute="Operator" beginRegion="String" char="{" context="ip_string_3" />
				<DetectChar attribute="Operator" beginRegion="String" char="[" context="ip_string_4" />
				<DetectChar attribute="Operator" beginRegion="String" char="&lt;" context="ip_string_5" />
				<RegExpr String="([^a-zA-Z0-9_\s[\]{}()])" attribute="Operator" beginRegion="String" context="ip_string_6" />
				<RegExpr String="\s+#.*" attribute="Comment" context="#stay" />
			</context>
			<context attribute="Normal Text" lineEndContext="#stay" name="find_qw">
				<DetectChar attribute="Operator" beginRegion="Wordlist" char="(" context="quote_word_paren" />
				<DetectChar attribute="Operator" beginRegion="Wordlist" char="{" context="quote_word_brace" />
				<DetectChar attribute="Operator" beginRegion="Wordlist" char="[" context="quote_word_bracket" />
				<RegExpr String="([^a-zA-Z0-9_\s[\]{}()])" attribute="Operator" beginRegion="Wordlist" context="quote_word" />
				<RegExpr String="\s+#.*" attribute="Comment" context="#stay" />
			</context>
			<context attribute="String (interpolated)" lineEndContext="#stay" name="ipstring_internal">
				<DetectIdentifier />
				<RegExpr String="\\[UuLlEtnaefr]" attribute="String Special Character" context="#stay" />
				<RegExpr String="\\." attribute="String (interpolated)" context="#stay" />
				<RegExpr String="(?:[\$@]\S|%[\w{])" attribute="Normal Text" context="find_variable_unsafe" lookAhead="true" />
			</context>
			<context attribute="String (interpolated)" lineEndContext="#stay" name="ip_string">
				<DetectChar attribute="Operator" char="&quot;" context="#pop" endRegion="String" />
				<IncludeRules context="ipstring_internal" />
			</context>
			<context attribute="String (interpolated)" lineEndContext="#stay" name="ip_string_2">
				<RangeDetect attribute="String (interpolated)" char="(" char1=")" context="#stay" />
				<DetectChar attribute="Operator" char=")" context="#pop#pop#pop" endRegion="String" />
				<IncludeRules context="ipstring_internal" />
			</context>
			<context attribute="String (interpolated)" lineEndContext="#stay" name="ip_string_3">
				<RangeDetect attribute="String (interpolated)" char="{" char1="}" context="#stay" />
				<DetectChar attribute="Operator" char="}" context="#pop#pop#pop" endRegion="String" />
				<IncludeRules context="ipstring_internal" />
			</context>
			<context attribute="String (interpolated)" lineEndContext="#stay" name="ip_string_4">
				<RangeDetect attribute="String (interpolated)" char="[" char1="]" context="#stay" />
				<DetectChar attribute="Operator" char="]" context="#pop#pop#pop" endRegion="String" />
				<IncludeRules context="ipstring_internal" />
			</context>
			<context attribute="String (interpolated)" lineEndContext="#stay" name="ip_string_5">
				<RangeDetect attribute="String (interpolated)" char="&lt;" char1="&gt;" context="#stay" />
				<DetectChar attribute="Operator" char="&gt;" context="#pop#pop#pop" endRegion="String" />
				<IncludeRules context="ipstring_internal" />
			</context>
			<context attribute="String (interpolated)" dynamic="true" lineEndContext="#stay" name="ip_string_6">
				<RegExpr String="\%1" attribute="String (interpolated)" context="#stay" dynamic="true" />
				<DetectChar attribute="Operator" char="1" context="#pop#pop#pop" dynamic="true" endRegion="String" />
				<IncludeRules context="ipstring_internal" />
			</context>
			<context attribute="String" lineEndContext="#stay" name="string">
				<DetectIdentifier />
				<Detect2Chars attribute="String Special Character" char="\" char1="'" context="#stay" />
				<Detect2Chars attribute="String Special Character" char="\" char1="\" context="#stay" />
				<DetectChar attribute="Operator" char="'" context="#pop" endRegion="String" />
			</context>
			<context attribute="String" lineEndContext="#stay" name="string_2">
				<DetectIdentifier />
				<Detect2Chars attribute="String Special Character" char="\" char1=")" context="#stay" />
				<Detect2Chars attribute="String Special Character" char="\" char1="\" context="#stay" />
				<RangeDetect attribute="String" char="(" char1=")" context="#stay" />
				<DetectChar attribute="Operator" char=")" context="#pop#pop" endRegion="String" />
			</context>
			<context attribute="String" lineEndContext="#stay" name="string_3">
				<DetectIdentifier />
				<Detect2Chars attribute="String Special Character" char="\" char1="}" context="#stay" />
				<Detect2Chars attribute="String Special Character" char="\" char1="\" context="#stay" />
				<RangeDetect attribute="String" char="{" char1="}" context="#stay" />
				<DetectChar attribute="Operator" char="}" context="#pop#pop" endRegion="String" />
			</context>
			<context attribute="String" lineEndContext="#stay" name="string_4">
				<DetectIdentifier />
				<Detect2Chars attribute="String Special Character" char="\" char1="]" context="#stay" />
				<Detect2Chars attribute="String Special Character" char="\" char1="\" context="#stay" />
				<RangeDetect attribute="String" char="[" char1="]" context="#stay" />
				<DetectChar attribute="Operator" char="]" context="#pop#pop" endRegion="String" />
			</context>
			<context attribute="String" lineEndContext="#stay" name="string_5">
				<DetectIdentifier />
				<Detect2Chars attribute="String Special Character" char="\" char1="&lt;" context="#stay" />
				<Detect2Chars attribute="String Special Character" char="\" char1="\" context="#stay" />
				<Detect2Chars attribute="String" char="\" char1="&gt;" context="#stay" />
				<RangeDetect attribute="String" char="&lt;" char1="&gt;" context="#stay" />
				<DetectChar attribute="Operator" char="&gt;" context="#pop#pop" endRegion="String" />
			</context>
			<context attribute="String" dynamic="true" lineEndContext="#stay" name="string_6">
				<DetectIdentifier />
				<Detect2Chars attribute="String Special Character" char="\" char1="\" context="#stay" />
				<RegExpr String="\%1" attribute="String Special Character" context="#stay" dynamic="true" />
				<DetectChar attribute="Operator" char="1" context="#pop#pop" dynamic="true" endRegion="String" />
			</context>
			<context attribute="Normal Text" lineEndContext="#stay" name="find_subst">
				<RegExpr String="\s+#.*" attribute="Comment" context="#stay" />
				<DetectChar attribute="Operator" beginRegion="Pattern" char="{" context="subst_curlybrace_pattern" />
				<DetectChar attribute="Operator" beginRegion="Pattern" char="(" context="subst_paren_pattern" />
				<DetectChar attribute="Operator" beginRegion="Pattern" char="[" context="subst_bracket_pattern" />
				<DetectChar attribute="Operator" beginRegion="Pattern" char="'" context="subst_sq_pattern" />
				<RegExpr String="([^\w\s[\]{}()])" attribute="Operator" beginRegion="Pattern" context="subst_slash_pattern" />
			</context>
			<context attribute="Pattern" lineEndContext="#stay" name="subst_curlybrace_pattern">
				<RegExpr String="\s+#.*$" attribute="Comment" context="#stay" />
				<IncludeRules context="regex_pattern_internal_ip" />
				<DetectChar attribute="Operator" char="}" context="subst_curlybrace_middle" endRegion="Pattern" />
			</context>
			<context attribute="Normal Text" lineEndContext="#stay" name="subst_curlybrace_middle">
				<RegExpr String="#.*$" attribute="Comment" context="#stay" />
				<DetectChar attribute="Operator" beginRegion="Replacement" char="{" context="subst_curlybrace_replace" />
			</context>
			<context attribute="String (interpolated)" lineEndContext="#stay" name="subst_curlybrace_replace">
				<IncludeRules context="ipstring_internal" />
				<DetectChar attribute="Normal Text" beginRegion="Block" char="{" context="subst_curlybrace_replace_recursive" />
				<RegExpr String="\}[cegimosx]*" attribute="Operator" context="#pop#pop#pop#pop" endRegion="Replacement" />
			</context>
			<context attribute="String (interpolated)" lineEndContext="#stay" name="subst_curlybrace_replace_recursive">
				<DetectChar attribute="String (interpolated)" beginRegion="Block" char="{" context="subst_curlybrace_replace_recursive" />
				<DetectChar attribute="Normal Text" char="}" context="#pop" endRegion="Block" />
				<IncludeRules context="ipstring_internal" />
			</context>
			<context attribute="Pattern" lineEndContext="#stay" name="subst_paren_pattern">
				<RegExpr String="\s+#.*$" attribute="Comment" context="#stay" />
				<IncludeRules context="regex_pattern_internal_ip" />
				<DetectChar attribute="Operator" char="}" context="subst_paren_replace" endRegion="Pattern" />
			</context>
			<context attribute="String (interpolated)" lineEndContext="#stay" name="subst_paren_replace">
				<IncludeRules context="ipstring_internal" />
				<DetectChar attribute="Operator" beginRegion="Replacement" char="(" context="#stay" />
				<RegExpr String="\)[cegimosx]*" attribute="Operator" context="#pop#pop#pop" endRegion="Replacement" />
			</context>
			<context attribute="Pattern" lineEndContext="#stay" name="subst_bracket_pattern">
				<RegExpr String="\s+#.*$" attribute="Comment" context="#stay" />
				<IncludeRules context="regex_pattern_internal_ip" />
				<DetectChar attribute="Operator" char="]" context="subst_bracket_replace" endRegion="Pattern" />
			</context>
			<context attribute="String (interpolated)" lineEndContext="#stay" name="subst_bracket_replace">
				<IncludeRules context="ipstring_internal" />
				<DetectChar attribute="Operator" beginRegion="Replacement" char="[" context="#stay" />
				<RegExpr String="\][cegimosx]*" attribute="Operator" context="#pop#pop#pop" endRegion="Replacement" />
			</context>
			<context attribute="Pattern" dynamic="true" lineEndContext="#stay" name="subst_slash_pattern">
				<RegExpr String="\$(?=%1)" attribute="Pattern Internal Operator" context="#stay" dynamic="true" />
				<RegExpr String="(%1)" attribute="Operator" beginRegion="Replacement" context="subst_slash_replace" dynamic="true" endRegion="Pattern" />
				<IncludeRules context="regex_pattern_internal_ip" />
			</context>
			<context attribute="String (interpolated)" dynamic="true" lineEndContext="#stay" name="subst_slash_replace">
				<RegExpr String="%1[cegimosx]*" attribute="Operator" context="#pop#pop#pop" dynamic="true" endRegion="Replacement" />
				<IncludeRules context="ipstring_internal" />
			</context>
			<context attribute="Pattern" lineEndContext="#stay" name="subst_sq_pattern">
				<RegExpr String="\s+#.*$" attribute="Comment" context="#stay" />
				<IncludeRules context="regex_pattern_internal" />
				<DetectChar attribute="Operator" beginRegion="Pattern" char="'" context="subst_sq_replace" endRegion="Pattern" />
			</context>
			<context attribute="String" lineEndContext="#stay" name="subst_sq_replace">
				<RegExpr String="'[cegimosx]*" attribute="Operator" context="#pop#pop#pop" endRegion="Replacement" />
			</context>
			<context attribute="Pattern" fallthrough="true" fallthroughContext="#pop" lineEndContext="#pop" name="tr">
				<RegExpr String="\([^)]*\)\s*\(?:[^)]*\)" attribute="Pattern" context="#pop" />
				<RegExpr String="\{[^}]*\}\s*\{[^}]*\}" attribute="Pattern" context="#pop" />
				<RegExpr String="\[[^]]*\]\s*\[[^\]]*\]" attribute="Pattern" context="#pop" />
				<RegExpr String="([^a-zA-Z0-9_\s[\]{}()]).*\1.*\1" attribute="Pattern" context="#pop" minimal="true" />
			</context>
			<context attribute="Pattern" lineEndContext="#stay" name="find_pattern">
				<RegExpr String="\s+#.*" attribute="Comment" context="#stay" />
				<DetectChar attribute="Operator" beginRegion="Pattern" char="{" context="pattern_brace" />
				<DetectChar attribute="Operator" beginRegion="Pattern" char="(" context="pattern_paren" />
				<DetectChar attribute="Operator" beginRegion="Pattern" char="[" context="pattern_bracket" />
				<DetectChar attribute="Operator" beginRegion="Pattern" char="'" context="pattern_sq" />
				<RegExpr String="([^\w\s])" attribute="Operator" beginRegion="Pattern" context="pattern" />
			</context>
			<context attribute="Pattern" lineEndContext="#stay" name="pattern_slash">
				<RegExpr String="\$(?=/)" attribute="Pattern Internal Operator" context="#stay" />
				<IncludeRules context="regex_pattern_internal_ip" />
				<RegExpr String="/[cgimosx]*" attribute="Operator" context="#pop" endRegion="Pattern" />
			</context>
			<context attribute="Pattern" dynamic="true" lineEndContext="#stay" name="pattern">
				<RegExpr String="\$(?=%1)" attribute="Pattern Internal Operator" context="#stay" dynamic="true" />
				<RegExpr String="%1[cgimosx]*" attribute="Operator" context="#pop#pop" dynamic="true" endRegion="Pattern" />
				<IncludeRules context="regex_pattern_internal_ip" />
				<RegExpr String="\$(?=\%1)" attribute="Pattern Internal Operator" context="#stay" dynamic="true" />
			</context>
			<context attribute="Pattern" lineEndContext="#stay" name="pattern_brace">
				<RegExpr String="\}[cgimosx]*" attribute="Operator" context="#pop#pop" endRegion="Pattern" />
				<IncludeRules context="regex_pattern_internal_ip" />
			</context>
			<context attribute="Pattern" lineEndContext="#stay" name="pattern_bracket">
				<RegExpr String="\][cgimosx]*" attribute="Operator" context="#pop#pop" endRegion="Pattern" />
				<IncludeRules context="regex_pattern_internal_ip" />
			</context>
			<context attribute="Pattern" lineEndContext="#stay" name="pattern_paren">
				<RegExpr String="\)[cgimosx]*" attribute="Operator" context="#pop#pop" endRegion="Pattern" />
				<IncludeRules context="regex_pattern_internal_ip" />
			</context>
			<context attribute="Pattern" lineEndContext="#stay" name="pattern_sq">
				<RegExpr String="'[cgimosx]*" attribute="Operator" context="#pop#pop" endRegion="Pattern" />
				<IncludeRules context="regex_pattern_internal" />
			</context>
			<context attribute="Pattern" lineEndContext="#stay" name="regex_pattern_internal_rules_1">
				<RegExpr String="#.*$" attribute="Comment" context="#stay" firstNonSpace="true" />
				<RegExpr String="\\[anDdSsWw]" attribute="Pattern Character Class" context="#stay" />
				<RegExpr String="\\[ABbEGLlNUuQdQZz]" attribute="Pattern Internal Operator" context="#stay" />
				<RegExpr String="\\[\d]+" attribute="Special Variable" context="#stay" />
				<RegExpr String="\\." attribute="Pattern" context="#stay" />
			</context>
			<context attribute="Pattern" lineEndContext="#stay" name="regex_pattern_internal_rules_2">
				<Detect2Chars attribute="Pattern Internal Operator" char="(" char1="?" context="pat_ext" />
				<DetectChar attribute="Pattern Internal Operator" char="[" context="pat_char_class" />
				<RegExpr String="[()?^*+|]" attribute="Pattern Internal Operator" context="#stay" />
				<RegExpr String="\{[\d, ]+\}" attribute="Pattern Internal Operator" context="#stay" />
				<DetectChar attribute="Pattern Internal Operator" char="$" context="#stay" />
				<RegExpr String="\s{3,}#.*$" attribute="Comment" context="#stay" />
			</context>
			<context attribute="Pattern" lineEndContext="#stay" name="regex_pattern_internal">
				<IncludeRules context="regex_pattern_internal_rules_1" />
				<IncludeRules context="regex_pattern_internal_rules_2" />
			</context>
			<context attribute="Pattern" lineEndContext="#stay" name="regex_pattern_internal_ip">
				<IncludeRules context="regex_pattern_internal_rules_1" />
				<RegExpr String="[$@][^]\s{}()|&gt;']" attribute="Data Type" context="find_variable_unsafe" lookAhead="true" />
				<IncludeRules context="regex_pattern_internal_rules_2" />
			</context>
			<context attribute="Pattern Internal Operator" lineEndContext="#stay" name="pat_ext">
				<RegExpr String="\#[^)]*" attribute="Comment" context="#pop" />
				<RegExpr String="[:=!&gt;&lt;]+" attribute="Pattern Internal Operator" context="#pop" />
				<DetectChar attribute="Pattern Internal Operator" char=")" context="#pop" />
			</context>
			<context attribute="Pattern Character Class" lineEndContext="#stay" name="pat_char_class">
				<DetectChar attribute="Pattern Internal Operator" char="^" context="#stay" />
				<Detect2Chars attribute="Pattern Character Class" char="\" char1="\" context="#stay" />
				<Detect2Chars attribute="Pattern Character Class" char="\" char1="]" context="#stay" />
				<RegExpr String="\[:^?[a-z]+:\]" attribute="Pattern Character Class" context="#stay" />
				<DetectChar attribute="Pattern Internal Operator" char="]" context="#pop" />
			</context>
			<context attribute="Data Type" fallthrough="true" fallthroughContext="#pop" lineEndContext="#pop" name="find_variable">
				<RegExpr String="\$[0-9]+" attribute="Special Variable" context="var_detect" />
				<RegExpr String="[@\$](?:[\+\-_]\B|ARGV\b|INC\b)" attribute="Special Variable" context="var_detect" />
				<RegExpr String="[%\$](?:INC\b|ENV\b|SIG\b)" attribute="Special Variable" context="var_detect" />
				<RegExpr String="\$\$[\$\w_]" attribute="Data Type" context="var_detect" />
				<RegExpr String="\$[#_][\w_]" attribute="Data Type" context="var_detect" />
				<RegExpr String="\$+::" attribute="Data Type" context="var_detect" />
				<RegExpr String="\$[^a-zA-Z0-9\s{][A-Z]?" attribute="Special Variable" context="var_detect" />
				<RegExpr String="[\$@%]\{[\w_]+\}" attribute="Data Type" context="var_detect" />
				<AnyChar String="$@%" attribute="Data Type" context="var_detect" />
				<RegExpr String="\*[a-zA-Z_]+" attribute="Data Type" context="var_detect" />
				<RegExpr String="\*[^a-zA-Z0-9\s{][A-Z]?" attribute="Special Variable" context="#stay" />
				<AnyChar String="$@%*" attribute="Operator" context="#pop" />
			</context>
			<context attribute="Data Type" fallthrough="true" fallthroughContext="#pop" lineEndContext="#pop" name="find_variable_unsafe">
				<RegExpr String="\$[0-9]+" attribute="Special Variable" context="var_detect_unsafe" />
				<RegExpr String="[@\$](?:[\+\-_]\B|ARGV\b|INC\b)" attribute="Special Variable" context="var_detect_unsafe" />
				<RegExpr String="[%\$](?:INC\b|ENV\b|SIG\b)" attribute="Special Variable" context="var_detect_unsafe" />
				<RegExpr String="\$\$[\$\w_]" attribute="Data Type" context="var_detect_unsafe" />
				<RegExpr String="\$[#_][\w_]" attribute="Data Type" context="var_detect_unsafe" />
				<RegExpr String="\$+::" attribute="Data Type" context="var_detect_unsafe" />
				<RegExpr String="\$[^a-zA-Z0-9\s{][A-Z]?" attribute="Special Variable" context="#stay" />
				<RegExpr String="[\$@%]\{[\w_]+\}" attribute="Data Type" context="var_detect_unsafe" />
				<RegExpr String="[\$@%]" attribute="Data Type" context="var_detect_unsafe" />
				<RegExpr String="\*\w+" attribute="Data Type" context="var_detect_unsafe" />
				<AnyChar String="$@%*" attribute="Operator" context="#pop" />
			</context>
			<context attribute="Data Type" fallthrough="true" fallthroughContext="#pop#pop" lineEndContext="#pop#pop" name="var_detect">
				<IncludeRules context="var_detect_rules" />
				<IncludeRules context="slash_safe_escape" />
			</context>
			<context attribute="Data Type" fallthrough="true" fallthroughContext="#pop#pop" lineEndContext="#pop#pop" name="var_detect_unsafe">
				<IncludeRules context="var_detect_rules" />
			</context>
			<context attribute="Data Type" lineEndContext="#pop#pop" name="var_detect_rules">
				<RegExpr String="[\w_]+" attribute="Data Type" context="#stay" />
				<Detect2Chars attribute="Normal Text" char=":" char1=":" context="#stay" />
				<DetectChar attribute="Operator" char="'" context="#stay" />
				<Detect2Chars attribute="Normal Text" char="-" char1="&gt;" context="#stay" />
				<Detect2Chars attribute="Normal Text" char="+" char1="+" context="#stay" />
				<Detect2Chars attribute="Normal Text" char="-" char1="-" context="#stay" />
			</context>
			<context attribute="Normal Text" dynamic="true" lineEndContext="#stay" name="quote_word">
				<DetectSpaces />
				<DetectIdentifier />
				<RegExpr String="\\%1" attribute="Normal Text" context="#stay" dynamic="true" />
				<DetectChar attribute="Operator" char="1" context="#pop#pop#pop" dynamic="true" endRegion="Wordlist" />
			</context>
			<context attribute="Normal Text" lineEndContext="#stay" name="quote_word_paren">
				<DetectSpaces />
				<DetectIdentifier />
				<Detect2Chars attribute="Normal Text" char="\" char1=")" context="#stay" />
				<DetectChar attribute="Operator" char=")" context="#pop#pop#pop" endRegion="Wordlist" />
			</context>
			<context attribute="Normal Text" lineEndContext="#stay" name="quote_word_brace">
				<DetectSpaces />
				<DetectIdentifier />
				<Detect2Chars attribute="Normal Text" char="\" char1="}" context="#stay" />
				<DetectChar attribute="Operator" char="}" context="#pop#pop#pop" endRegion="Wordlist" />
			</context>
			<context attribute="Normal Text" lineEndContext="#stay" name="quote_word_bracket">
				<DetectSpaces />
				<DetectIdentifier />
				<Detect2Chars attribute="Normal Text" char="\" char1="]" context="#stay" />
				<DetectChar attribute="Operator" char="]" context="#pop#pop#pop" endRegion="Wordlist" />
			</context>
			<context attribute="Normal Text" lineEndContext="#pop" name="find_here_document">
				<RegExpr String="(\w+)\s*;?" attribute="Keyword" context="here_document" />
				<RegExpr String="\s*&quot;([^&quot;]+)&quot;\s*;?" attribute="Keyword" context="here_document" />
				<RegExpr String="\s*`([^`]+)`\s*;?" attribute="Keyword" context="here_document" />
				<RegExpr String="\s*'([^']+)'\s*;?" attribute="Keyword" context="here_document_dumb" />
			</context>
			<context attribute="String (interpolated)" dynamic="true" lineEndContext="#stay" name="here_document">
				<DetectSpaces />
				<RegExpr String="^%1\b" attribute="Keyword" column="0" context="#pop#pop" dynamic="true" endRegion="HereDocument" />
				<RegExpr String="\=\s*&lt;&lt;\s*[&quot;']?([A-Z0-9_\-]+)[&quot;']?" attribute="Keyword" beginRegion="HEREDoc" context="here_document" />
				<IncludeRules context="ipstring_internal" />
			</context>
			<context attribute="Normal Text" dynamic="true" lineEndContext="#stay" name="here_document_dumb">
				<DetectSpaces />
				<RegExpr String="%1" attribute="Keyword" column="0" context="#pop#pop" dynamic="true" endRegion="HereDocument" />
				<DetectIdentifier />
			</context>
			<context attribute="Data" lineEndContext="#stay" name="data_handle">
				<RegExpr String="\=(?:head[1-6]|over|back|item|for|begin|end|pod)\s+.*" attribute="Pod" beginRegion="POD" column="0" context="pod" />
				<StringDetect String="__END__" attribute="Keyword" context="normal" firstNonSpace="true" />
			</context>
			<context attribute="Nothing" lineEndContext="#stay" name="end_handle">
				<RegExpr String="^\=(?:head[1-6]|over|back|item|for|begin|end|pod)\s*.*" attribute="Pod" context="pod" />
				<StringDetect String="__DATA__" attribute="Keyword" context="data_handle" firstNonSpace="true" />
			</context>
			<context attribute="String (interpolated)" lineEndContext="#stay" name="Backticked">
				<IncludeRules context="ipstring_internal" />
				<DetectChar attribute="Operator" char="`" context="#pop" />
			</context>
			<context attribute="Normal Text" fallthrough="true" fallthroughContext="#pop" lineEndContext="#pop" name="slash_safe_escape">
				<RegExpr String="\s*\}\s*/{1,2}" attribute="Normal Text" context="#pop" endRegion="Block" />
				<RegExpr String="\s*[)\]]?\s*/{1,2}" attribute="Normal Text" context="#pop" />
				<keyword String="keywords" attribute="Keyword" context="#pop" />
			</context>
			<context attribute="Normal Text" lineEndContext="#stay" name="package_qualified_blank">
				<RegExpr String="[\w_]+" attribute="Normal Text" context="#pop" />
			</context>
			<context attribute="Normal Text" fallthrough="true" fallthroughContext="#pop" lineEndContext="#pop" name="sub_name_def">
				<RegExpr String="\w+" attribute="Function" context="#stay" />
				<RegExpr String="\$\S" attribute="Normal Text" context="find_variable" lookAhead="true" />
				<RegExpr String="\s*\(" attribute="Normal Text" context="sub_arg_definition" />
				<Detect2Chars attribute="Normal Text" char=":" char1=":" context="#stay" />
			</context>
			<context attribute="Normal Text" fallthrough="true" fallthroughContext="#pop#pop" lineEndContext="#stay" name="sub_arg_definition">
				<AnyChar String="*$@%" attribute="Data Type" context="#stay" />
				<AnyChar String="&amp;\[];" attribute="Normal Text" context="#stay" />
				<DetectChar attribute="Normal Text" char=")" context="slash_safe_escape" />
			</context>
			<context attribute="Pod" lineEndContext="#stay" name="pod">
				<DetectSpaces />
				<DetectIdentifier />
				<RegExpr String="\=(?:head[1-6]|over|back|item|for|begin|end|pod)\s*.*" attribute="Pod" beginRegion="POD" column="0" context="#stay" endRegion="POD" />
				<RegExpr String="\=cut.*$" attribute="Pod" column="0" context="#pop" endRegion="POD" />
			</context>
			<context attribute="Comment" lineEndContext="#pop" name="comment">
				<DetectSpaces />
				<IncludeRules context="##Alerts" />
				<DetectIdentifier />
			</context>
		</contexts>
		<itemDatas>
			<itemData defStyleNum="dsNormal" name="Normal Text" />
			<itemData defStyleNum="dsKeyword" name="Keyword" />
			<itemData defStyleNum="dsKeyword" name="Pragma" />
			<itemData defStyleNum="dsFunction" name="Function" />
			<itemData name="Operator" defStyleNum="dsOperator" />
			<itemData defStyleNum="dsDataType" name="Data Type" />
			<itemData name="Special Variable" defStyleNum="dsVariable" />
			<itemData defStyleNum="dsDecVal" name="Decimal" />
			<itemData defStyleNum="dsBaseN" name="Octal" />
			<itemData defStyleNum="dsBaseN" name="Hex" />
			<itemData defStyleNum="dsBaseN" name="Bin" />
			<itemData defStyleNum="dsFloat" name="Float" />
			<itemData name="String" defStyleNum="dsString" />
			<itemData defStyleNum="dsString" name="String (interpolated)" />
			<itemData defStyleNum="dsChar" name="String Special Character" />
			<itemData defStyleNum="dsOthers" name="Pattern" />
			<itemData defStyleNum="dsChar" name="Pattern Internal Operator" />
			<itemData defStyleNum="dsBaseN" name="Pattern Character Class" />
			<itemData defStyleNum="dsNormal" name="Data" />
			<itemData defStyleNum="dsComment" name="Comment" />
			<itemData defStyleNum="dsComment" name="Pod" />
			<itemData defStyleNum="dsComment" name="Nothing" />
		</itemDatas>
		<list name="keywords">
			<item> if </item>
			<item> unless </item>
			<item> else </item>
			<item> elsif </item>
			<item> while </item>
			<item> until </item>
			<item> for </item>
			<item> each </item>
			<item> foreach </item>
			<item> next </item>
			<item> last </item>
			<item> break </item>
			<item> continue </item>
			<item> return </item>
			<item> my </item>
			<item> our </item>
			<item> local </item>
			<item> state </item>
			<item> BEGIN </item>
			<item> END </item>
			<item> package </item>
			<item> sub </item>
			<item> do </item>
			<item> given  </item>
			<item> when  </item>
			<item> default </item>
			<item> __END__ </item>
			<item> __DATA__ </item>
			<item> __FILE__ </item>
			<item> __LINE__ </item>
			<item> __PACKAGE__ </item>
		</list>
		<list name="functions">
			<item>abs</item>
			<item>accept</item>
			<item>alarm</item>
			<item>atan2</item>
			<item>bind</item>
			<item>binmode</item>
			<item>bless</item>
			<item>caller</item>
			<item>chdir</item>
			<item>chmod</item>
			<item>chomp</item>
			<item>chop</item>
			<item>chown</item>
			<item>chr</item>
			<item>chroot</item>
			<item>close</item>
			<item>closedir</item>
			<item>connect</item>
			<item>cos</item>
			<item>crypt</item>
			<item>dbmclose</item>
			<item>dbmopen</item>
			<item>defined</item>
			<item>delete</item>
			<item>die</item>
			<item>dump</item>
			<item>endgrent</item>
			<item>endhostent</item>
			<item>endnetent</item>
			<item>endprotoent</item>
			<item>endpwent</item>
			<item>endservent</item>
			<item>eof</item>
			<item>eval</item>
			<item>exec</item>
			<item>exists</item>
			<item>exit</item>
			<item>exp</item>
			<item>fcntl</item>
			<item>fileno</item>
			<item>flock</item>
			<item>fork</item>
			<item>format</item>
			<item>formline</item>
			<item>getc</item>
			<item>getgrent</item>
			<item>getgrgid</item>
			<item>getgrnam</item>
			<item>gethostbyaddr</item>
			<item>gethostbyname</item>
			<item>gethostent</item>
			<item>getlogin</item>
			<item>getnetbyaddr</item>
			<item>getnetbyname</item>
			<item>getnetent</item>
			<item>getpeername</item>
			<item>getpgrp</item>
			<item>getppid</item>
			<item>getpriority</item>
			<item>getprotobyname</item>
			<item>getprotobynumber</item>
			<item>getprotoent</item>
			<item>getpwent</item>
			<item>getpwnam</item>
			<item>getpwuid</item>
			<item>getservbyname</item>
			<item>getservbyport</item>
			<item>getservent</item>
			<item>getsockname</item>
			<item>getsockopt</item>
			<item>glob</item>
			<item>gmtime</item>
			<item>goto</item>
			<item>grep</item>
			<item>hex</item>
			<item>import</item>
			<item>index</item>
			<item>int</item>
			<item>ioctl</item>
			<item>join</item>
			<item>keys</item>
			<item>kill</item>
			<item>last</item>
			<item>lc</item>
			<item>lcfirst</item>
			<item>length</item>
			<item>link</item>
			<item>listen</item>
			<item>localtime</item>
			<item>lock</item>
			<item>log</item>
			<item>lstat</item>
			<item>map</item>
			<item>mkdir</item>
			<item>msgctl</item>
			<item>msgget</item>
			<item>msgrcv</item>
			<item>msgsnd</item>
			<item>no</item>
			<item>oct</item>
			<item>open</item>
			<item>opendir</item>
			<item>ord</item>
			<item>pack</item>
			<item>package</item>
			<item>pipe</item>
			<item>pop</item>
			<item>pos</item>
			<item>print</item>
			<item>printf</item>
			<item>prototype</item>
			<item>push</item>
			<item>quotemeta</item>
			<item>rand</item>
			<item>read</item>
			<item>readdir</item>
			<item>readline</item>
			<item>readlink</item>
			<item>recv</item>
			<item>redo</item>
			<item>ref</item>
			<item>rename</item>
			<item>require</item>
			<item>reset</item>
			<item>return</item>
			<item>reverse</item>
			<item>rewinddir</item>
			<item>rindex</item>
			<item>rmdir</item>
			<item>scalar</item>
			<item>seek</item>
			<item>seekdir</item>
			<item>select</item>
			<item>semctl</item>
			<item>semget</item>
			<item>semop</item>
			<item>send</item>
			<item>setgrent</item>
			<item>sethostent</item>
			<item>setnetent</item>
			<item>setpgrp</item>
			<item>setpriority</item>
			<item>setprotoent</item>
			<item>setpwent</item>
			<item>setservent</item>
			<item>setsockopt</item>
			<item>shift</item>
			<item>shmctl</item>
			<item>shmget</item>
			<item>shmread</item>
			<item>shmwrite</item>
			<item>shutdown</item>
			<item>sin</item>
			<item>sleep</item>
			<item>socket</item>
			<item>socketpair</item>
			<item>sort</item>
			<item>splice</item>
			<item>split</item>
			<item>sprintf</item>
			<item>sqrt</item>
			<item>srand</item>
			<item>stat</item>
			<item>study</item>
			<item>sub</item>
			<item>substr</item>
			<item>symlink</item>
			<item>syscall</item>
			<item>sysread</item>
			<item>sysseek</item>
			<item>system</item>
			<item>syswrite</item>
			<item>tell</item>
			<item>telldir</item>
			<item>tie</item>
			<item>time</item>
			<item>times</item>
			<item>truncate</item>
			<item>uc</item>
			<item>ucfirst</item>
			<item>umask</item>
			<item>undef</item>
			<item>unlink</item>
			<item>unpack</item>
			<item>unshift</item>
			<item>untie</item>
			<item>use</item>
			<item>utime</item>
			<item>values</item>
			<item>vec</item>
			<item>wait</item>
			<item>waitpid</item>
			<item>wantarray</item>
			<item>warn</item>
			<item>write</item>
		</list>
		<list name="operators">
			<item> = </item>
			<item> != </item>
			<item> ~= </item>
			<item> += </item>
			<item> -= </item>
			<item> *= </item>
			<item> /= </item>
			<item> **= </item>
			<item> |= </item>
			<item> ||= </item>
			<item> //= </item>
			<item> &amp;= </item>
			<item> &amp;&amp;= </item>
			<item> ?= </item>
			<item> + </item>
			<item> - </item>
			<item> * </item>
			<item> % </item>
			<item> || </item>
			<item> // </item>
			<item> &amp;&amp; </item>
			<item> | </item>
			<item> &amp; </item>
			<item> &lt; </item>
			<item> &lt;&lt; </item>
			<item> &gt; </item>
			<item> &gt;&gt; </item>
			<item> ^ </item>
			<item> -&gt; </item>
			<item> =&gt; </item>
			<item> . </item>
			<item> , </item>
			<item> ; </item>
			<item> :: </item>
			<item> \ </item>
			<item> and </item>
			<item> or </item>
			<item> not </item>
			<item> eq </item>
			<item> ne </item>
			<item> lt </item>
			<item> gt </item>
			<item> le </item>
			<item> ge </item>
			<item> cmp </item>
		</list>
		<list name="pragmas">
			<item>strict</item>
			<item>english</item>
			<item>warnings</item>
			<item>vars</item>
			<item>subs</item>
			<item>utf8</item>
			<item>sigtrap</item>
			<item>locale</item>
			<item>open</item>
			<item>less</item>
			<item>integer</item>
			<item>filetest</item>
			<item>constant</item>
			<item>bytes</item>
			<item>diagnostics</item>
		</list>
	</highlighting>
	<general>
		<comments>
			<comment name="singleLine" start="#" />
		</comments>
		<keywords casesensitive="1" />
	</general>
</language>
