<?xml version="1.0" encoding="UTF-8"?>
<!DOCTYPE language SYSTEM "language.dtd">
<!-- read from /usr/share/katepart5/syntax/ppd.xml at 25/06/15 19:33:20 CEST -->
<language author="Lukas Sommer" extensions="*.ppd" kateversion="2.4" license="public domain" mimetype="application/vnd.cups-ppd" name="PostScript Printer Description" section="Markup" version="0.2">
	<highlighting>
		<contexts>
			<context attribute="Option" lineEndContext="#stay" name="contextNormal">
				<Detect2Chars char="*" char1="%" column="0" context="contextComment" />
				<DetectChar attribute="Colon" char=":" context="contextValue" />
				<StringDetect String="*OpenUI" attribute="Keyword" beginRegion="ui" />
				<StringDetect String="*CloseUI" attribute="Keyword" endRegion="ui" />
				<StringDetect String="*OpenGroup" attribute="Keyword" beginRegion="group" />
				<StringDetect String="*CloseGroup" attribute="Keyword" endRegion="group" />
				<RegExpr String="\*[!-.0-9;-~]*" attribute="Keyword" />
			</context>
			<context attribute="Comment" lineEndContext="#pop" name="contextComment">
				<IncludeRules context="##Alerts" />
			</context>
			<context attribute="Value" lineEndContext="#pop" name="contextValue">
				<DetectSpaces />
				<DetectChar attribute="Value" char="&quot;" context="contextValueMultiLine" />
				<RegExpr String="." attribute="Value" context="contextValueSingleLine" />
			</context>
			<context attribute="Value" lineEndContext="#stay" name="contextValueMultiLine">
				<DetectSpaces />
				<DetectChar attribute="Value" char="&quot;" context="#pop" />
			</context>
			<context attribute="Value" lineEndContext="#pop" name="contextValueSingleLine">
				
			</context>
		</contexts>
		<itemDatas>
			<itemData defStyleNum="dsComment" name="Comment" />
			<itemData defStyleNum="dsKeyword" name="Keyword" />
			<itemData defStyleNum="dsKeyword" name="Colon" />
			<itemData defStyleNum="dsString" name="Value" />
			<itemData defStyleNum="dsOthers" name="Option" />
		</itemDatas>
	</highlighting>
	<general>
		<comments>
			<comment name="singleLine" start="*%" />
		</comments>
	</general>
</language>
