<?xml version="1.0" encoding="UTF-8"?>
<!-- read from /usr/share/katepart5/syntax/prolog.xml at 26/06/15 21:53:27 CEST -->
<language author="Torsten Eichstädt (torsten.eichstaedt@web.de)" extensions="*.prolog;*.dcg;*.pro" kateversion="3.4" license="LGPL" mimetype="text/x-prolog" name="Prolog" section="Sources" version="1.3">
	<highlighting>
		<contexts>
			<context attribute="Syntax Error" lineEndContext="clause" name="shebang">
				<Detect2Chars attribute="% italic predicates: w/ side effects" char="#" char1="!" column="0" context="1-comment" />
				<RegExpr String="." attribute="Syntax Error" context="clause" lookAhead="true" />
			</context>
			<context attribute="Syntax Error" lineEndContext="#stay" name="syntax_error" noIndentationBasedFolding="true">
				<DetectSpaces attribute="Syntax Error" context="#pop" />
				<DetectIdentifier attribute="Syntax Error" context="#pop" />
				<RegExpr String="." attribute="Syntax Error" context="#pop" />
			</context>
			<context attribute="Syntax Error" lineEndContext="#stay" name="clause">
				<IncludeRules context="layout" />
				<RegExpr String="\.(?!(\(|[#$&amp;*+\-./:&lt;=&gt;?@^~\\]))" attribute="Warning (!use background)" context="#stay" />
				<RegExpr String="." attribute="Syntax Error" beginRegion="clause" context="term" lookAhead="true" />
			</context>
			<context attribute="Syntax Error" lineEndContext="#stay" name="term" noIndentationBasedFolding="true">
				<IncludeRules context="layout" />
				<DetectChar attribute="( ) [ ]" beginRegion="nested" char="(" context="nested" />
				<DetectChar attribute="( ) [ ]" beginRegion="list" char="[" context="list" />
				<DetectChar attribute="{ DCG }" beginRegion="curly" char="{" context="curly" />
				<DetectChar attribute="Logic &amp; Control" char="," context="#stay" />
				<DetectChar attribute="Logic &amp; Control" char="!" context="#stay" />
				<DetectChar attribute="Normal Text" char="|" context="#stay" />
				<Detect2Chars attribute="Syntax Error" char="." char1="(" context="list_functor" lookAhead="true" />
				<RegExpr String="\.(?!(\(|[#$&amp;*+\-./:&lt;=&gt;?@^~\\]))" attribute="Logic &amp; Control" context="#pop" endRegion="clause" />
				<IncludeRules context="atomic" />
			</context>
			<context attribute="Syntax Error" lineEndContext="#stay" name="nested" noIndentationBasedFolding="true">
				<IncludeRules context="layout" />
				<DetectChar attribute="( ) [ ]" char=")" context="#pop" endRegion="nested" />
				<DetectChar attribute="( ) [ ]" beginRegion="nested" char="(" context="nested" />
				<DetectChar attribute="( ) [ ]" beginRegion="list" char="[" context="list" />
				<DetectChar attribute="{ DCG }" beginRegion="curly" char="{" context="curly" />
				<DetectChar attribute="Logic &amp; Control" char="!" context="#stay" />
				<DetectChar attribute="Logic &amp; Control" char="," context="#stay" />
				<DetectChar attribute="Normal Text" char="|" context="#stay" />
				<Detect2Chars attribute="Normal Text" char="." char1="(" context="list_functor" lookAhead="true" />
				<RegExpr String="\.(?!(\(|[#$&amp;*+\-./:&lt;=&gt;?@^~\\]))" attribute="Warning (!use background)" context="#stay" />
				<IncludeRules context="atomic" />
			</context>
			<context attribute="Syntax Error" lineEndContext="#stay" name="list" noIndentationBasedFolding="true">
				<IncludeRules context="layout" />
				<DetectChar attribute="( ) [ ]" beginRegion="nested" char="(" context="nested" />
				<DetectChar attribute="( ) [ ]" char="]" context="#pop" endRegion="list" />
				<DetectChar attribute="( ) [ ]" beginRegion="list" char="[" context="list" />
				<DetectChar attribute="( ) [ ]" beginRegion="curly" char="{" context="curly" />
				<DetectChar attribute="Normal Text" char="," context="#stay" />
				<DetectChar attribute="Normal Text" char="!" context="#stay" />
				<DetectChar attribute="other built-in operator" char="|" context="#stay" />
				<Detect2Chars attribute="Normal Text" char="." char1="(" context="list_functor" lookAhead="true" />
				<IncludeRules context="atomic" />
			</context>
			<context attribute="Syntax Error" lineEndContext="#stay" name="curly" noIndentationBasedFolding="true">
				<IncludeRules context="layout" />
				<DetectChar attribute="( ) [ ]" beginRegion="nested" char="(" context="nested" />
				<DetectChar attribute="( ) [ ]" beginRegion="list" char="[" context="list" />
				<DetectChar attribute="{ DCG }" char="}" context="#pop" endRegion="curly" />
				<DetectChar attribute="{ DCG }" beginRegion="curly" char="{" context="curly" />
				<DetectChar attribute="Logic &amp; Control" char="," context="#stay" />
				<DetectChar attribute="Logic &amp; Control" char="!" context="#stay" />
				<DetectChar attribute="Normal Text" char="|" context="#stay" />
				<Detect2Chars attribute="Normal Text" char="." char1="(" context="list_functor" lookAhead="true" />
				<IncludeRules context="atomic" />
			</context>
			<context attribute="Syntax Error" lineEndContext="#stay" name="arith_expr" noIndentationBasedFolding="true">
				<DetectChar attribute="( ) [ ]" beginRegion="nested" char="(" context="nested_expr" />
				<DetectChar attribute="( ) [ ]" char=")" context="#pop" lookAhead="true" />
				<DetectChar attribute="{ DCG }" char="}" context="#pop" lookAhead="true" />
				<DetectChar attribute="( ) [ ]" char="]" context="#pop" lookAhead="true" />
				<DetectChar attribute="Logic &amp; Control" char="!" context="#pop" lookAhead="true" />
				<DetectChar attribute="Logic &amp; Control" char="," context="#pop" lookAhead="true" />
				<DetectChar attribute="other built-in operator" char="|" context="#pop" lookAhead="true" />
				<RegExpr String="\.(?!(\(|[#$&amp;*+\-./:&lt;=&gt;?@^~\\]))" attribute="Logic &amp; Control" context="#pop" lookAhead="true" />
				<RegExpr String="(;|-&gt;|\\\+|:-|=|\\=)(?![#$&amp;*+\-./:&lt;=&gt;?@^~\\])" attribute="Logic &amp; Control" context="#pop" lookAhead="true" />
				<IncludeRules context="arith_expr_common" />
			</context>
			<context attribute="Syntax Error" lineEndContext="#stay" name="nested_expr" noIndentationBasedFolding="true">
				<DetectChar attribute="( ) [ ]" beginRegion="nested" char="(" context="nested_expr" />
				<DetectChar attribute="( ) [ ]" char=")" context="#pop" endRegion="nested" />
				<DetectChar attribute="Normal Text" char="!" context="#stay" />
				<DetectChar attribute="Syntax Error" char="," context="#stay" />
				<DetectChar attribute="Normal Text" char="|" context="#stay" />
				<RegExpr String="(;|-&gt;|\\\+|:-|=|\\=)(?![#$&amp;*+\-./:&lt;=&gt;?@^~\\])" attribute="other built-in operator" context="#stay" />
				<IncludeRules context="arith_expr_common" />
			</context>
			<context attribute="Syntax Error" lineEndContext="syntax_error" name="list_functor">
				<DetectChar attribute="other built-in predicate" char="." context="#pop" />
			</context>
			<context attribute="'quo Ted'" lineEndContext="#stay" name="sq" noIndentationBasedFolding="true">
				<IncludeRules context="quoted_1st" />
				<RegExpr String="(''|\\[0-7]+\\|\\x[a-fA-F0-9]+\\|\\.|[^'\\]+)$" attribute="Syntax Error" context="syntax_error_sq" />
				<Detect2Chars attribute="escaped (!use background)" char="'" char1="'" context="#stay" />
				<DetectChar attribute="'quo Ted'" char="'" context="#pop#pop" endRegion="quoted" />
				<IncludeRules context="quoted_last" />
			</context>
			<context attribute="&quot;double-quoted&quot;" lineEndContext="#stay" name="dq" noIndentationBasedFolding="true">
				<IncludeRules context="quoted_1st" />
				<RegExpr String="(&quot;&quot;|\\[0-7]+\\|\\x[a-fA-F0-9]+\\|\\.|[^&quot;\\]+)$" attribute="Syntax Error" context="syntax_error_dq" />
				<Detect2Chars attribute="escaped (!use background)" char="&quot;" char1="&quot;" context="#stay" />
				<DetectChar attribute="&quot;double-quoted&quot;" char="&quot;" context="#pop#pop" endRegion="quoted" />
				<IncludeRules context="quoted_last" />
			</context>
			<context attribute="`back-quoted`" lineEndContext="#stay" name="bq" noIndentationBasedFolding="true">
				<IncludeRules context="quoted_1st" />
				<RegExpr String="(``|\\[0-7]+\\|\\x[a-fA-F0-9]+\\|\\.|[^`\\]+)$" attribute="Syntax Error" context="syntax_error_bq" />
				<Detect2Chars attribute="escaped (!use background)" char="`" char1="`" />
				<DetectChar attribute="`back-quoted`" char="`" context="#pop#pop" endRegion="quoted" />
				<IncludeRules context="quoted_last" />
			</context>
			<context attribute="'quo Ted'" lineEndContext="#stay" name="single-quoted">
				<RegExpr String="'$" attribute="Syntax Error" beginRegion="quoted" context="sq" />
				<DetectChar attribute="'quo Ted'" beginRegion="quoted" char="'" context="sq" />
			</context>
			<context attribute="&quot;double-quoted&quot;" lineEndContext="#stay" name="double-quoted">
				<RegExpr String="&quot;$" attribute="Syntax Error" beginRegion="quoted" context="dq" />
				<DetectChar attribute="&quot;double-quoted&quot;" beginRegion="quoted" char="&quot;" context="dq" />
			</context>
			<context attribute="`back-quoted`" lineEndContext="#stay" name="back-quoted">
				<RegExpr String="`$" attribute="Syntax Error" beginRegion="quoted" context="bq" />
				<DetectChar attribute="`back-quoted`" beginRegion="quoted" char="`" context="bq" />
			</context>
			<context attribute="Syntax Error" lineEndContext="#stay" name="syntax_error_sq" noIndentationBasedFolding="true">
				<Detect2Chars attribute="Syntax Error" char="\" char1="'" context="#pop" />
				<Detect2Chars attribute="Syntax Error" char="'" char1="'" context="#pop" />
				<DetectChar attribute="Syntax Error" char="'" context="#pop#pop#pop" endRegion="quoted" />
				<IncludeRules context="syntax_error" />
			</context>
			<context attribute="Syntax Error" lineEndContext="#stay" name="syntax_error_dq" noIndentationBasedFolding="true">
				<Detect2Chars attribute="Syntax Error" char="\" char1="&quot;" context="#pop" />
				<Detect2Chars attribute="Syntax Error" char="&quot;" char1="&quot;" context="#pop" />
				<DetectChar attribute="Syntax Error" char="&quot;" context="#pop#pop#pop" endRegion="quoted" />
				<IncludeRules context="syntax_error" />
			</context>
			<context attribute="Syntax Error" lineEndContext="#stay" name="syntax_error_bq" noIndentationBasedFolding="true">
				<Detect2Chars attribute="Syntax Error" char="\" char1="`" context="#pop" />
				<Detect2Chars attribute="Syntax Error" char="`" char1="`" context="#pop" />
				<DetectChar attribute="Syntax Error" char="`" context="#pop#pop#pop" endRegion="quoted" />
				<IncludeRules context="syntax_error" />
			</context>
			<context attribute="Syntax Error" lineEndContext="#pop" name="char_code">
				<Detect2Chars attribute="escaped (!use background)" char="'" char1="'" context="#pop" />
				<DetectChar attribute="Syntax Error" char="'" context="#pop" />
				<DetectChar attribute="escaped (!use background)" char="\" context="esc_seq_cc" />
				<DetectChar attribute="Warning (!use background)" char=" " context="#pop" />
				<RegExpr String="." attribute="0'a (!use background)" context="#pop" />
			</context>
			<context attribute="Syntax Error" fallthrough="true" fallthroughContext="#pop" lineEndContext="#stay" name="syntax_error_cc">
				<DetectSpaces attribute="Syntax Error" context="#pop" />
			</context>
			<context attribute="Syntax Error" lineEndContext="syntax_error" name="esc_seq_q">
				<RegExpr String="\\[0-7]+\\" attribute="0'a (!use background)" context="#pop" />
				<RegExpr String="\\x[a-fA-F0-9]+\\" attribute="0'a (!use background)" context="#pop" />
				<DetectChar attribute="escaped (!use background)" char="\" context="esc_seq_q2" />
			</context>
			<context attribute="Syntax Error" fallthrough="true" fallthroughContext="#pop" lineEndContext="#pop#pop" name="esc_seq_cc">
				<DetectChar attribute="Warning (!use background)" char=" " context="#pop#pop" />
				<AnyChar String="abfnrtv\'`&quot;]" attribute="escaped (!use background)" context="#pop#pop" />
			</context>
			<context attribute="Syntax Error" fallthrough="true" fallthroughContext="#pop#pop" lineEndContext="syntax_error" name="esc_seq_q2">
				<DetectChar attribute="Warning (!use background)" char=" " context="#pop#pop" />
				<AnyChar String="abfnrtv\'`&quot;]" attribute="escaped (!use background)" context="#pop#pop" />
			</context>
			<context attribute="Syntax Error" lineEndContext="#stay" name="id">
				<DetectIdentifier attribute="Normal Text" context="#pop" />
			</context>
			<context attribute="Syntax Error" lineEndContext="#stay" name="var">
				<DetectIdentifier attribute="_VARIABLE" context="#pop" />
			</context>
			<context attribute="Syntax Error" fallthrough="true" fallthroughContext="#pop" lineEndContext="#pop" name="graphic">
				<AnyChar String="#$&amp;*+-./:&lt;=&gt;?@^~\" attribute="Normal Text" context="#stay" />
			</context>
			<context attribute="Syntax Error" fallthrough="true" fallthroughContext="#pop" lineEndContext="#pop" name="bin">
				<AnyChar String="01" attribute="0b1001 0o007 0xF1" context="#stay" />
			</context>
			<context attribute="Syntax Error" fallthrough="true" fallthroughContext="#pop" lineEndContext="#pop" name="oct">
				<AnyChar String="01234567" attribute="0b1001 0o007 0xF1" context="#stay" />
			</context>
			<context attribute="Syntax Error" fallthrough="true" fallthroughContext="#pop" lineEndContext="#pop" name="hex">
				<AnyChar String="0123456789abcdefABCDEF" attribute="0b1001 0o007 0xF1" context="#stay" />
			</context>
			<context attribute="% italic predicates: w/ side effects" lineEndContext="#stay" name="comment-iso">
				<Detect2Chars attribute="% italic predicates: w/ side effects" char="*" char1="/" context="#pop" endRegion="comment" />
				<DetectSpaces />
				<IncludeRules context="##Alerts_indent" />
				<DetectIdentifier />
			</context>
			<context attribute="% italic predicates: w/ side effects" lineEndContext="#pop" name="1-comment">
				<DetectSpaces />
				<IncludeRules context="##Alerts_indent" />
				<DetectIdentifier />
			</context>
			<context attribute="%BEGIN folding region" lineEndContext="#pop" name="region_marker" noIndentationBasedFolding="true">
				<IncludeRules context="1-comment" />
			</context>
			<context attribute="Syntax Error" fallthrough="true" fallthroughContext="#pop" lineEndContext="#stay" name="layout_fold">
				<DetectSpaces attribute="Normal Text" />
				<StringDetect String="%BEGIN" attribute="%BEGIN folding region" beginRegion="user_region" context="region_marker" firstNonSpace="true" />
				<StringDetect String="%END" attribute="%BEGIN folding region" context="region_marker" endRegion="user_region" firstNonSpace="true" />
				<DetectChar attribute="% italic predicates: w/ side effects" char="%" context="1-comment" firstNonSpace="true" />
			</context>
			<context attribute="Syntax Error" lineEndContext="#stay" name="quoted_1st">
				<LineContinue attribute="escaped (!use background)" />
				<DetectSpaces attribute="escaped (!use background)" column="0" />
			</context>
			<context attribute="Syntax Error" lineEndContext="#stay" name="quoted_last">
				<DetectChar attribute="Syntax Error" char="\" context="esc_seq_q" lookAhead="true" />
				<DetectChar attribute="Warning (!use background)" char=" " />
				<DetectIdentifier />
				<DetectSpaces />
			</context>
			<context attribute="Syntax Error" lineEndContext="#stay" name="layout">
				<DetectSpaces attribute="Normal Text" />
				<Detect2Chars attribute="% italic predicates: w/ side effects" beginRegion="comment" char="/" char1="*" context="comment-iso" />
				<StringDetect String="%BEGIN" attribute="%BEGIN folding region" beginRegion="user_region" context="region_marker" firstNonSpace="true" />
				<StringDetect String="%END" attribute="%BEGIN folding region" context="region_marker" endRegion="user_region" firstNonSpace="true" />
				<DetectChar attribute="% italic predicates: w/ side effects" char="%" context="layout_fold" firstNonSpace="true" lookAhead="true" />
				<DetectChar attribute="% italic predicates: w/ side effects" char="%" context="1-comment" firstNonSpace="false" />
			</context>
			<context attribute="Syntax Error" lineEndContext="#stay" name="atomic">
				<keyword String="logic+control ISO" attribute="Logic &amp; Control" context="#stay" />
				<keyword String="types ISO" attribute="Type Checking" context="#stay" />
				<keyword String="dyn clause mgmt ISO" attribute="Dynamic Clause Management" context="#stay" />
				<keyword String="streams ISO" attribute="Stream I/O" context="#stay" />
				<keyword String="terms ISO" attribute="other built-in predicate" context="#stay" />
				<keyword String="prolog state ISO" attribute="Prolog State" context="#stay" />
				<keyword String="DCG non-ISO" attribute="{ DCG }" context="#stay" />
				<keyword String="arith eval ISO" attribute="Arithmetics" context="arith_expr" />
				<keyword String="built-ins ISO" attribute="other built-in predicate" context="#stay" />
				<keyword String="error term ISO" attribute="Guru Meditation" context="#stay" />
				<keyword String="guru meditation terms ISO" attribute="Guru Meditation Terms" context="#stay" />
				<keyword String="bogus ISO" attribute="ISO Bogus" context="#stay" />
				<IncludeRules context="number" />
				<DetectChar attribute="'quo Ted'" char="'" context="single-quoted" lookAhead="true" />
				<DetectChar attribute="`back-quoted`" char="`" context="back-quoted" lookAhead="true" />
				<DetectChar attribute="&quot;double-quoted&quot;" char="&quot;" context="double-quoted" lookAhead="true" />
				<IncludeRules context="operator" />
				<AnyChar String="abcdefghijklmnopqrstuvwxyz" attribute="Normal Text" context="id" lookAhead="true" />
				<AnyChar String="ABCDEFGHIJKLMNOPQRSTUVWXYZ_" attribute="_VARIABLE" context="var" lookAhead="true" />
				<AnyChar String="#$&amp;*+-./:&lt;=&gt;?@^~\" attribute="Normal Text" context="graphic" />
			</context>
			<context attribute="Syntax Error" lineEndContext="#stay" name="arith_expr_common">
				<IncludeRules context="layout" />
				<IncludeRules context="number" />
				<keyword String="arith eval ISO" attribute="Syntax Error" context="#pop" />
				<keyword String="bogus ISO" attribute="ISO bogus" context="#stay" />
				<keyword String="arith expr mixed ISO" attribute="Arithmetics" context="#stay" />
				<keyword String="arith expr int ISO" attribute="Integer Arithmetics" context="#stay" />
				<keyword String="arith expr float ISO" attribute="Float Arithmetics" context="#stay" />
				<keyword String="arith ops int ISO" attribute="Integer Arithmetics" context="#stay" />
				<RegExpr String="(=:=|=\\=|=&lt;|&lt;|&gt;=|&gt;)(?![#$&amp;*+\-./:&lt;=&gt;?@^~\\])" attribute="Syntax Error" context="#pop" />
				<RegExpr String="(\+|-|\*|\^)(?![#$&amp;*+\-./:&lt;=&gt;?@^~\\])" attribute="Arithmetics" context="#stay" />
				<RegExpr String="//(?![#$&amp;*+\-./:&lt;=&gt;?@^~\\])" attribute="Integer Arithmetics" context="#stay" />
				<RegExpr String="(/|\*\*)(?![#$&amp;*+\-./:&lt;=&gt;?@^~\\])" attribute="Float Arithmetics" context="#stay" />
				<RegExpr String="(/\\|\\/|\\|&lt;&lt;|&gt;&gt;)(?![#$&amp;*+\-./:&lt;=&gt;?@^~\\])" attribute="ISO bogus" context="#stay" />
				<IncludeRules context="operator" />
				<AnyChar String="abcdefghijklmnopqrstuvwxyz" attribute="Normal Text" context="id" lookAhead="true" />
				<AnyChar String="ABCDEFGHIJKLMNOPQRSTUVWXYZ_" attribute="_VARIABLE" context="var" lookAhead="true" />
				<AnyChar String="#$&amp;*+-./:&lt;=&gt;?@^~\" attribute="Normal Text" context="graphic" />
			</context>
			<context attribute="Syntax Error" lineEndContext="#pop" name="number">
				<RegExpr String="0'\\?$" attribute="Syntax Error" context="syntax_error_cc" />
				<Detect2Chars attribute="0'a (!use background)" char="0" char1="'" context="char_code" />
				<Detect2Chars attribute="0b1001 0o007 0xF1" char="0" char1="b" context="bin" />
				<Detect2Chars attribute="0b1001 0o007 0xF1" char="0" char1="o" context="oct" />
				<Detect2Chars attribute="0b1001 0o007 0xF1" char="0" char1="x" context="hex" />
				<RegExpr String="[0-9]+\.[0-9]+E[+\-]?[0-9]+" attribute="2.718281E-9" context="#stay" />
				<RegExpr String="[0-9]+\.[0-9]+" attribute="2.718281E-9" context="#stay" />
				<RegExpr String="[0-9]+E[+\-]?[0-9]+" attribute="2.718281E-9" context="#stay" />
				<Int attribute="1  2  3  42" context="#stay" />
			</context>
			<context attribute="Syntax Error" lineEndContext="#pop" name="operator">
				<keyword String="arith eval ISO" attribute="Arithmetics" context="arith_expr" />
				<keyword String="arith ops int ISO" attribute="other built-in operator" context="#stay" />
				<RegExpr String="(;|-&gt;|\\\+|:-|=|\\=)(?![#$&amp;*+\-./:&lt;=&gt;?@^~\\])" attribute="Logic &amp; Control" context="#stay" />
				<RegExpr String="(\?-|==|\\==|@=&lt;|@&lt;|@&gt;=|@&gt;|=\.\.|@|:)(?![#$&amp;*+\-./:&lt;=&gt;?@^~\\])" attribute="other built-in operator" context="#stay" />
				<RegExpr String="--&gt;(?![#$&amp;*+\-./:&lt;=&gt;?@^~\\])" attribute="{ DCG }" context="#stay" />
				<RegExpr String="(=:=|=\\=|=&lt;|&lt;|&gt;=|&gt;)(?![#$&amp;*+\-./:&lt;=&gt;?@^~\\])" attribute="Arithmetics" context="arith_expr" />
				<RegExpr String="(\+|-|\*|\^)(?![#$&amp;*+\-./:&lt;=&gt;?@^~\\])" attribute="other built-in operator" context="#stay" />
				<RegExpr String="//(?![#$&amp;*+\-./:&lt;=&gt;?@^~\\])" attribute="other built-in operator" context="#stay" />
				<RegExpr String="(/|\*\*)(?![#$&amp;*+\-./:&lt;=&gt;?@^~\\])" attribute="other built-in operator" context="#stay" />
				<RegExpr String="(/\\|\\/|\\|&lt;&lt;|&gt;&gt;)(?![#$&amp;*+\-./:&lt;=&gt;?@^~\\])" attribute="ISO bogus" context="#stay" />
			</context>
		</contexts>
		<itemDatas>
			<itemData defStyleNum="dsNormal" name="Normal Text" spellChecking="false" />
			<itemData name="_VARIABLE" defStyleNum="dsVariable" />
			<itemData defStyleNum="dsString" name="'quo  Ted'" />
			<itemData name="`back-quoted`" defStyleNum="dsSpecialString" />
			<itemData defStyleNum="dsOthers" name="&quot;double-quoted&quot;" />
			<itemData name="escaped (!use background)" defStyleNum="dsSpecialChar" />
			<itemData defStyleNum="dsFloat" name="2.718281E-9" spellChecking="false" />
			<itemData defStyleNum="dsDecVal" name="1  2  3  42" spellChecking="false" />
			<itemData defStyleNum="dsBaseN" name="0b1001 0o007 0xF1" spellChecking="false" />
			<itemData name="0'a (!use background)" defStyleNum="dsSpecialChar" />
			<itemData defStyleNum="dsNormal" name="( ) [ ]" spellChecking="false" />
			<itemData defStyleNum="dsKeyword" name="{ DCG }" spellChecking="false" />
			<itemData bold="true" defStyleNum="dsFunction" name="Prolog State" spellChecking="false" />
			<itemData defStyleNum="dsDataType" name="Type Checking" spellChecking="false" />
			<itemData defStyleNum="dsKeyword" name="Logic &amp; Control" spellChecking="false" />
			<itemData defStyleNum="dsFunction" name="other built-in operator" spellChecking="false" />
			<itemData defStyleNum="dsFunction" name="other built-in predicate" spellChecking="false" />
			<itemData defStyleNum="dsComment" name="% italic predicates: w/ side effects" />
			<itemData defStyleNum="dsComment" name="/* !avoid leading * to have folding */" />
			<itemData defStyleNum="dsKeyword" italic="true" name="Dynamic Clause Management" spellChecking="false" />
			<itemData defStyleNum="dsFunction" italic="true" name="Stream I/O" spellChecking="false" />
			<itemData bold="true" defStyleNum="dsDataType" italic="true" name="Arithmetics" spellChecking="false" />
			<itemData bold="true" defStyleNum="dsDecVal" italic="true" name="Integer Arithmetics" spellChecking="false" />
			<itemData bold="true" defStyleNum="dsFloat" italic="true" name="Float Arithmetics" spellChecking="false" />
			<itemData bold="true" defStyleNum="dsAlert" italic="true" name="ISO Bogus" spellChecking="false" />
			<itemData name="Guru Meditation" defStyleNum="dsNormal" />
			<itemData name="Guru Meditation Terms" defStyleNum="dsNormal" />
			<itemData defStyleNum="dsError" name="Syntax Error" spellChecking="false" />
			<itemData name="Warning (!use background)" defStyleNum="dsAlert" />
			<itemData defStyleNum="dsRegionMarker" name="%BEGIN folding region" spellChecking="false" />
		</itemDatas>
		<list name="logic+control ISO">
			<item> initialization </item>
			<item> fail </item>
			<item> repeat </item>
			<item> call </item>
			<item> catch </item>
			<item> throw </item>
			<item> true </item>
			<item> false </item>
			<item> once </item>
		</list>
		<list name="guru meditation terms ISO">
			<item> instantiation_error </item>
			<item> uninstantiation_error </item>
			<item> type_error </item>
			<item> domain_error </item>
			<item> existence_error </item>
			<item> permission_error </item>
			<item> representation_error </item>
			<item> evaluation_error </item>
			<item> resource_error </item>
			<item> syntax_error </item>
			<item> system_error </item>
		</list>
		<list name="listing non-ISO">
			<item> listing </item>
		</list>
		<list name="arith expr float ISO">
			<item> pi </item>
			<item> sqrt </item>
			<item> tan </item>
			<item> cos </item>
			<item> sin </item>
			<item> atan2 </item>
			<item> acos </item>
			<item> asin </item>
			<item> exp </item>
			<item> log </item>
			<item> float </item>
			<item> float_fractional_part </item>
			<item> float_integer_part </item>
		</list>
		<list name="list+is_list non-ISO">
			<item> list </item>
			<item> is_list </item>
		</list>
		<list name="dyn clause mgmt ISO">
			<item> dynamic </item>
			<item> asserta </item>
			<item> assertz </item>
			<item> retractall </item>
			<item> retract </item>
			<item> abolish </item>
			<item> clause </item>
		</list>
		<list name="arith expr mixed ISO">
			<item> abs </item>
			<item> sign </item>
			<item> min </item>
			<item> max </item>
		</list>
		<list name="built-ins ISO">
			<item> current_op </item>
			<item> current_prolog_flag </item>
			<item> current_input </item>
			<item> current_output </item>
			<item> set_input </item>
			<item> set_output </item>
			<item> close </item>
			<item> flush_output </item>
			<item> at_end_of_stream </item>
			<item> stream_property </item>
		</list>
		<list name="lists ISO">
			<item> sort </item>
			<item> keysort </item>
		</list>
		<list name="prolog state ISO">
			<item> multifile </item>
			<item> discontigous </item>
			<item> op </item>
			<item> set_prolog_flag </item>
		</list>
		<list name="streams ISO">
			<item> open </item>
			<item> set_stream_position </item>
			<item> get_char </item>
			<item> get_code </item>
			<item> peek_char </item>
			<item> peek_code </item>
			<item> get_byte </item>
			<item> peek_byte </item>
			<item> put_char </item>
			<item> put_code </item>
			<item> put_byte </item>
			<item> nl </item>
			<item> read_term </item>
			<item> read </item>
			<item> write_canonical </item>
			<item> writeq </item>
			<item> write </item>
		</list>
		<list name="terms ISO">
			<item> atom_concat </item>
			<item> atom_length </item>
			<item> atom_chars </item>
			<item> atom_codes </item>
			<item> arg </item>
			<item> subsumes_term </item>
			<item> acyclic_term </item>
			<item> char_code </item>
			<item> compare </item>
			<item> copy_term </item>
			<item> functor </item>
			<item> number_chars </item>
			<item> number_codes </item>
			<item> term_variables </item>
			<item> unify_with_occurs_check </item>
		</list>
		<list name="arith ops int ISO">
			<item> rem </item>
			<item> mod </item>
			<item> div </item>
		</list>
		<list name="streams deprecated">
			<item> append </item>
			<item> seeing </item>
			<item> seen </item>
			<item> see </item>
			<item> telling </item>
			<item> tell </item>
			<item> told </item>
			<item> get0 </item>
			<item> get </item>
			<item> skip </item>
			<item> put </item>
			<item> tab </item>
		</list>
		<list name="arith eval ISO">
			<item> is </item>
		</list>
		<list name="types ISO">
			<item> var </item>
			<item> nonvar </item>
			<item> atom </item>
			<item> integer </item>
			<item> float </item>
			<item> number </item>
			<item> atomic </item>
			<item> compound </item>
			<item> callable </item>
			<item> ground </item>
		</list>
		<list name="directives non-ISO">
			<item> consult </item>
			<item> built_in </item>
		</list>
		<list name="arith expr int ISO">
			<item> ceiling </item>
			<item> floor </item>
			<item> round </item>
			<item> truncate </item>
		</list>
		<list name="terms non-ISO">
			<item> number_atom </item>
			<item> expand_term </item>
			<item> term_expansion </item>
			<item> display </item>
			<item> print </item>
			<item> format </item>
			<item> portray_clause </item>
			<item> portray </item>
			<item> term_expansion </item>
		</list>
		<list name="DCG non-ISO">
			<item> phrase </item>
		</list>
		<list name="error term ISO">
			<item> error </item>
		</list>
		<list name="bogus ISO">
			<item> char_conversion </item>
			<item> current_char_conversion </item>
			<item> include </item>
			<item> ensure_loaded </item>
			<item> atan </item>
			<item> xor </item>
		</list>
		<list name="lists non-ISO">
			<item> append </item>
			<item> delete </item>
			<item> length </item>
			<item> last </item>
			<item> map_list </item>
			<item> min_list </item>
			<item> maplist </item>
			<item> msort </item>
			<item> memberchk </item>
			<item> member </item>
			<item> nth </item>
			<item> permutation </item>
			<item> reverse </item>
			<item> select </item>
			<item> prefix </item>
			<item> suffix </item>
			<item> sublist </item>
			<item> sum_list </item>
		</list>
	</highlighting>
	<general>
		<keywords additionalDeliminator="$#'&quot;`" casesensitive="true" />
		<folding indentationsensitive="true" />
		<comments>
			<comment name="singleLine" position="afterwhitespace" start="%" />
			<comment end="*/" name="multiLine" region="comment" start="/*" />
		</comments>
	</general>
</language>
