<?xml version="1.0" encoding="UTF-8"?>
<!DOCTYPE language SYSTEM "language.dtd">
<!-- read from /usr/share/katepart5/syntax/python.xml at 25/06/15 19:33:20 CEST -->
<language author="Michael Bueker" casesensitive="1" extensions="*.py;*.pyw;SConstruct;SConscript" kateversion="5.0" license="" mimetype="application/x-python;text/x-python" name="Python" section="Scripts" style="python" version="2.25">
	<highlighting>
		<contexts>
			<context attribute="Normal Text" lineEndContext="#stay" name="Normal">
				<keyword String="import" attribute="Import" context="#stay" />
				<keyword String="defs" attribute="Definition Keyword" context="#stay" />
				<keyword String="operators" attribute="Operator" context="#stay" />
				<keyword String="flow" attribute="Flow Control Keyword" context="#stay" />
				<keyword String="builtinfuncs" attribute="Builtin Function" context="#stay" />
				<keyword String="specialvars" attribute="Special Variable" context="#stay" />
				<keyword String="bindings" attribute="Extensions" context="#stay" />
				<keyword String="exceptions" attribute="Exceptions" context="#stay" />
				<keyword String="overloaders" attribute="Overloaders" context="#stay" />
				<RegExpr String="[a-zA-Z_][a-zA-Z_0-9]{2,}" attribute="Normal Text" context="#stay" />
				<RegExpr String=" ((([0-9]*\.[0-9]+|[0-9]+\.)|([0-9]+|([0-9]*\.[0-9]+|[0-9]+\.))[eE](\+|-)?[0-9]+)|[0-9]+)[jJ]" attribute="Complex" context="#stay" />
				<Float attribute="Float" context="#stay" />
				<HlCHex attribute="Hex" context="#stay" />
				<HlCOct attribute="Octal" context="#stay" />
				<Int attribute="Int" context="#stay">
					<StringDetect String="L" attribute="Int" context="#stay" insensitive="true" />
				</Int>
				<DetectChar attribute="Normal Text" beginRegion="Dictionary" char="{" context="Dictionary" />
				<DetectChar attribute="Normal Text" beginRegion="List" char="[" context="List" />
				<DetectChar attribute="Normal Text" beginRegion="Tuple" char="(" context="Tuple" />
				<IncludeRules context="CommentVariants" />
				<DetectChar attribute="Comment" char="#" context="Hash comment" />
				<IncludeRules context="StringVariants" />
				<AnyChar String="+*/%\|=;\!&lt;&gt;!^&amp;~-" attribute="Operator" context="#stay" />
				<RegExpr String="@[_a-zA-Z][\._a-zA-Z0-9]*" attribute="Decorator" firstNonSpace="true" />
			</context>
			<context attribute="Normal Text" fallthrough="true" fallthroughContext="#pop" lineEndContext="#pop" name="#CheckForString">
				<DetectSpaces />
				<LineContinue attribute="Normal Text" context="CheckForStringNext" />
			</context>
			<context attribute="Normal Text" fallthrough="true" fallthroughContext="#pop" lineEndContext="#pop" name="CheckForStringNext">
				<DetectSpaces />
				<LineContinue attribute="Normal Text" context="CheckForStringNext" />
				<IncludeRules context="StringVariants" />
			</context>
			<context attribute="Normal Text" lineEndContext="#stay" name="StringVariants">
				<DetectSpaces />
				<StringDetect String="'''" attribute="String" beginRegion="Tripple A-region" context="Tripple A-string" />
				<StringDetect String="u'''" attribute="String" beginRegion="Tripple A-region" context="Tripple A-string" insensitive="true" />
				<StringDetect String="&quot;&quot;&quot;" attribute="String" beginRegion="Tripple Q-region" context="Tripple Q-string" />
				<StringDetect String="u&quot;&quot;&quot;" attribute="String" beginRegion="Tripple Q-region" context="Tripple Q-string" insensitive="true" />
				<DetectChar attribute="String" char="'" context="Single A-string" />
				<StringDetect String="u'" attribute="String" context="Single A-string" insensitive="true" />
				<DetectChar attribute="String" char="&quot;" context="Single Q-string" />
				<StringDetect String="u&quot;" attribute="String" context="Single Q-string" insensitive="true" />
				<StringDetect String="r'''" attribute="Raw String" beginRegion="Tripple A-region" context="Raw Tripple A-string" insensitive="true" />
				<StringDetect String="ur'''" attribute="Raw String" beginRegion="Tripple A-region" context="Raw Tripple A-string" insensitive="true" />
				<StringDetect String="r&quot;&quot;&quot;" attribute="Raw String" beginRegion="Tripple Q-region" context="Raw Tripple Q-string" insensitive="true" />
				<StringDetect String="ur&quot;&quot;&quot;" attribute="Raw String" beginRegion="Tripple Q-region" context="Raw Tripple Q-string" insensitive="true" />
				<StringDetect String="r'" attribute="Raw String" context="Raw A-string" insensitive="true" />
				<StringDetect String="ur'" attribute="Raw String" context="Raw A-string" insensitive="true" />
				<StringDetect String="r&quot;" attribute="Raw String" context="Raw Q-string" insensitive="true" />
				<StringDetect String="ur&quot;" attribute="Raw String" context="Raw Q-string" insensitive="true" />
			</context>
			<context attribute="Normal Text" lineEndContext="#stay" name="CommentVariants">
				<DetectSpaces />
				<StringDetect String="'''" attribute="Comment" beginRegion="Tripple A-region" context="Tripple A-comment" firstNonSpace="true" />
				<StringDetect String="u'''" attribute="Comment" beginRegion="Tripple A-region" context="Tripple A-comment" firstNonSpace="true" insensitive="true" />
				<StringDetect String="&quot;&quot;&quot;" attribute="Comment" beginRegion="Tripple Q-region" context="Tripple Q-comment" firstNonSpace="true" />
				<StringDetect String="u&quot;&quot;&quot;" attribute="Comment" beginRegion="Tripple Q-region" context="Tripple Q-comment" firstNonSpace="true" insensitive="true" />
				<DetectChar attribute="Comment" char="'" context="Single A-comment" firstNonSpace="true" />
				<StringDetect String="u'" attribute="Comment" context="Single A-comment" firstNonSpace="true" insensitive="true" />
				<DetectChar attribute="Comment" char="&quot;" context="Single Q-comment" firstNonSpace="true" />
				<StringDetect String="u&quot;" attribute="Comment" context="Single Q-comment" firstNonSpace="true" insensitive="true" />
				<StringDetect String="r'''" attribute="Comment" beginRegion="Tripple A-region" context="Tripple A-comment" firstNonSpace="true" insensitive="true" />
				<StringDetect String="ur'''" attribute="Comment" beginRegion="Tripple A-region" context="Tripple A-comment" firstNonSpace="true" insensitive="true" />
				<StringDetect String="r&quot;&quot;&quot;" attribute="Comment" beginRegion="Tripple Q-region" context="Tripple Q-comment" firstNonSpace="true" insensitive="true" />
				<StringDetect String="ur&quot;&quot;&quot;" attribute="Comment" beginRegion="Tripple Q-region" context="Tripple Q-comment" firstNonSpace="true" insensitive="true" />
				<StringDetect String="r'" attribute="Comment" context="Single A-comment" firstNonSpace="true" insensitive="true" />
				<StringDetect String="ur'" attribute="Comment" context="Single A-comment" firstNonSpace="true" insensitive="true" />
				<StringDetect String="r&quot;" attribute="Comment" context="Single Q-comment" firstNonSpace="true" insensitive="true" />
				<StringDetect String="ur&quot;" attribute="Comment" context="Single Q-comment" firstNonSpace="true" insensitive="true" />
			</context>
			<context attribute="Normal Text" lineEndContext="#stay" name="Dictionary" noIndentationBasedFolding="true">
				<DetectSpaces />
				<DetectChar attribute="Normal Text" char="}" context="#pop" endRegion="Dictionary" />
				<IncludeRules context="StringVariants" />
				<IncludeRules context="Normal" />
			</context>
			<context attribute="Normal Text" lineEndContext="#stay" name="List" noIndentationBasedFolding="true">
				<DetectSpaces />
				<DetectChar attribute="Normal Text" char="]" context="#pop" endRegion="List" />
				<IncludeRules context="StringVariants" />
				<IncludeRules context="Normal" />
			</context>
			<context attribute="Normal Text" lineEndContext="#stay" name="Tuple" noIndentationBasedFolding="true">
				<DetectSpaces />
				<DetectChar attribute="Normal Text" char=")" context="#pop" endRegion="Tuple" />
				<IncludeRules context="StringVariants" />
				<IncludeRules context="Normal" />
			</context>
			<context attribute="Comment" lineEndContext="#pop" name="Hash comment">
				<IncludeRules context="##Alerts" />
				<IncludeRules context="##Modelines" />
			</context>
			<context attribute="Comment" lineEndContext="#stay" name="Tripple A-comment" noIndentationBasedFolding="true">
				<StringDetect String="'''" attribute="Comment" context="#pop" endRegion="Tripple A-region" />
				<IncludeRules context="##Alerts_indent" />
			</context>
			<context attribute="Comment" lineEndContext="#stay" name="Tripple Q-comment" noIndentationBasedFolding="true">
				<HlCChar attribute="Comment" context="#stay" />
				<StringDetect String="&quot;&quot;&quot;" attribute="Comment" context="#pop" endRegion="Tripple Q-region" />
				<IncludeRules context="##Alerts_indent" />
			</context>
			<context attribute="Comment" lineEndContext="#stay" name="Single A-comment">
				<HlCStringChar attribute="Comment" context="#stay" />
				<DetectChar attribute="Comment" char="'" context="#pop" />
				<IncludeRules context="##Alerts_indent" />
			</context>
			<context attribute="Comment" lineEndContext="#stay" name="Single Q-comment">
				<HlCStringChar attribute="Comment" context="#stay" />
				<DetectChar attribute="Comment" char="&quot;" context="#pop" />
				<IncludeRules context="##Alerts_indent" />
			</context>
			<context attribute="String Substitution" lineEndContext="#stay" name="stringformat">
				<RegExpr String="%((\([a-zA-Z0-9_]+\))?[#0\- +]?([1-9][0-9]*|\*)?(\.([1-9][0-9]*|\*))?[hlL]?[crsdiouxXeEfFgG%]|prog|default)" attribute="String Substitution" context="#stay" />
				<RegExpr String="\{([a-zA-Z0-9_]+|[0-9]+)(\.[a-zA-Z0-9_]+|\[[^ \]]+\])*(![rs])?(:([^}]?[&lt;&gt;=^])?[ +-]?#?0?[0-9]*(\.[0-9]+)?[bcdeEfFgGnosxX%]?)?\}" attribute="String Substitution" context="#stay" />
				<Detect2Chars attribute="String Substitution" char="{" char1="{" context="#stay" />
				<Detect2Chars attribute="String Substitution" char="}" char1="}" context="#stay" />
			</context>
			<context attribute="String" lineEndContext="#stay" name="Tripple A-string" noIndentationBasedFolding="true">
				<HlCStringChar attribute="String Char" context="#stay" />
				<IncludeRules context="stringformat" />
				<StringDetect String="'''" attribute="String" context="#pop#CheckForString" endRegion="Tripple A-region" />
			</context>
			<context attribute="Raw String" lineEndContext="#stay" name="Raw Tripple A-string" noIndentationBasedFolding="true">
				<HlCStringChar attribute="Raw String" context="#stay" />
				<IncludeRules context="stringformat" />
				<StringDetect String="'''" attribute="String" context="#pop#CheckForString" endRegion="Tripple A-region" />
			</context>
			<context attribute="String" lineEndContext="#stay" name="Tripple Q-string" noIndentationBasedFolding="true">
				<HlCStringChar attribute="String Char" context="#stay" />
				<IncludeRules context="stringformat" />
				<StringDetect String="&quot;&quot;&quot;" attribute="String" context="#pop#CheckForString" endRegion="Tripple Q-region" />
			</context>
			<context attribute="Raw String" lineEndContext="#stay" name="Raw Tripple Q-string" noIndentationBasedFolding="true">
				<HlCStringChar attribute="Raw String" context="#stay" />
				<IncludeRules context="stringformat" />
				<StringDetect String="&quot;&quot;&quot;" attribute="String" context="#pop#CheckForString" endRegion="Tripple Q-region" />
			</context>
			<context attribute="String" lineEndContext="#stay" name="Single A-string">
				<HlCStringChar attribute="String Char" context="#stay" />
				<IncludeRules context="stringformat" />
				<DetectChar attribute="String" char="'" context="#pop#CheckForString" />
			</context>
			<context attribute="String" lineEndContext="#stay" name="Single Q-string">
				<HlCStringChar attribute="String Char" context="#stay" />
				<IncludeRules context="stringformat" />
				<DetectChar attribute="String" char="&quot;" context="#pop#CheckForString" />
			</context>
			<context attribute="Raw String" lineEndContext="#stay" name="Raw A-string">
				<HlCStringChar attribute="Raw String" context="#stay" />
				<IncludeRules context="stringformat" />
				<DetectChar attribute="Raw String" char="'" context="#pop#CheckForString" />
			</context>
			<context attribute="Raw String" lineEndContext="#stay" name="Raw Q-string">
				<HlCStringChar attribute="Raw String" context="#stay" />
				<IncludeRules context="stringformat" />
				<DetectChar attribute="Raw String" char="&quot;" context="#pop#CheckForString" />
			</context>
		</contexts>
		<itemDatas>
			<itemData defStyleNum="dsNormal" name="Normal Text" spellChecking="false" />
			<itemData defStyleNum="dsKeyword" name="Definition Keyword" spellChecking="false" />
			<itemData defStyleNum="dsOperator" name="Operator" spellChecking="false" />
			<itemData defStyleNum="dsSpecialChar" name="String Substitution" spellChecking="false" />
			<itemData defStyleNum="dsControlFlow" name="Flow Control Keyword" spellChecking="false" />
			<itemData defStyleNum="dsBuiltIn" name="Builtin Function" spellChecking="false" />
			<itemData defStyleNum="dsVariable" name="Special Variable" spellChecking="false" />
			<itemData defStyleNum="dsExtension" name="Extensions" spellChecking="false" />
			<itemData defStyleNum="dsPreprocessor" name="Exceptions" spellChecking="false" />
			<itemData defStyleNum="dsFunction" name="Overloaders" spellChecking="false" />
			<itemData defStyleNum="dsImport" name="Import" spellChecking="false" />
			<itemData defStyleNum="dsChar" name="String Char" spellChecking="false" />
			<itemData defStyleNum="dsFloat" name="Float" spellChecking="false" />
			<itemData defStyleNum="dsDecVal" name="Int" spellChecking="false" />
			<itemData defStyleNum="dsBaseN" name="Hex" spellChecking="false" />
			<itemData defStyleNum="dsBaseN" name="Octal" spellChecking="false" />
			<itemData defStyleNum="dsOthers" name="Complex" spellChecking="false" />
			<itemData defStyleNum="dsComment" name="Comment" />
			<itemData defStyleNum="dsString" name="String" />
			<itemData defStyleNum="dsVerbatimString" name="Raw String" />
			<itemData defStyleNum="dsAttribute" name="Decorator" spellChecking="false" />
		</itemDatas>
		<list name="defs">
			<item> class </item>
			<item> def </item>
			<item> del </item>
			<item> global </item>
			<item> lambda </item>
			<item> nonlocal </item>
		</list>
		<list name="import">
			<item> import </item>
			<item> from </item>
			<item> as </item>
		</list>
		<list name="operators">
			<item> and </item>
			<item> in </item>
			<item> is </item>
			<item> not </item>
			<item> or </item>
		</list>
		<list name="overloaders">
			<item>__new__</item>
			<item>__init__</item>
			<item>__del__</item>
			<item>__repr__</item>
			<item>__str__</item>
			<item>__lt__</item>
			<item>__le__</item>
			<item>__eq__</item>
			<item>__ne__</item>
			<item>__gt__</item>
			<item>__ge__</item>
			<item>__cmp__</item>
			<item>__rcmp__</item>
			<item>__hash__</item>
			<item>__nonzero__</item>
			<item>__unicode__</item>
			<item>__getattr__</item>
			<item>__setattr__</item>
			<item>__delattr__</item>
			<item>__getattribute__</item>
			<item>__get__</item>
			<item>__set__</item>
			<item>__delete__</item>
			<item>__call__</item>
			<item>__len__</item>
			<item>__getitem__</item>
			<item>__setitem__</item>
			<item>__delitem__</item>
			<item>__iter__</item>
			<item>__reversed__</item>
			<item>__contains__</item>
			<item>__getslice__</item>
			<item>__setslice__</item>
			<item>__delslice__</item>
			<item>__add__</item>
			<item>__sub__</item>
			<item>__mul__</item>
			<item>__floordiv__</item>
			<item>__mod__</item>
			<item>__divmod__</item>
			<item>__pow__</item>
			<item>__lshift__</item>
			<item>__rshift__</item>
			<item>__and__</item>
			<item>__xor__</item>
			<item>__or__</item>
			<item>__div__</item>
			<item>__truediv__</item>
			<item>__radd__</item>
			<item>__rsub__</item>
			<item>__rmul__</item>
			<item>__rdiv__</item>
			<item>__rtruediv__</item>
			<item>__rfloordiv__</item>
			<item>__rmod__</item>
			<item>__rdivmod__</item>
			<item>__rpow__</item>
			<item>__rlshift__</item>
			<item>__rrshift__</item>
			<item>__rand__</item>
			<item>__rxor__</item>
			<item>__ror__</item>
			<item>__iadd__</item>
			<item>__isub__</item>
			<item>__imul__</item>
			<item>__idiv__</item>
			<item>__itruediv__</item>
			<item>__ifloordiv__</item>
			<item>__imod__</item>
			<item>__ipow__</item>
			<item>__ilshift__</item>
			<item>__irshift__</item>
			<item>__iand__</item>
			<item>__ixor__</item>
			<item>__ior__</item>
			<item>__neg__</item>
			<item>__pos__</item>
			<item>__abs__</item>
			<item>__invert__</item>
			<item>__complex__</item>
			<item>__int__</item>
			<item>__long__</item>
			<item>__float__</item>
			<item>__oct__</item>
			<item>__hex__</item>
			<item>__index__</item>
			<item>__coerce__</item>
			<item>__enter__</item>
			<item>__exit__</item>
			<item>__bytes__</item>
			<item>__format__</item>
			<item>__next__</item>
			<item>__dir__</item>
		</list>
		<list name="bindings">
			<item> SIGNAL </item>
			<item> SLOT </item>
			<item> connect </item>
		</list>
		<list name="builtinfuncs">
			<item> __import__ </item>
			<item> abs </item>
			<item> all </item>
			<item> any </item>
			<item> apply </item>
			<item> ascii </item>
			<item> basestring </item>
			<item> bin </item>
			<item> bool </item>
			<item> buffer </item>
			<item> bytearray </item>
			<item> bytes </item>
			<item> callable </item>
			<item> chr </item>
			<item> classmethod </item>
			<item> cmp </item>
			<item> coerce </item>
			<item> compile </item>
			<item> complex </item>
			<item> delattr </item>
			<item> dict </item>
			<item> dir </item>
			<item> divmod </item>
			<item> enumerate </item>
			<item> eval </item>
			<item> exec </item>
			<item> execfile </item>
			<item> file </item>
			<item> filter </item>
			<item> float </item>
			<item> format </item>
			<item> frozenset </item>
			<item> getattr </item>
			<item> globals </item>
			<item> hasattr </item>
			<item> hash </item>
			<item> help </item>
			<item> hex </item>
			<item> id </item>
			<item> input </item>
			<item> int </item>
			<item> intern </item>
			<item> isinstance </item>
			<item> issubclass </item>
			<item> iter </item>
			<item> len </item>
			<item> list </item>
			<item> locals </item>
			<item> long </item>
			<item> map </item>
			<item> max </item>
			<item> memoryview </item>
			<item> min </item>
			<item> next </item>
			<item> object </item>
			<item> oct </item>
			<item> open </item>
			<item> ord </item>
			<item> pow </item>
			<item> print </item>
			<item> property </item>
			<item> range </item>
			<item> raw_input </item>
			<item> reduce </item>
			<item> reload </item>
			<item> repr </item>
			<item> reversed </item>
			<item> round </item>
			<item> set </item>
			<item> setattr </item>
			<item> slice </item>
			<item> sorted </item>
			<item> staticmethod </item>
			<item> str </item>
			<item> sum </item>
			<item> super </item>
			<item> tuple </item>
			<item> type </item>
			<item> unichr </item>
			<item> unicode </item>
			<item> vars </item>
			<item> xrange </item>
			<item> zip </item>
		</list>
		<list name="specialvars">
			<item> None </item>
			<item> self </item>
			<item> True </item>
			<item> False </item>
			<item> NotImplemented </item>
			<item> Ellipsis </item>
			<item> __debug__ </item>
			<item> __file__ </item>
			<item> __name__ </item>
		</list>
		<list name="flow">
			<item> assert </item>
			<item> break </item>
			<item> continue </item>
			<item> elif </item>
			<item> else </item>
			<item> except </item>
			<item> finally </item>
			<item> for </item>
			<item> if </item>
			<item> pass </item>
			<item> raise </item>
			<item> return </item>
			<item> try </item>
			<item> while </item>
			<item> with </item>
			<item> yield </item>
		</list>
		<list name="exceptions">
			<item>ArithmeticError</item>
			<item>AssertionError</item>
			<item>AttributeError</item>
			<item>BaseException</item>
			<item>BlockingIOError</item>
			<item>BrokenPipeError</item>
			<item>BufferError</item>
			<item>BytesWarning</item>
			<item>ChildProcessError</item>
			<item>ConnectionAbortedError</item>
			<item>ConnectionError</item>
			<item>ConnectionRefusedError</item>
			<item>ConnectionResetError</item>
			<item>DeprecationWarning</item>
			<item>EnvironmentError</item>
			<item>EOFError</item>
			<item>Exception</item>
			<item>FileExistsError</item>
			<item>FileNotFoundError</item>
			<item>FloatingPointError</item>
			<item>FutureWarning</item>
			<item>GeneratorExit</item>
			<item>ImportError</item>
			<item>ImportWarning</item>
			<item>IndentationError</item>
			<item>IndexError</item>
			<item>InterruptedError</item>
			<item>IOError</item>
			<item>IsADirectoryError</item>
			<item>KeyboardInterrupt</item>
			<item>KeyError</item>
			<item>LookupError</item>
			<item>MemoryError</item>
			<item>NameError</item>
			<item>NotADirectoryError</item>
			<item>NotImplementedError</item>
			<item>OSError</item>
			<item>OverflowError</item>
			<item>PendingDeprecationWarning</item>
			<item>PermissionError</item>
			<item>ProcessLookupError</item>
			<item>ReferenceError</item>
			<item>ResourceWarning</item>
			<item>RuntimeError</item>
			<item>RuntimeWarning</item>
			<item>StandardError</item>
			<item>StopIteration</item>
			<item>SyntaxError</item>
			<item>SyntaxWarning</item>
			<item>SystemError</item>
			<item>SystemExit</item>
			<item>TabError</item>
			<item>TimeoutError</item>
			<item>TypeError</item>
			<item>UnboundLocalError</item>
			<item>UnicodeDecodeError</item>
			<item>UnicodeEncodeError</item>
			<item>UnicodeError</item>
			<item>UnicodeTranslateError</item>
			<item>UnicodeWarning</item>
			<item>UserWarning</item>
			<item>ValueError</item>
			<item>Warning</item>
			<item>WindowsError</item>
			<item>ZeroDivisionError</item>
		</list>
	</highlighting>
	<general>
		<folding indentationsensitive="1" />
		<emptyLines>
			<emptyLine regexpr="(?:\s+|\s*#.*)" />
		</emptyLines>
		<comments>
			<comment name="singleLine" position="afterwhitespace" start="#" />
		</comments>
		<indentation mode="python" />
		<keywords additionalDeliminator="#'" casesensitive="1" />
	</general>
</language>
