<?xml version="1.0" encoding="UTF-8"?>
<!-- read from /usr/share/katepart5/syntax/qml.xml at 26/09/15 17:36:25 CEST -->
<language author="Milian Wolff (mail@milianw.de)" extensions="*.qml" indenter="cstyle" kateversion="5.0" license="" mimetype="text/x-qml;application/x-qml" name="QML" section="Scripts" version="1.6">
	<highlighting>
		<contexts>
			<context attribute="Normal Text" lineEndContext="#stay" name="Normal">
				<DetectSpaces />
				<WordDetect String="import" attribute="Import" context="Import" />
				<keyword String="elements" attribute="Elements" context="#stay" />
				<WordDetect String="signal" attribute="Signal" context="Signal" />
				<WordDetect String="default property" attribute="Keywords" context="Property" />
				<WordDetect String="property" attribute="Keywords" context="Property" />
				<DetectChar attribute="String" char="&quot;" context="String" />
				<DetectChar attribute="Symbol" beginRegion="Brace" char="{" context="Object" />
				<IncludeRules context="Normal##JavaScript" />
			</context>
			<context attribute="ImportValue" lineEndContext="#pop" name="Import">
				
			</context>
			<context attribute="Normal Text" lineEndContext="#pop" name="Property">
				<WordDetect String="alias" attribute="Property Type" context="#stay" />
				<keyword String="types" attribute="Property Type" context="#stay" />
				<DetectSpaces />
				<DetectIdentifier />
				<DetectSpaces />
				<DetectChar char=":" context="#pop" />
			</context>
			<context attribute="Normal Text" lineEndContext="#pop" name="Signal">
				<DetectSpaces />
				<DetectIdentifier />
				<DetectChar char="(" context="SignalParameter" />
			</context>
			<context attribute="Normal Text" lineEndContext="#pop" name="SignalParameter">
				<DetectSpaces />
				<keyword String="types" attribute="Property Type" context="#stay" />
				<DetectSpaces />
				<DetectIdentifier />
				<DetectSpaces />
				<AnyChar String=")" context="#pop" />
			</context>
			<context attribute="String" lineEndContext="#stay" name="String">
				<HlCStringChar attribute="Escape" />
				<RegExpr String="\\u[0-9a-fA-F]{4}" attribute="Escape" />
				<DetectChar attribute="String" char="&quot;" context="#pop" />
			</context>
			<context attribute="Normal Text" lineEndContext="#stay" name="Object">
				<keyword String="keywords" attribute="Keyword" />
				<RegExpr String="[a-zA-Z_$][\w$]*\s*(?=:)" attribute="Property Type" />
				<DetectChar attribute="Symbol" char="}" context="#pop" endRegion="Brace" />
				<IncludeRules context="Normal" />
			</context>
		</contexts>
		<itemDatas>
			<itemData defStyleNum="dsNormal" name="Normal Text" spellChecking="false" />
			<itemData defStyleNum="dsKeyword" name="Import" spellChecking="false" />
			<itemData defStyleNum="dsString" name="ImportValue" spellChecking="false" />
			<itemData defStyleNum="dsKeyword" name="Keywords" spellChecking="false" />
			<itemData name="Elements" defStyleNum="dsKeyword" />
			<itemData name="Signal" defStyleNum="dsKeyword" />
			<itemData defStyleNum="dsDataType" name="Property Type" spellChecking="false" />
			<itemData defStyleNum="dsString" name="String" />
			<itemData defStyleNum="dsSpecialChar" name="Escape" spellChecking="false" />
		</itemDatas>
		<list name="types">
			<item>string</item>
			<item>int</item>
			<item>bool</item>
			<item>date</item>
			<item>color</item>
			<item>url</item>
			<item>real</item>
			<item>double</item>
			<item>var</item>
			<item>variant</item>
		</list>
		<list name="elements">
			<item>State</item>
			<item>PropertyChanges</item>
			<item>StateGroup</item>
			<item>ParentChange</item>
			<item>StateChangeScript</item>
			<item>AnchorChanges</item>
			<item>PropertyAnimation</item>
			<item>NumberAnimation</item>
			<item>ColorAnimation</item>
			<item>SequentialAnimation</item>
			<item>ParallelAnimation</item>
			<item>PauseAnimation</item>
			<item>PropertyAction</item>
			<item>ParentAction</item>
			<item>ScriptAction</item>
			<item>Transition</item>
			<item>SpringFollow</item>
			<item>EaseFollow</item>
			<item>Behavior</item>
			<item>Binding</item>
			<item>ListModel</item>
			<item>ListElement</item>
			<item>VisualItemModel</item>
			<item>XmlListModel</item>
			<item>XmlRole</item>
			<item>DateTimeFormatter</item>
			<item>NumberFormatter</item>
			<item>Script</item>
			<item>Connections</item>
			<item>Component</item>
			<item>Timer</item>
			<item>QtObject</item>
			<item>Item</item>
			<item>Rectangle</item>
			<item>Image</item>
			<item>BorderImage</item>
			<item>Text</item>
			<item>TextInput</item>
			<item>TextEdit</item>
			<item>MouseArea</item>
			<item>FocusScope</item>
			<item>Flickable</item>
			<item>Flipable</item>
			<item>WebView</item>
			<item>Loader</item>
			<item>Repeater</item>
			<item>SystemPalette</item>
			<item>GraphicsObjectContainer</item>
			<item>LayoutItem</item>
			<item>ListView</item>
			<item>GridView</item>
			<item>PathView</item>
			<item>Path</item>
			<item>PathLine</item>
			<item>PathQuad</item>
			<item>PathCubic</item>
			<item>PathAttribute</item>
			<item>PathPercent</item>
			<item>Column</item>
			<item>Row</item>
			<item>Grid</item>
			<item>Scale</item>
			<item>Rotation</item>
			<item>Blur</item>
			<item>Colorize</item>
			<item>DropShadow</item>
			<item>Opacity</item>
			<item>Particles</item>
			<item>ParticleMotionLinear</item>
			<item>ParticleMotionGravity</item>
			<item>ParticleMotionWander</item>
			<item>Gradient</item>
			<item>GradientStop</item>
			<item>MouseRegion</item>
		</list>
	</highlighting>
	<general>
		<comments>
			<comment name="singleLine" start="//" />
			<comment end="*/" name="multiLine" start="/*" />
		</comments>
		<keywords casesensitive="1" />
	</general>
</language>
