<?xml version="1.0" encoding="UTF-8"?>
<!-- read from /usr/share/katepart5/syntax/r.xml at 26/06/15 21:53:27 CEST -->
<language extensions="*.R;*.r;*.S;*.s;*.q" kateversion="2.3" license="GPL" mimetype="" name="R Script" section="Scripts" version="2.07">
	<highlighting>
		<contexts>
			<context attribute="Normal Text" lineEndContext="#stay" name="level0">
				<IncludeRules context="CommonRules" />
				<DetectChar attribute="Error" char="}" context="#stay" />
				<DetectChar attribute="Error" char=")" context="#stay" />
			</context>
			<context attribute="Normal Text" lineEndContext="#stay" name="ctx0">
				<IncludeRules context="CommonRules" />
				<DetectChar attribute="Symbol" char="}" context="#pop" endRegion="Brace1" />
				<DetectChar attribute="Error" char=")" context="#stay" />
			</context>
			<context attribute="In Parenthesis" lineEndContext="#stay" name="parenthesis">
				<LineContinue attribute="Boolean" context="#stay" />
				<DetectChar attribute="Symbol" char=")" context="#pop" />
				<RegExpr String="[a-zA-Z_\.][0-9a-zA-Z_\.]*[\s]*=(?=([^=]|$))" attribute="Identifier" context="#stay" />
				<IncludeRules context="CommonRules" />
				<DetectChar attribute="Error" char="}" context="#stay" />
			</context>
			<context attribute="String" lineEndContext="#stay" name="string">
				<DetectChar attribute="String" char="&quot;" context="#pop" />
				<HlCStringChar attribute="String Char" context="#stay" />
			</context>
			<context attribute="String" lineEndContext="#stay" name="string2">
				<DetectChar attribute="String" char="'" context="#pop" />
				<HlCStringChar attribute="String Char" context="#stay" />
			</context>
			<context attribute="Identifier" lineEndContext="#stay" name="backquotedsymbol">
				<DetectChar attribute="String" char="`" context="#pop" />
				<HlCStringChar attribute="String Char" context="#stay" />
			</context>
			<context attribute="Normal Text" fallthrough="true" fallthroughContext="#pop" lineEndContext="#stay" name="operator_rhs">
				<StringDetect String="##" attribute="Headline" context="Headline" />
				<DetectChar attribute="Comment" char="#" context="Comment" />
				<DetectChar attribute="String" char=" " context="#stay" />
				<RegExpr String="(\*|/|&lt;|&gt;|\!=|=|\||&amp;|:|\^|@|\$|~)" attribute="Error" context="#stay" />
			</context>
			<context attribute="Headline" lineEndContext="#pop" name="Headline" />
			<context attribute="Comment" lineEndContext="#pop" name="Comment" />
			<context attribute="Normal Text" lineEndContext="#stay" name="CommonRules">
				<DetectChar attribute="String" char="&quot;" context="string" />
				<DetectChar attribute="String" char="'" context="string2" />
				<DetectChar attribute="String" char="`" context="backquotedsymbol" />
				<keyword String="controls" attribute="Control Structure" context="#stay" />
				<keyword String="words" attribute="Reserved Words" context="#stay" />
				<Float attribute="Float" context="#stay" />
				<Int attribute="Int" context="#stay" />
				<RegExpr String="[a-zA-Z_]+[a-zA-Z_\.0-9]*(?=[\s]*[(])" attribute="Keyword" context="#stay" />
				<RegExpr String="\.[a-zA-Z_\.]+[a-zA-Z_\.0-9]*(?=[\s]*[(])" attribute="Keyword" context="#stay" />
				<RegExpr String="\(" attribute="Symbol" context="parenthesis" />
				<StringDetect String="##" attribute="Headline" context="Headline" />
				<DetectChar attribute="Comment" char="#" context="Comment" />
				<RegExpr String="[&lt;]{1,2}\-" attribute="Assign" context="operator_rhs" />
				<RegExpr String="\-[&gt;]{1,2}" attribute="Assign" context="operator_rhs" />
				<RegExpr String="=(?!=)" attribute="Assign" context="operator_rhs" />
				<RegExpr String="(\+|\-|\*{1,2}|/|&lt;=?|&gt;=?|={1,2}|\!=?|\|{1,2}|&amp;{1,2}|:{1,3}|\^|@|\$|~)" attribute="Operator" context="operator_rhs" />
				<RegExpr String="%[^%]*%" attribute="Operator" context="operator_rhs" />
				<DetectChar attribute="Symbol" beginRegion="Brace1" char="{" context="ctx0" />
				<DetectChar attribute="Symbol" char="[" context="#stay" />
				<DetectChar attribute="Symbol" char="]" context="#stay" />
			</context>
		</contexts>
		<itemDatas>
			<itemData defStyleNum="dsNormal" name="Normal Text" />
			<itemData defStyleNum="dsNormal" name="Symbol" />
			<itemData defStyleNum="dsKeyword" name="Keyword" />
			<itemData defStyleNum="dsDataType" name="Identifier" />
			<itemData defStyleNum="dsString" name="String" />
			<itemData name="Headline" defStyleNum="dsNormal" />
			<itemData defStyleNum="dsComment" name="Comment" />
			<itemData name="Assign" defStyleNum="dsNormal" />
			<itemData name="Control Structure" defStyleNum="dsControlFlow" />
			<itemData defStyleNum="dsOthers" name="Reserved Words" />
			<itemData defStyleNum="dsError" name="Error" />
			<itemData name="Operator" defStyleNum="dsOperator" />
			<itemData defStyleNum="dsChar" name="String Char" />
			<itemData defStyleNum="dsFloat" name="Float" />
			<itemData defStyleNum="dsDecVal" name="Int" />
		</itemDatas>
		<list name="controls">
			<item> for </item>
			<item> in </item>
			<item> next </item>
			<item> break </item>
			<item> while </item>
			<item> repeat </item>
			<item> if </item>
			<item> else </item>
			<item> switch </item>
			<item> function </item>
		</list>
		<list name="words">
			<item> TRUE </item>
			<item> FALSE </item>
			<item> NULL </item>
			<item> NA </item>
			<item> NA_integer_ </item>
			<item> NA_real_ </item>
			<item> NA_complex_ </item>
			<item> NA_character_ </item>
			<item> Inf </item>
			<item> NaN </item>
		</list>
	</highlighting>
	<general>
		<comments>
			<comment end="" name="singleLine" start="#" />
		</comments>
		<keywords additionalDeliminator="$" casesensitive="true" weakDeliminator="." />
	</general>
</language>
