<?xml version="1.0" encoding="UTF-8"?>
<!-- read from /usr/share/katepart5/syntax/rhtml.xml at 26/06/15 21:52:57 CEST -->
<language author="Richard Dale rdale@foton.es" extensions="*.rhtml;*.html.erb" kateversion="2.4" license="LGPL" mimetype="" name="Ruby/Rails/RHTML" section="Markup" version="1.01">
	<highlighting>
		<contexts>
			<context attribute="Normal Text" lineEndContext="#stay" name="Start">
				<IncludeRules context="FindHTML" />
			</context>
			<context attribute="Normal Text" lineEndContext="#stay" name="FindHTML">
				<DetectSpaces />
				<DetectIdentifier />
				<RegExpr String="&lt;%=?" attribute="Keyword" context="rubysource" />
				<StringDetect String="%" attribute="Keyword" context="rubysourceline" />
				<StringDetect String="&lt;!--" attribute="Comment" beginRegion="comment" context="Comment" />
				<StringDetect String="&lt;![CDATA[" attribute="CDATA" beginRegion="cdata" context="CDATA" />
				<RegExpr String="&lt;!DOCTYPE\s+" attribute="Doctype" beginRegion="doctype" context="Doctype" />
				<RegExpr String="&lt;\?[\w:-]*" attribute="Processing Instruction" beginRegion="pi" context="PI" />
				<RegExpr String="&lt;style\b" attribute="Element" beginRegion="style" context="CSS" insensitive="true" />
				<RegExpr String="&lt;script\b" attribute="Element" beginRegion="script" context="JS" insensitive="true" />
				<RegExpr String="&lt;pre\b" attribute="Element" beginRegion="pre" context="El Open" insensitive="true" />
				<RegExpr String="&lt;div\b" attribute="Element" beginRegion="div" context="El Open" insensitive="true" />
				<RegExpr String="&lt;table\b" attribute="Element" beginRegion="table" context="El Open" insensitive="true" />
				<RegExpr String="&lt;[A-Za-z_:][\w.:_-]*" attribute="Element" context="El Open" />
				<RegExpr String="&lt;/pre\b" attribute="Element" context="El Close" endRegion="pre" insensitive="true" />
				<RegExpr String="&lt;/div\b" attribute="Element" context="El Close" endRegion="div" insensitive="true" />
				<RegExpr String="&lt;/table\b" attribute="Element" context="El Close" endRegion="table" insensitive="true" />
				<RegExpr String="&lt;/[A-Za-z_:][\w.:_-]*" attribute="Element" context="El Close" />
				<IncludeRules context="FindDTDRules" />
				<IncludeRules context="FindEntityRefs" />
			</context>
			<context attribute="Normal Text" lineEndContext="#stay" name="FindEntityRefs">
				<RegExpr String="&amp;(#[0-9]+|#[xX][0-9A-Fa-f]+|[A-Za-z_:][\w.:_-]*);" attribute="EntityRef" context="#stay" />
				<AnyChar String="&amp;&lt;" attribute="Error" context="#stay" />
			</context>
			<context attribute="Normal Text" lineEndContext="#stay" name="FindPEntityRefs">
				<RegExpr String="&amp;(#[0-9]+|#[xX][0-9A-Fa-f]+|[A-Za-z_:][\w.:_-]*);" attribute="EntityRef" context="#stay" />
				<RegExpr String="%[A-Za-z_:][\w.:_-]*;" attribute="PEntityRef" context="#stay" />
				<AnyChar String="&amp;%" attribute="Error" context="#stay" />
			</context>
			<context attribute="Normal Text" lineEndContext="#stay" name="FindAttributes">
				<RegExpr String="[A-Za-z_:][\w.:_-]*" attribute="Attribute" column="0" context="#stay" />
				<RegExpr String="\s+[A-Za-z_:][\w.:_-]*" attribute="Attribute" context="#stay" />
				<DetectChar attribute="Attribute" char="=" context="Value" />
			</context>
			<context attribute="Normal Text" lineEndContext="#stay" name="FindDTDRules">
				<RegExpr String="&lt;!(ELEMENT|ENTITY|ATTLIST|NOTATION)\b" attribute="Doctype" context="Doctype Markupdecl" />
			</context>
			<context attribute="Comment" lineEndContext="#stay" name="Comment">
				<DetectSpaces />
				<IncludeRules context="##Alerts" />
				<DetectIdentifier />
				<StringDetect String="--&gt;" attribute="Comment" context="#pop" endRegion="comment" />
				<RegExpr String="-(-(?!-&gt;))+" attribute="Error" context="#stay" />
			</context>
			<context attribute="Normal Text" lineEndContext="#stay" name="CDATA">
				<DetectSpaces />
				<DetectIdentifier />
				<StringDetect String="]]&gt;" attribute="CDATA" context="#pop" endRegion="cdata" />
				<StringDetect String="]]&amp;gt;" attribute="EntityRef" context="#stay" />
			</context>
			<context attribute="Normal Text" lineEndContext="#stay" name="PI">
				<Detect2Chars attribute="Processing Instruction" char="?" char1="&gt;" context="#pop" endRegion="pi" />
			</context>
			<context attribute="Normal Text" lineEndContext="#stay" name="Doctype">
				<DetectChar attribute="Doctype" char="&gt;" context="#pop" endRegion="doctype" />
				<DetectChar attribute="Doctype" beginRegion="int_subset" char="[" context="Doctype Internal Subset" />
			</context>
			<context attribute="Normal Text" lineEndContext="#stay" name="Doctype Internal Subset">
				<DetectChar attribute="Doctype" char="]" context="#pop" endRegion="int_subset" />
				<IncludeRules context="FindDTDRules" />
				<StringDetect String="&lt;!--" attribute="Comment" beginRegion="comment" context="Comment" />
				<RegExpr String="&lt;\?[\w:-]*" attribute="Processing Instruction" beginRegion="pi" context="PI" />
				<IncludeRules context="FindPEntityRefs" />
			</context>
			<context attribute="Normal Text" lineEndContext="#stay" name="Doctype Markupdecl">
				<DetectChar attribute="Doctype" char="&gt;" context="#pop" />
				<DetectChar attribute="Value" char="&quot;" context="Doctype Markupdecl DQ" />
				<DetectChar attribute="Value" char="'" context="Doctype Markupdecl SQ" />
			</context>
			<context attribute="Value" lineEndContext="#stay" name="Doctype Markupdecl DQ">
				<RegExpr String="&lt;%=?" attribute="Keyword" context="rubysource" />
				<DetectChar attribute="Value" char="&quot;" context="#pop" />
				<IncludeRules context="FindPEntityRefs" />
			</context>
			<context attribute="Value" lineEndContext="#stay" name="Doctype Markupdecl SQ">
				<RegExpr String="&lt;%=?" attribute="Keyword" context="rubysource" />
				<DetectChar attribute="Value" char="'" context="#pop" />
				<IncludeRules context="FindPEntityRefs" />
			</context>
			<context attribute="Normal Text" lineEndContext="#stay" name="El Open">
				<RegExpr String="&lt;%=?" attribute="Keyword" context="rubysource" />
				<Detect2Chars attribute="Element" char="/" char1="&gt;" context="#pop" />
				<DetectChar attribute="Element" char="&gt;" context="#pop" />
				<IncludeRules context="FindAttributes" />
				<RegExpr String="\S" attribute="Error" context="#stay" />
			</context>
			<context attribute="Normal Text" lineEndContext="#stay" name="El Close">
				<RegExpr String="&lt;%=?" attribute="Keyword" context="rubysource" />
				<DetectChar attribute="Element" char="&gt;" context="#pop" />
				<RegExpr String="\S" attribute="Error" context="#stay" />
			</context>
			<context attribute="Normal Text" lineEndContext="#stay" name="El Close 2">
				<RegExpr String="&lt;%=?" attribute="Keyword" context="rubysource" />
				<DetectChar attribute="Element" char="&gt;" context="#pop#pop#pop" />
				<RegExpr String="\S" attribute="Error" context="#stay" />
			</context>
			<context attribute="Normal Text" lineEndContext="#stay" name="El Close 3">
				<RegExpr String="&lt;%=?" attribute="Keyword" context="rubysource" />
				<DetectChar attribute="Element" char="&gt;" context="#pop#pop#pop#pop" />
				<RegExpr String="\S" attribute="Error" context="#stay" />
			</context>
			<context attribute="Normal Text" lineEndContext="#stay" name="CSS">
				<RegExpr String="&lt;%=?" attribute="Keyword" context="rubysource" />
				<Detect2Chars attribute="Element" char="/" char1="&gt;" context="#pop" endRegion="style" />
				<DetectChar attribute="Element" char="&gt;" context="CSS content" />
				<IncludeRules context="FindAttributes" />
				<RegExpr String="\S" attribute="Error" context="#stay" />
			</context>
			<context attribute="Normal Text" lineEndContext="#stay" name="CSS content">
				<RegExpr String="&lt;%=?" attribute="Keyword" context="rubysource" />
				<RegExpr String="&lt;/style\b" attribute="Element" context="El Close 2" endRegion="style" insensitive="true" />
				<IncludeRules context="##CSS" includeAttrib="true" />
			</context>
			<context attribute="Normal Text" lineEndContext="#stay" name="JS">
				<RegExpr String="&lt;%=?" attribute="Keyword" context="rubysource" />
				<Detect2Chars attribute="Element" char="/" char1="&gt;" context="#pop" endRegion="script" />
				<DetectChar attribute="Element" char="&gt;" context="JS content" />
				<IncludeRules context="FindAttributes" />
				<RegExpr String="\S" attribute="Error" context="#stay" />
			</context>
			<context attribute="Normal Text" lineEndContext="#stay" name="JS content">
				<RegExpr String="&lt;%=?" attribute="Keyword" context="rubysource" />
				<RegExpr String="&lt;/script\b" attribute="Element" context="El Close 2" endRegion="script" insensitive="true" />
				<RegExpr String="//(?=.*&lt;/script\b)" attribute="Comment" context="JS comment close" insensitive="true" />
				<IncludeRules context="Normal##JavaScript" includeAttrib="true" />
			</context>
			<context attribute="Comment" lineEndContext="#pop" name="JS comment close">
				<RegExpr String="&lt;/script\b" attribute="Element" context="El Close 3" endRegion="script" insensitive="true" />
				<IncludeRules context="##Alerts" />
			</context>
			<context attribute="Normal Text" fallthrough="true" fallthroughContext="Value NQ" lineEndContext="#stay" name="Value">
				<RegExpr String="&lt;%=?" attribute="Keyword" context="rubysource" />
				<DetectChar attribute="Value" char="&quot;" context="Value DQ" />
				<DetectChar attribute="Value" char="'" context="Value SQ" />
				<DetectSpaces />
			</context>
			<context attribute="Normal Text" fallthrough="true" fallthroughContext="#pop#pop" lineEndContext="#pop#pop" name="Value NQ">
				<RegExpr String="&lt;%=?" attribute="Keyword" context="rubysource" />
				<IncludeRules context="FindEntityRefs" />
				<RegExpr String="/(?!&gt;)" attribute="Value" context="#stay" />
				<RegExpr String="[^/&gt;&lt;&quot;'\s]" attribute="Value" context="#stay" />
			</context>
			<context attribute="Value" lineEndContext="#stay" name="Value DQ">
				<RegExpr String="&lt;%=?" attribute="Keyword" context="rubysource" />
				<DetectChar attribute="Value" char="&quot;" context="#pop#pop" />
				<IncludeRules context="FindEntityRefs" />
			</context>
			<context attribute="Value" lineEndContext="#stay" name="Value SQ">
				<RegExpr String="&lt;%=?" attribute="Keyword" context="rubysource" />
				<DetectChar attribute="Value" char="'" context="#pop#pop" />
				<IncludeRules context="FindEntityRefs" />
			</context>
			<context attribute="RUBY RAILS ERB Text" lineEndContext="#pop" name="rubysourceline">
				<IncludeRules context="rubysource" />
			</context>
			<context attribute="RUBY RAILS ERB Text" lineEndContext="#stay" name="rubysource">
				<LineContinue attribute="Ruby Normal Text" context="Line Continue" />
				<RegExpr String="-?%&gt;" attribute="Keyword" context="#pop" />
				<RegExpr String="__END__$" attribute="Keyword" column="0" context="DATA" />
				<RegExpr String="#!\/.*" attribute="Keyword" column="0" context="#stay" />
				<RegExpr String="(\=|\(|\[|\{)\s*(if|unless|while|until)\b" attribute="Keyword" beginRegion="def block" context="#stay" />
				<RegExpr String="(while|until)\b(?!.*\bdo\b)" attribute="Keyword" beginRegion="def block" context="#stay" firstNonSpace="true" />
				<RegExpr String="\;\s*(while|until)\b(?!.*\bdo\b)" attribute="Keyword" beginRegion="def block" context="#stay" />
				<RegExpr String="(if|unless)\b" attribute="Keyword" beginRegion="def block" context="#stay" firstNonSpace="true" />
				<RegExpr String="\;\s*(if|unless)\b" attribute="Keyword" beginRegion="def block" context="#stay" />
				<RegExpr String="\bclass\b" attribute="Keyword" beginRegion="def block" context="#stay" />
				<RegExpr String="\bmodule\b" attribute="Keyword" beginRegion="def block" context="#stay" />
				<RegExpr String="\bbegin\b" attribute="Keyword" beginRegion="def block" context="#stay" />
				<RegExpr String="\bfor\b(?!.*\bdo\b)" attribute="Keyword" beginRegion="def block" context="#stay" />
				<RegExpr String="\bcase\b" attribute="Keyword" beginRegion="def block" context="#stay" />
				<RegExpr String="\bdo\b" attribute="Keyword" beginRegion="def block" context="#stay" />
				<RegExpr String="\bdef\b" attribute="Keyword" beginRegion="def block" context="#stay" />
				<RegExpr String="\bend\b" attribute="Keyword" context="#stay" endRegion="def block" />
				<RegExpr String="(\b|^\s*)(else|elsif|rescue|ensure)(\s+|$)" attribute="Keyword" beginRegion="def block" context="#stay" endRegion="def block" />
				<StringDetect String="..." attribute="Operator" context="#stay" />
				<Detect2Chars attribute="Operator" char="." char1="." context="#stay" />
				<RegExpr String="\.[_a-z][_a-zA-Z0-9]*(\?|\!|\b)" attribute="Message" context="#stay" />
				<RegExpr String="\s\?(\\M\-)?(\\C\-)?\\?\S" attribute="Dec" context="#stay" />
				<keyword String="keywords" attribute="Keyword" context="#stay" />
				<keyword String="attribute-definitions" attribute="Attribute Definition" context="#stay" />
				<keyword String="access-control" attribute="Access Control" context="#stay" />
				<keyword String="definitions" attribute="Definition" context="#stay" />
				<keyword String="pseudo-variables" attribute="Pseudo variable" context="#stay" />
				<keyword String="default-globals" attribute="Default globals" context="#stay" />
				<keyword String="kernel-methods" attribute="Kernel methods" context="#stay" />
				<RegExpr String="\$[a-zA-Z_0-9]+" attribute="Global Variable" context="#stay" />
				<RegExpr String="\$\-[a-zA-z_]\b" attribute="Global Variable" context="#stay" />
				<RegExpr String="\$[\d_*`\!:?'/\\\-\&amp;]" attribute="Default globals" context="#stay" />
				<RegExpr String="\b[_A-Z]+[A-Z_0-9]+\b" attribute="Global Constant" context="#stay" />
				<RegExpr String="\b[A-Z]+_*([0-9]|[a-z])[_a-zA-Z0-9]*\b" attribute="Constant" context="#stay" />
				<RegExpr String="\b\-?0[xX][_0-9a-fA-F]+" attribute="Hex" context="#stay" />
				<RegExpr String="\b\-?0[bB][_01]+" attribute="Bin" context="#stay" />
				<RegExpr String="\b\-?0[1-7][_0-7]*" attribute="Octal" context="#stay" />
				<RegExpr String="\b\-?[0-9][0-9_]*\.[0-9][0-9_]*([eE]\-?[1-9][0-9]*(\.[0-9]*)?)?" attribute="Float" context="#stay" />
				<RegExpr String="\b\-?[1-9][0-9_]*\b" attribute="Dec" context="#stay" />
				<Int attribute="Dec" context="#stay" />
				<HlCChar attribute="Char" context="#stay" />
				<StringDetect String="=begin" attribute="Blockcomment" beginRegion="comment block" column="0" context="Embedded documentation" />
				<RegExpr String="\s*&lt;&lt;-(?=\w+|[&quot;'])" attribute="Operator" beginRegion="HereDocument" context="find_indented_heredoc" />
				<RegExpr String="\s*&lt;&lt;(?=\w+|[&quot;'])" attribute="Operator" beginRegion="HereDocument" context="find_heredoc" />
				<DetectChar attribute="Operator" char="." context="#stay" />
				<Detect2Chars attribute="Operator" char="&amp;" char1="&amp;" context="#stay" />
				<Detect2Chars attribute="Operator" char="|" char1="|" context="#stay" />
				<RegExpr String="\s[\?\:\%/]\s" attribute="Operator" context="#stay" />
				<RegExpr String="[|&amp;&lt;&gt;\^\+*~\-=]+" attribute="Operator" context="#stay" />
				<RegExpr String="\s!" attribute="Operator" context="#stay" />
				<RegExpr String="/=\s" attribute="Operator" context="#stay" insensitive="0" />
				<StringDetect String="%=" attribute="Operator" context="#stay" insensitive="0" />
				<Detect2Chars attribute="Operator" char=":" char1=":" context="Member Access" />
				<RegExpr String=":[a-zA-Z_][a-zA-Z0-9_]*" attribute="Symbol" context="#stay" />
				<DetectChar attribute="String" char="&quot;" context="Quoted String" />
				<DetectChar attribute="Raw String" char="'" context="Apostrophed String" />
				<DetectChar attribute="Command" char="`" context="Command String" />
				<StringDetect String="?#" attribute="Normal Text" context="#stay" />
				<RegExpr String="#\s*BEGIN.*$" attribute="Comment" beginRegion="marker" column="0" context="#stay" />
				<RegExpr String="#\s*END.*$" attribute="Comment" column="0" context="#stay" endRegion="marker" />
				<RegExpr String="#" attribute="Comment" context="Comment Line" firstNonSpace="true" />
				<RegExpr String="\s#" attribute="Comment" context="General Comment" />
				<RegExpr String="[\[\]]+" attribute="Delimiter" context="#stay" />
				<DetectChar attribute="Delimiter" beginRegion="def block" char="{" context="#stay" />
				<DetectChar attribute="Delimiter" char="}" context="#stay" endRegion="def block" />
				<RegExpr String="@[a-zA-Z_0-9]+" attribute="Instance Variable" context="#stay" />
				<RegExpr String="@@[a-zA-Z_0-9]+" attribute="Class Variable" context="#stay" />
				<DetectChar attribute="Regular Expression" char="/" context="RegEx 1" />
				<RegExpr String="\s*[%](?=[Qqxw]?[^\s&gt;])" attribute="GDL input" beginRegion="GdlInput" context="find_gdl_input" />
			</context>
			<context attribute="Ruby Normal Text" lineEndContext="#pop" name="Line Continue">
				<RegExpr String="(while|until)\b(?!.*\bdo\b)" attribute="Keyword" context="#stay" firstNonSpace="true" />
				<RegExpr String="(if|unless)\b" attribute="Keyword" context="#stay" firstNonSpace="true" />
				<IncludeRules context="rubysource" />
			</context>
			<context attribute="String" lineEndContext="#stay" name="Quoted String">
				<StringDetect String="\\" attribute="String" context="#stay" />
				<RegExpr String="\\\&quot;" attribute="String" context="#stay" />
				<RegExpr String="#@{1,2}" attribute="Substitution" context="Short Subst" />
				<Detect2Chars attribute="Substitution" char="#" char1="{" context="Subst" />
				<DetectChar attribute="String" char="&quot;" context="#pop" />
			</context>
			<context attribute="Raw String" lineEndContext="#stay" name="Apostrophed String">
				<StringDetect String="\\" attribute="String" context="#stay" />
				<RegExpr String="\\\'" attribute="String" context="#stay" />
				<DetectChar attribute="Raw String" char="'" context="#pop" />
			</context>
			<context attribute="Command" lineEndContext="#stay" name="Command String">
				<StringDetect String="\\" attribute="String" context="#stay" />
				<RegExpr String="\\\`" attribute="String" context="#stay" />
				<RegExpr String="#@{1,2}" attribute="Substitution" context="Short Subst" />
				<Detect2Chars attribute="Substitution" char="#" char1="{" context="Subst" />
				<HlCChar attribute="Char" context="#pop" />
				<DetectChar attribute="Command" char="`" context="#pop" />
			</context>
			<context attribute="Ruby Comment" lineEndContext="#stay" name="Embedded documentation">
				<StringDetect String="=end" attribute="Ruby Comment" column="0" context="#pop" endRegion="comment block" />
			</context>
			<context attribute="Regular Expression" lineEndContext="#stay" name="RegEx 1">
				<RegExpr String="\\\/" attribute="Regular Expression" context="#stay" />
				<RegExpr String="[^\\]$" attribute="Regular Expression" context="#pop" />
				<RegExpr String="#@{1,2}" attribute="Substitution" context="Short Subst" />
				<Detect2Chars attribute="Substitution" char="#" char1="{" context="Subst" />
				<RegExpr String="/[uiomxn]*" attribute="Regular Expression" context="#pop" />
			</context>
			<context attribute="Ruby Normal Text" lineEndContext="#stay" name="Subst">
				<DetectChar attribute="Substitution" char="}" context="#pop" />
				<IncludeRules context="rubysource" />
			</context>
			<context attribute="Substitution" lineEndContext="#pop" name="Short Subst">
				<RegExpr String="#@{1,2}" attribute="Substitution" context="#stay" />
				<RegExpr String="\w(?!\w)" attribute="Substitution" context="#pop" />
			</context>
			<context attribute="Member" lineEndContext="#pop" name="Member Access">
				<RegExpr String="\.?[_a-z]\w*(\?|\!)?(?=[^\w\d\.\:])" attribute="Message" context="#pop" />
				<RegExpr String="\.?[_a-z]\w*(\?|\!)?" attribute="Message" context="#stay" />
				<RegExpr String="[A-Z]+_*(\d|[a-z])\w*(?=[^\w\d\.\:])" attribute="Constant" context="#pop" />
				<RegExpr String="[A-Z]+_*([0-9]|[a-z])\w*" attribute="Constant" context="#stay" />
				<RegExpr String="[_A-Z][_A-Z0-9]*(?=[^\w\d\.\:])" attribute="Constant Value" context="#pop" />
				<RegExpr String="[_A-Z][_A-Z0-9]*" attribute="Constant Value" context="#stay" />
				<Detect2Chars attribute="Operator" char=":" char1=":" context="#stay" />
				<DetectChar attribute="Member" char="." context="#stay" />
				<AnyChar String="=+-*/%|&amp;[]{}~" attribute="Operator" context="#pop" />
				<DetectChar attribute="Ruby Comment" char="#" context="#pop" />
				<AnyChar String="()\" attribute="Ruby Normal Text" context="#pop" />
				<RegExpr String="\W" attribute="Member" context="#pop" />
			</context>
			<context attribute="Ruby Comment" lineEndContext="#pop" name="Comment Line">
				<RegExpr String="\w\:\:\s" attribute="Ruby Comment" context="RDoc Label" />
				<keyword String="attention" attribute="Alert" context="#stay" />
				<RegExpr String="-?%&gt;" attribute="Keyword" context="#pop#pop" />
			</context>
			<context attribute="Ruby Comment" lineEndContext="#pop" name="General Comment">
				<keyword String="attention" attribute="Dec" context="#stay" />
			</context>
			<context attribute="RDoc Value" lineEndContext="#pop" name="RDoc Label" />
			<context attribute="Ruby Normal Text" lineEndContext="#pop" name="find_heredoc">
				<RegExpr String="'(\w+)'" attribute="Keyword" context="apostrophed_normal_heredoc" />
				<RegExpr String="&quot;?(\w+)&quot;?" attribute="Keyword" context="normal_heredoc" />
			</context>
			<context attribute="Ruby Normal Text" lineEndContext="#pop" name="find_indented_heredoc">
				<RegExpr String="'(\w+)'" attribute="Keyword" context="apostrophed_indented_heredoc" />
				<RegExpr String="&quot;?(\w+)&quot;?" attribute="Keyword" context="indented_heredoc" />
			</context>
			<context attribute="Ruby Normal Text" dynamic="true" lineEndContext="#stay" name="indented_heredoc">
				<RegExpr String="%1$" attribute="Keyword" context="#pop#pop" dynamic="true" endRegion="HereDocument" firstNonSpace="true" />
				<IncludeRules context="heredoc_rules" />
			</context>
			<context attribute="Ruby Normal Text" dynamic="true" lineEndContext="#stay" name="apostrophed_indented_heredoc">
				<RegExpr String="%1$" attribute="Keyword" context="#pop#pop" dynamic="true" endRegion="HereDocument" firstNonSpace="true" />
			</context>
			<context attribute="Ruby Normal Text" dynamic="true" lineEndContext="#stay" name="normal_heredoc">
				<RegExpr String="%1$" attribute="Keyword" column="0" context="#pop#pop" dynamic="true" endRegion="HereDocument" />
				<IncludeRules context="heredoc_rules" />
			</context>
			<context attribute="Ruby Normal Text" dynamic="true" lineEndContext="#stay" name="apostrophed_normal_heredoc">
				<RegExpr String="%1$" attribute="Keyword" column="0" context="#pop#pop" dynamic="true" endRegion="HereDocument" />
			</context>
			<context attribute="Ruby Normal Text" lineEndContext="#stay" name="heredoc_rules">
				<RegExpr String="#@{1,2}" attribute="Substitution" context="Short Subst" />
				<Detect2Chars attribute="Substitution" char="#" char1="{" context="Subst" />
			</context>
			<context attribute="Ruby Normal Text" lineEndContext="#pop" name="find_gdl_input">
				<RegExpr String="w\(" attribute="GDL input" context="gdl_token_array_1" />
				<RegExpr String="w\{" attribute="GDL input" context="gdl_token_array_2" />
				<RegExpr String="w\[" attribute="GDL input" context="gdl_token_array_3" />
				<RegExpr String="w&lt;" attribute="GDL input" context="gdl_token_array_4" />
				<RegExpr String="w([^\s\w])" attribute="GDL input" context="gdl_token_array_5" />
				<RegExpr String="q\(" attribute="GDL input" context="gdl_apostrophed_1" />
				<RegExpr String="q\{" attribute="GDL input" context="gdl_apostrophed_2" />
				<RegExpr String="q\[" attribute="GDL input" context="gdl_apostrophed_3" />
				<RegExpr String="q&lt;" attribute="GDL input" context="gdl_apostrophed_4" />
				<RegExpr String="q([^\s\w])" attribute="GDL input" context="gdl_apostrophed_5" />
				<RegExpr String="x\(" attribute="GDL input" context="gdl_shell_command_1" />
				<RegExpr String="x\{" attribute="GDL input" context="gdl_shell_command_2" />
				<RegExpr String="x\[" attribute="GDL input" context="gdl_shell_command_3" />
				<RegExpr String="x&lt;" attribute="GDL input" context="gdl_shell_command_4" />
				<RegExpr String="x([^\s\w])" attribute="GDL input" context="gdl_shell_command_5" />
				<RegExpr String="r\(" attribute="GDL input" context="gdl_regexpr_1" />
				<RegExpr String="r\{" attribute="GDL input" context="gdl_regexpr_2" />
				<RegExpr String="r\[" attribute="GDL input" context="gdl_regexpr_3" />
				<RegExpr String="r&lt;" attribute="GDL input" context="gdl_regexpr_4" />
				<RegExpr String="r([^\s\w])" attribute="GDL input" context="gdl_regexpr_5" />
				<RegExpr String="Q?\(" attribute="GDL input" context="gdl_dq_string_1" />
				<RegExpr String="Q?\{" attribute="GDL input" context="gdl_dq_string_2" />
				<RegExpr String="Q?\[" attribute="GDL input" context="gdl_dq_string_3" />
				<RegExpr String="Q?&lt;" attribute="GDL input" context="gdl_dq_string_4" />
				<RegExpr String="Q?([^\s\w])" attribute="GDL input" context="gdl_dq_string_5" />
			</context>
			<context attribute="String" lineEndContext="#stay" name="gdl_dq_string_1">
				<IncludeRules context="dq_string_rules" />
				<Detect2Chars attribute="String" char="\" char1=")" context="#stay" />
				<DetectChar attribute="String" char="(" context="gdl_dq_string_1_nested" />
				<DetectChar attribute="GDL input" char=")" context="#pop#pop" endRegion="GdlInput" />
			</context>
			<context attribute="String" lineEndContext="#stay" name="gdl_dq_string_1_nested">
				<IncludeRules context="dq_string_rules" />
				<DetectChar attribute="String" char="(" context="gdl_dq_string_1_nested" />
				<DetectChar attribute="String" char=")" context="#pop" />
			</context>
			<context attribute="String" lineEndContext="#stay" name="gdl_dq_string_2">
				<IncludeRules context="dq_string_rules" />
				<Detect2Chars attribute="String" char="\" char1="}" context="#stay" />
				<DetectChar attribute="GDL input" char="}" context="#pop#pop" endRegion="GdlInput" />
				<DetectChar attribute="String" char="{" context="gdl_dq_string_2_nested" />
			</context>
			<context attribute="String" lineEndContext="#stay" name="gdl_dq_string_2_nested">
				<DetectChar attribute="String" char="{" context="gdl_dq_string_2_nested" />
				<DetectChar attribute="String" char="}" context="#pop" />
				<IncludeRules context="dq_string_rules" />
			</context>
			<context attribute="String" lineEndContext="#stay" name="gdl_dq_string_3">
				<IncludeRules context="dq_string_rules" />
				<Detect2Chars attribute="String" char="\" char1="]" context="#stay" />
				<DetectChar attribute="String" char="[" context="gdl_dq_string_3_nested" />
				<DetectChar attribute="GDL input" char="]" context="#pop#pop" endRegion="GdlInput" />
			</context>
			<context attribute="String" lineEndContext="#stay" name="gdl_dq_string_3_nested">
				<DetectChar attribute="String" char="[" context="gdl_dq_string_3_nested" />
				<DetectChar attribute="String" char="]" context="#pop" />
				<IncludeRules context="dq_string_rules" />
			</context>
			<context attribute="String" lineEndContext="#stay" name="gdl_dq_string_4">
				<IncludeRules context="dq_string_rules" />
				<Detect2Chars attribute="String" char="\" char1="&gt;" context="#stay" />
				<DetectChar attribute="String" char="&lt;" context="gdl_dq_string_4_nested" />
				<DetectChar attribute="GDL input" char="&gt;" context="#pop#pop" endRegion="GdlInput" />
			</context>
			<context attribute="String" lineEndContext="#stay" name="gdl_dq_string_4_nested">
				<DetectChar attribute="String" char="&lt;" context="gdl_dq_string_4_nested" />
				<DetectChar attribute="String" char="&gt;" context="#pop" />
				<IncludeRules context="dq_string_rules" />
			</context>
			<context attribute="String" dynamic="true" lineEndContext="#stay" name="gdl_dq_string_5">
				<IncludeRules context="dq_string_rules" />
				<RegExpr String="\\%1" attribute="String" context="#stay" dynamic="true" />
				<RegExpr String="\s*%1" attribute="GDL input" context="#pop#pop" dynamic="true" endRegion="GdlInput" />
			</context>
			<context attribute="String" lineEndContext="#stay" name="dq_string_rules">
				<Detect2Chars attribute="String" char="\" char1="\" context="#stay" />
				<RegExpr String="#@{1,2}" attribute="Substitution" context="Short Subst" />
				<Detect2Chars attribute="Substitution" char="#" char1="{" context="Subst" />
			</context>
			<context attribute="String" lineEndContext="#stay" name="gdl_token_array_1">
				<IncludeRules context="token_array_rules" />
				<Detect2Chars attribute="String" char="\" char1=")" context="#stay" />
				<DetectChar attribute="String" char="(" context="gdl_token_array_1_nested" />
				<DetectChar attribute="GDL input" char=")" context="#pop#pop" endRegion="GdlInput" />
			</context>
			<context attribute="String" lineEndContext="#stay" name="gdl_token_array_1_nested">
				<IncludeRules context="token_array_rules" />
				<DetectChar attribute="String" char="(" context="gdl_token_array_1_nested" />
				<DetectChar attribute="String" char=")" context="#pop" />
			</context>
			<context attribute="String" lineEndContext="#stay" name="gdl_token_array_2">
				<IncludeRules context="token_array_rules" />
				<Detect2Chars attribute="String" char="\" char1="}" context="#stay" />
				<DetectChar attribute="GDL input" char="}" context="#pop#pop" endRegion="GdlInput" />
				<DetectChar attribute="String" char="{" context="gdl_token_array_2_nested" />
			</context>
			<context attribute="String" lineEndContext="#stay" name="gdl_token_array_2_nested">
				<IncludeRules context="token_array_rules" />
				<DetectChar attribute="String" char="{" context="gdl_token_array_2_nested" />
				<DetectChar attribute="String" char="}" context="#pop" />
			</context>
			<context attribute="String" lineEndContext="#stay" name="gdl_token_array_3">
				<IncludeRules context="token_array_rules" />
				<Detect2Chars attribute="String" char="\" char1="]" context="#stay" />
				<DetectChar attribute="String" char="[" context="gdl_token_array_3_nested" />
				<DetectChar attribute="GDL input" char="]" context="#pop#pop" endRegion="GdlInput" />
			</context>
			<context attribute="String" lineEndContext="#stay" name="gdl_token_array_3_nested">
				<IncludeRules context="token_array_rules" />
				<DetectChar attribute="String" char="[" context="gdl_token_array_3_nested" />
				<DetectChar attribute="String" char="]" context="#pop" />
			</context>
			<context attribute="String" lineEndContext="#stay" name="gdl_token_array_4">
				<IncludeRules context="token_array_rules" />
				<Detect2Chars attribute="String" char="\" char1="&gt;" context="#stay" />
				<DetectChar attribute="String" char="&lt;" context="gdl_token_array_4_nested" />
				<DetectChar attribute="GDL input" char="&gt;" context="#pop#pop" endRegion="GdlInput" />
			</context>
			<context attribute="String" lineEndContext="#stay" name="gdl_token_array_4_nested">
				<IncludeRules context="token_array_rules" />
				<DetectChar attribute="String" char="&lt;" context="gdl_token_array_4_nested" />
				<DetectChar attribute="String" char="&gt;" context="#pop" />
			</context>
			<context attribute="String" dynamic="true" lineEndContext="#stay" name="gdl_token_array_5">
				<IncludeRules context="token_array_rules" />
				<RegExpr String="\\%1" attribute="String" context="#stay" dynamic="true" />
				<RegExpr String="\s*%1" attribute="GDL input" context="#pop#pop" dynamic="true" endRegion="GdlInput" />
			</context>
			<context attribute="String" lineEndContext="#stay" name="token_array_rules">
				<StringDetect String="\\" attribute="String" context="#stay" />
			</context>
			<context attribute="Raw String" lineEndContext="#stay" name="gdl_apostrophed_1">
				<IncludeRules context="apostrophed_rules" />
				<Detect2Chars attribute="Raw String" char="\" char1=")" context="#stay" />
				<DetectChar attribute="Raw String" char="(" context="gdl_apostrophed_1_nested" />
				<DetectChar attribute="GDL input" char=")" context="#pop#pop" endRegion="GdlInput" />
			</context>
			<context attribute="Raw String" lineEndContext="#stay" name="gdl_apostrophed_1_nested">
				<IncludeRules context="apostrophed_rules" />
				<DetectChar attribute="Raw String" char="(" context="gdl_apostrophed_1_nested" />
				<DetectChar attribute="Raw String" char=")" context="#pop" />
			</context>
			<context attribute="Raw String" lineEndContext="#stay" name="gdl_apostrophed_2">
				<IncludeRules context="apostrophed_rules" />
				<Detect2Chars attribute="Raw String" char="\" char1="}" context="#stay" />
				<DetectChar attribute="GDL input" char="}" context="#pop#pop" endRegion="GdlInput" />
				<DetectChar attribute="Raw String" char="{" context="gdl_apostrophed_2_nested" />
			</context>
			<context attribute="Raw String" lineEndContext="#stay" name="gdl_apostrophed_2_nested">
				<IncludeRules context="apostrophed_rules" />
				<DetectChar attribute="Raw String" char="{" context="gdl_apostrophed_2_nested" />
				<DetectChar attribute="Raw String" char="}" context="#pop" />
			</context>
			<context attribute="Raw String" lineEndContext="#stay" name="gdl_apostrophed_3">
				<IncludeRules context="apostrophed_rules" />
				<Detect2Chars attribute="Raw String" char="\" char1="]" context="#stay" />
				<DetectChar attribute="Raw String" char="[" context="gdl_apostrophed_3_nested" />
				<DetectChar attribute="GDL input" char="]" context="#pop#pop" endRegion="GdlInput" />
			</context>
			<context attribute="Raw String" lineEndContext="#stay" name="gdl_apostrophed_3_nested">
				<IncludeRules context="apostrophed_rules" />
				<DetectChar attribute="Raw String" char="[" context="gdl_apostrophed_3_nested" />
				<DetectChar attribute="Raw String" char="]" context="#pop" />
			</context>
			<context attribute="Raw String" lineEndContext="#stay" name="gdl_apostrophed_4">
				<IncludeRules context="apostrophed_rules" />
				<Detect2Chars attribute="Raw String" char="\" char1="&gt;" context="#stay" />
				<DetectChar attribute="Raw String" char="&lt;" context="gdl_apostrophed_4_nested" />
				<DetectChar attribute="GDL input" char="&gt;" context="#pop#pop" endRegion="GdlInput" />
			</context>
			<context attribute="Raw String" lineEndContext="#stay" name="gdl_apostrophed_4_nested">
				<IncludeRules context="apostrophed_rules" />
				<DetectChar attribute="Raw String" char="&lt;" context="gdl_apostrophed_4_nested" />
				<DetectChar attribute="Raw String" char="&gt;" context="#pop" />
			</context>
			<context attribute="Raw String" dynamic="true" lineEndContext="#stay" name="gdl_apostrophed_5">
				<IncludeRules context="apostrophed_rules" />
				<RegExpr String="\\%1" attribute="Raw String" context="#stay" dynamic="true" />
				<RegExpr String="\s*%1" attribute="GDL input" context="#pop#pop" dynamic="true" endRegion="GdlInput" />
			</context>
			<context attribute="Raw String" lineEndContext="#stay" name="apostrophed_rules">
				<Detect2Chars attribute="Raw String" char="\" char1="\" context="#stay" />
			</context>
			<context attribute="Command" lineEndContext="#stay" name="gdl_shell_command_1">
				<IncludeRules context="shell_command_rules" />
				<Detect2Chars attribute="Command" char="\" char1=")" context="#stay" />
				<DetectChar attribute="Command" char="(" context="gdl_shell_command_1_nested" />
				<DetectChar attribute="GDL input" char=")" context="#pop#pop" endRegion="GdlInput" />
			</context>
			<context attribute="Command" lineEndContext="#stay" name="gdl_shell_command_1_nested">
				<IncludeRules context="shell_command_rules" />
				<DetectChar attribute="Command" char="(" context="gdl_shell_command_1_nested" />
				<DetectChar attribute="Command" char=")" context="#pop" />
			</context>
			<context attribute="Command" lineEndContext="#stay" name="gdl_shell_command_2">
				<IncludeRules context="shell_command_rules" />
				<Detect2Chars attribute="Command" char="\" char1="}" context="#stay" />
				<DetectChar attribute="GDL input" char="}" context="#pop#pop" endRegion="GdlInput" />
				<DetectChar attribute="Command" char="{" context="gdl_shell_command_2_nested" />
			</context>
			<context attribute="Command" lineEndContext="#stay" name="gdl_shell_command_2_nested">
				<IncludeRules context="shell_command_rules" />
				<DetectChar attribute="Command" char="{" context="gdl_shell_command_2_nested" />
				<DetectChar attribute="Command" char="}" context="#pop" />
			</context>
			<context attribute="Command" lineEndContext="#stay" name="gdl_shell_command_3">
				<IncludeRules context="shell_command_rules" />
				<Detect2Chars attribute="Command" char="\" char1="]" context="#stay" />
				<DetectChar attribute="Command" char="[" context="gdl_shell_command_3_nested" />
				<DetectChar attribute="GDL input" char="]" context="#pop#pop" endRegion="GdlInput" />
			</context>
			<context attribute="Command" lineEndContext="#stay" name="gdl_shell_command_3_nested">
				<IncludeRules context="shell_command_rules" />
				<DetectChar attribute="Command" char="[" context="gdl_shell_command_3_nested" />
				<DetectChar attribute="Command" char="]" context="#pop" />
			</context>
			<context attribute="Command" lineEndContext="#stay" name="gdl_shell_command_4">
				<IncludeRules context="shell_command_rules" />
				<Detect2Chars attribute="Command" char="\" char1="&gt;" context="#stay" />
				<DetectChar attribute="Command" char="&lt;" context="gdl_shell_command_4_nested" />
				<DetectChar attribute="GDL input" char="&gt;" context="#pop#pop" endRegion="GdlInput" />
			</context>
			<context attribute="Command" lineEndContext="#stay" name="gdl_shell_command_4_nested">
				<IncludeRules context="shell_command_rules" />
				<DetectChar attribute="Command" char="&lt;" context="gdl_shell_command_4_nested" />
				<DetectChar attribute="Command" char="&gt;" context="#pop" />
			</context>
			<context attribute="Command" dynamic="true" lineEndContext="#stay" name="gdl_shell_command_5">
				<IncludeRules context="shell_command_rules" />
				<RegExpr String="\\%1" attribute="Command" context="#stay" dynamic="true" />
				<RegExpr String="\s*%1" attribute="GDL input" context="#pop#pop" dynamic="true" endRegion="GdlInput" />
			</context>
			<context attribute="Command" lineEndContext="#stay" name="shell_command_rules">
				<Detect2Chars attribute="Command" char="\" char1="\" context="#stay" />
				<RegExpr String="#@{1,2}" attribute="Substitution" context="Short Subst" />
				<Detect2Chars attribute="Substitution" char="#" char1="{" context="Subst" />
			</context>
			<context attribute="Regular Expression" lineEndContext="#stay" name="gdl_regexpr_1">
				<IncludeRules context="regexpr_rules" />
				<Detect2Chars attribute="Regular Expression" char="\" char1=")" context="#stay" />
				<DetectChar attribute="Regular Expression" char="(" context="gdl_regexpr_1_nested" />
				<RegExpr String="\)[uiomxn]*" attribute="GDL input" context="#pop#pop" endRegion="GdlInput" />
			</context>
			<context attribute="Regular Expression" lineEndContext="#stay" name="gdl_regexpr_1_nested">
				<IncludeRules context="regexpr_rules" />
				<DetectChar attribute="Regular Expression" char="(" context="gdl_regexpr_1_nested" />
				<DetectChar attribute="Regular Expression" char=")" context="#pop" />
			</context>
			<context attribute="Regular Expression" lineEndContext="#stay" name="gdl_regexpr_2">
				<IncludeRules context="regexpr_rules" />
				<Detect2Chars attribute="Regular Expression" char="\" char1="}" context="#stay" />
				<RegExpr String="\}[uiomxn]*" attribute="GDL input" context="#pop#pop" endRegion="GdlInput" />
				<DetectChar attribute="Regular Expression" char="{" context="gdl_regexpr_2_nested" />
			</context>
			<context attribute="Regular Expression" lineEndContext="#stay" name="gdl_regexpr_2_nested">
				<IncludeRules context="regexpr_rules" />
				<DetectChar attribute="Regular Expression" char="{" context="gdl_regexpr_2_nested" />
				<DetectChar attribute="Regular Expression" char="}" context="#pop" />
			</context>
			<context attribute="Regular Expression" lineEndContext="#stay" name="gdl_regexpr_3">
				<IncludeRules context="regexpr_rules" />
				<Detect2Chars attribute="Regular Expression" char="\" char1="]" context="#stay" />
				<DetectChar attribute="Regular Expression" char="[" context="gdl_regexpr_3_nested" />
				<RegExpr String="\][uiomxn]*" attribute="GDL input" context="#pop#pop" endRegion="GdlInput" />
			</context>
			<context attribute="Regular Expression" lineEndContext="#stay" name="gdl_regexpr_3_nested">
				<IncludeRules context="regexpr_rules" />
				<DetectChar attribute="Regular Expression" char="[" context="gdl_regexpr_3_nested" />
				<DetectChar attribute="Regular Expression" char="]" context="#pop" />
			</context>
			<context attribute="Regular Expression" lineEndContext="#stay" name="gdl_regexpr_4">
				<IncludeRules context="regexpr_rules" />
				<Detect2Chars attribute="Regular Expression" char="\" char1="&gt;" context="#stay" />
				<DetectChar attribute="Regular Expression" char="&lt;" context="gdl_regexpr_4_nested" />
				<RegExpr String="&gt;[uiomxn]*" attribute="GDL input" context="#pop#pop" endRegion="GdlInput" />
			</context>
			<context attribute="Regular Expression" lineEndContext="#stay" name="gdl_regexpr_4_nested">
				<IncludeRules context="regexpr_rules" />
				<DetectChar attribute="Regular Expression" char="&lt;" context="gdl_regexpr_4_nested" />
				<DetectChar attribute="Regular Expression" char="&gt;" context="#pop" />
			</context>
			<context attribute="Regular Expression" dynamic="true" lineEndContext="#stay" name="gdl_regexpr_5">
				<IncludeRules context="regexpr_rules" />
				<RegExpr String="\\%1" attribute="Regular Expression" context="#stay" dynamic="true" />
				<RegExpr String="\s*%1[uiomxn]*" attribute="GDL input" context="#pop#pop" dynamic="true" endRegion="GdlInput" />
			</context>
			<context attribute="Regular Expression" lineEndContext="#stay" name="regexpr_rules">
				<Detect2Chars attribute="Regular Expression" char="\" char1="\" context="#stay" />
				<RegExpr String="#@{1,2}" attribute="Substitution" context="Short Subst" />
				<Detect2Chars attribute="Substitution" char="#" char1="{" context="Subst" />
			</context>
			<context attribute="Data" lineEndContext="#stay" name="DATA" />
		</contexts>
		<itemDatas>
			<itemData defStyleNum="dsNormal" name="Ruby Normal Text" />
			<itemData defStyleNum="dsKeyword" name="Keyword" />
			<itemData defStyleNum="dsOthers" name="Attribute Definition" />
			<itemData name="Access Control" defStyleNum="dsKeyword" />
			<itemData defStyleNum="dsKeyword" name="Definition" />
			<itemData defStyleNum="dsDecVal" name="Pseudo variable" />
			<itemData defStyleNum="dsDecVal" name="Dec" />
			<itemData defStyleNum="dsFloat" name="Float" />
			<itemData defStyleNum="dsChar" name="Char" />
			<itemData defStyleNum="dsBaseN" name="Octal" />
			<itemData defStyleNum="dsBaseN" name="Hex" />
			<itemData defStyleNum="dsBaseN" name="Bin" />
			<itemData name="Symbol" defStyleNum="dsVariable" />
			<itemData defStyleNum="dsString" name="String" />
			<itemData name="Raw String" defStyleNum="dsSpecialString" />
			<itemData name="Command" defStyleNum="dsKeyword" />
			<itemData name="Message" defStyleNum="dsString" />
			<itemData name="Regular Expression" defStyleNum="dsOthers" />
			<itemData defStyleNum="dsOthers" name="Substitution" />
			<itemData defStyleNum="dsNormal" name="Data" />
			<itemData defStyleNum="dsOthers" name="GDL input" />
			<itemData name="Default globals" defStyleNum="dsDataType" />
			<itemData name="Global Variable" defStyleNum="dsField" />
			<itemData name="Global Constant" defStyleNum="dsConstant" />
			<itemData defStyleNum="dsDataType" name="Constant" />
			<itemData name="Constant Value" defStyleNum="dsConstant" />
			<itemData name="Kernel methods" defStyleNum="dsFunction" />
			<itemData defStyleNum="dsNormal" name="Member" />
			<itemData defStyleNum="dsOthers" name="Instance Variable" />
			<itemData defStyleNum="dsOthers" name="Class Variable" />
			<itemData defStyleNum="dsComment" name="Ruby Comment" />
			<itemData defStyleNum="dsComment" name="Blockcomment" />
			<itemData name="Region Marker" defStyleNum="dsRegionMarker" />
			<itemData defStyleNum="dsOthers" name="RDoc Value" />
			<itemData defStyleNum="dsError" name="Error" />
			<itemData defStyleNum="dsAlert" name="Alert" />
			<itemData defStyleNum="dsChar" name="Delimiter" />
			<itemData defStyleNum="dsOthers" name="Expression" />
			<itemData defStyleNum="dsChar" name="Operator" />
			<itemData defStyleNum="dsNormal" name="Normal Text" />
			<itemData defStyleNum="dsComment" name="Comment" />
			<itemData bold="1" defStyleNum="dsBaseN" name="CDATA" />
			<itemData defStyleNum="dsKeyword" name="Processing Instruction" />
			<itemData bold="1" defStyleNum="dsDataType" name="Doctype" />
			<itemData defStyleNum="dsKeyword" name="Element" />
			<itemData defStyleNum="dsOthers" name="Attribute" />
			<itemData name="Value" defStyleNum="dsString" />
			<itemData defStyleNum="dsDecVal" name="EntityRef" />
			<itemData defStyleNum="dsDecVal" name="PEntityRef" />
			<itemData defStyleNum="dsError" name="Error" />
		</itemDatas>
		<list name="keywords">
			<item> BEGIN </item>
			<item> END </item>
			<item> and </item>
			<item> begin </item>
			<item> break </item>
			<item> case </item>
			<item> defined? </item>
			<item> do </item>
			<item> else </item>
			<item> elsif </item>
			<item> end </item>
			<item> ensure </item>
			<item> for </item>
			<item> if </item>
			<item> in </item>
			<item> include </item>
			<item> next </item>
			<item> not </item>
			<item> or </item>
			<item> redo </item>
			<item> rescue </item>
			<item> retry </item>
			<item> return </item>
			<item> then </item>
			<item> unless </item>
			<item> until </item>
			<item> when </item>
			<item> while </item>
			<item> yield </item>
		</list>
		<list name="kernel-methods">
			<item> abort </item>
			<item> at_exit </item>
			<item> autoload </item>
			<item> autoload? </item>
			<item> binding </item>
			<item> block_given? </item>
			<item> callcc </item>
			<item> caller </item>
			<item> catch </item>
			<item> chomp </item>
			<item> chomp! </item>
			<item> chop </item>
			<item> chop! </item>
			<item> eval </item>
			<item> exec </item>
			<item> exit </item>
			<item> exit! </item>
			<item> fail </item>
			<item> fork </item>
			<item> format </item>
			<item> getc </item>
			<item> gets </item>
			<item> global_variables </item>
			<item> gsub </item>
			<item> gsub! </item>
			<item> iterator? </item>
			<item> lambda </item>
			<item> load </item>
			<item> local_variables </item>
			<item> loop </item>
			<item> method_missing </item>
			<item> open </item>
			<item> p </item>
			<item> print </item>
			<item> printf </item>
			<item> proc </item>
			<item> putc </item>
			<item> puts </item>
			<item> raise </item>
			<item> rand </item>
			<item> readline </item>
			<item> readlines </item>
			<item> require </item>
			<item> scan </item>
			<item> select </item>
			<item> set_trace_func </item>
			<item> sleep </item>
			<item> split </item>
			<item> sprintf </item>
			<item> srand </item>
			<item> sub </item>
			<item> sub! </item>
			<item> syscall </item>
			<item> system </item>
			<item> test </item>
			<item> throw </item>
			<item> trace_var </item>
			<item> trap </item>
			<item> untrace_var </item>
			<item> warn </item>
			<item>auto_complete_field</item>
			<item>auto_complete_result</item>
			<item>auto_discovery_link_tag</item>
			<item>auto_link</item>
			<item>benchmark</item>
			<item>button_to</item>
			<item>cache</item>
			<item>capture</item>
			<item>check_box</item>
			<item>check_box_tag</item>
			<item>collection_select</item>
			<item>concat</item>
			<item>content_for</item>
			<item>content_tag</item>
			<item>country_options_for_select</item>
			<item>country_select</item>
			<item>current_page?</item>
			<item>date_select</item>
			<item>datetime_select</item>
			<item>debug</item>
			<item>define_javascript_functions</item>
			<item>distance_of_time_in_words</item>
			<item>distance_of_time_in_words_to_now</item>
			<item>draggable_element</item>
			<item>drop_receiving_element</item>
			<item>end_form_tag</item>
			<item>error_message_on</item>
			<item>error_messages_for</item>
			<item>escape_javascript</item>
			<item>evaluate_remote_response</item>
			<item>excerpt</item>
			<item>file_field</item>
			<item>file_field_tag</item>
			<item>finish_upload_status</item>
			<item>form</item>
			<item>form_remote_tag</item>
			<item>form_tag</item>
			<item>form_tag_with_upload_progress</item>
			<item>h</item>
			<item>hidden_field</item>
			<item>hidden_field_tag</item>
			<item>highlight</item>
			<item>human_size</item>
			<item>image_path</item>
			<item>image_submit_tag</item>
			<item>image_tag</item>
			<item>input</item>
			<item>javascript_include_tag</item>
			<item>javascript_path</item>
			<item>javascript_tag</item>
			<item>link_image_to</item>
			<item>link_to</item>
			<item>link_to_function</item>
			<item>link_to_if</item>
			<item>link_to_image</item>
			<item>link_to_remote</item>
			<item>link_to_unless</item>
			<item>link_to_unless_current</item>
			<item>mail_to</item>
			<item>markdown</item>
			<item>number_to_currency</item>
			<item>number_to_human_size</item>
			<item>number_to_percentage</item>
			<item>number_to_phone</item>
			<item>number_with_delimiter</item>
			<item>number_with_precision</item>
			<item>observe_field</item>
			<item>observe_form</item>
			<item>option_groups_from_collection_for_select</item>
			<item>options_for_select</item>
			<item>options_from_collection_for_select</item>
			<item>pagination_links</item>
			<item>password_field</item>
			<item>password_field_tag</item>
			<item>periodically_call_remote</item>
			<item>pluralize</item>
			<item>radio_button</item>
			<item>radio_button_tag</item>
			<item>register_template_handler</item>
			<item>render</item>
			<item>render_file</item>
			<item>render_template</item>
			<item>sanitize</item>
			<item>select</item>
			<item>select_date</item>
			<item>select_datetime</item>
			<item>select_day</item>
			<item>select_hour</item>
			<item>select_minute</item>
			<item>select_month</item>
			<item>select_second</item>
			<item>select_tag</item>
			<item>select_time</item>
			<item>select_year</item>
			<item>simple_format</item>
			<item>sortable_element</item>
			<item>start_form_tag</item>
			<item>strip_links</item>
			<item>stylesheet_link_tag</item>
			<item>stylesheet_path</item>
			<item>submit_tag</item>
			<item>submit_to_remote</item>
			<item>tag</item>
			<item>text_area</item>
			<item>text_area_tag</item>
			<item>text_field</item>
			<item>text_field_tag</item>
			<item>text_field_with_auto_complete</item>
			<item>textilize</item>
			<item>textilize_without_paragraph</item>
			<item>time_ago_in_words</item>
			<item>time_zone_options_for_select</item>
			<item>time_zone_select</item>
			<item>truncate</item>
			<item>update_element_function</item>
			<item>upload_progress_status</item>
			<item>upload_progress_text</item>
			<item>upload_progress_update_bar_js</item>
			<item>upload_status_progress_bar_tag</item>
			<item>upload_status_tag</item>
			<item>upload_status_text_tag</item>
			<item>url_for</item>
			<item>visual_effect</item>
			<item>word_wrap</item>
		</list>
		<list name="attribute-definitions">
			<item> attr_reader </item>
			<item> attr_writer </item>
			<item> attr_accessor </item>
		</list>
		<list name="pseudo-variables">
			<item> self </item>
			<item> super </item>
			<item> nil </item>
			<item> false </item>
			<item> true </item>
			<item> caller </item>
			<item> __FILE__ </item>
			<item> __LINE__ </item>
		</list>
		<list name="attention">
			<item> TODO </item>
			<item> FIXME </item>
			<item> NOTE </item>
		</list>
		<list name="definitions">
			<item> alias </item>
			<item> module </item>
			<item> class </item>
			<item> def </item>
			<item> undef </item>
		</list>
		<list name="access-control">
			<item> private_class_method </item>
			<item> private </item>
			<item> protected </item>
			<item> public_class_method </item>
			<item> public </item>
		</list>
		<list name="default-globals">
			<item> $stdout </item>
			<item> $defout </item>
			<item> $stderr </item>
			<item> $deferr </item>
			<item> $stdin </item>
		</list>
	</highlighting>
	<general>
		<comments>
			<comment end="--&gt;" name="multiLine" start="&lt;!--" />
		</comments>
		<keywords casesensitive="1" weakDeliminator="!?" />
	</general>
</language>
