<?xml version="1.0" encoding="UTF-8"?>
<!-- read from /usr/share/katepart5/syntax/rpmspec.xml at 26/06/15 21:52:57 CEST -->
<language extensions="*.spec" kateversion="2.4" license="public domain" mimetype="" name="RPM Spec" section="Other" version="2.03">
	<highlighting>
		<contexts>
			<context attribute="Error" lineEndContext="#stay" name="package section">
				<RegExpr String="((Icon)[ \t]*:[ \t]*)" attribute="Tag" column="0" context="tag_line_value" />
				<RegExpr String="((ExclusiveOs|ExcludeOs)[ \t]*:[ \t]*)" attribute="Tag" column="0" context="tag_line_os" />
				<RegExpr String="((BuildArch|BuildArchitectures|ExclusiveArch|ExcludeArch)[ \t]*:[ \t]*)" attribute="Tag" column="0" context="tag_line_arch" />
				<RegExpr String="((Conflicts|Obsoletes|Provides|Requires|Requires\(.*\)|Enhances|Suggests|BuildConflicts|BuildRequires|Recommends|PreReq)[ \t]*:[ \t]*)" attribute="Tag" column="0" context="tag_line_package" />
				<RegExpr String="((Epoch|Serial|Nosource|Nopatch)[ \t]*:[ \t]*)" attribute="Tag" column="0" context="tag_line_integer" />
				<RegExpr String="((AutoReq|AutoProv|AutoReqProv)[ \t]*:[ \t]*)" attribute="Tag" column="0" context="tag_line_switch" />
				<RegExpr String="((Copyright|License|Summary|Summary\(.*\)|Distribution|Vendor|Packager|Group|Source\d*|Patch\d*|BuildRoot|Prefix)[ \t]*:[ \t]*)" attribute="Tag" column="0" context="tag_line_string" />
				<RegExpr String="((Name|Version|Release|Url|URL)[ \t]*:[ \t]*)" attribute="Tag" column="0" context="tag_line_string_only_one_word" />
				<AnyChar String="%$" context="macro entry in package section" lookAhead="true" />
				<RegExpr String="[ \t]*#" column="0" context="Comment" lookAhead="true" />
				<DetectSpaces attribute="Fallback for separator spaces" />
			</context>
			<context attribute="Shell commands" lineEndContext="#pop" name="macro entry in package section">
				<AnyChar String="%$" context="handle_percent" lookAhead="true" />
			</context>
			<context attribute="Shell commands" lineEndContext="package section" name="package section start line">
				<AnyChar String="%$" context="handle_percent" lookAhead="true" />
			</context>
			<context attribute="Shell commands" lineEndContext="#stay" name="command section">
				<RegExpr String="\\." attribute="Escaped character" />
				<DetectChar attribute="Line break" char="\" />
				<AnyChar String="%$" context="handle_percent" lookAhead="true" />
				<RegExpr String="[ \t]*#" column="0" context="Comment" lookAhead="true" />
			</context>
			<context attribute="String" lineEndContext="#stay" name="changelog section">
				<DetectChar attribute="Tag" char="*" column="0" context="changelog_weekday" />
				<AnyChar String="%$" context="handle_percent" lookAhead="true" />
				<RegExpr String="[ \t]*#" column="0" context="Comment" lookAhead="true" />
			</context>
			<context attribute="Shell commands" lineEndContext="description section" name="description section start line">
				<AnyChar String="%$" context="handle_percent" lookAhead="true" />
			</context>
			<context attribute="String" lineEndContext="#stay" name="description section">
				<AnyChar String="%$" context="handle_percent" lookAhead="true" />
				<RegExpr String="[ \t]*#" column="0" context="Comment" lookAhead="true" />
			</context>
			<context attribute="Comment" lineEndContext="#pop" name="Comment">
				<RegExpr String="[ \t]+(?=#)" attribute="Hint" column="0" context="#stay" />
				<StringDetect String="# norootforbuild" attribute="Tag" column="0" context="every_non_whitespace_is_warning" />
				<RegExpr String="#[ \t]*norootforbuild" attribute="Warning" context="#stay" />
				<Detect2Chars attribute="Comment" char="%" char1="%" />
				<DetectChar attribute="Warning" char="%" />
				<IncludeRules context="##Alerts" />
			</context>
			<context attribute="Fallback for separator spaces" lineEndContext="#pop" name="every_non_whitespace_is_error">
				<RegExpr String="[^\s]" attribute="Error" context="#stay" />
			</context>
			<context attribute="Fallback for separator spaces" lineEndContext="#pop" name="every_non_whitespace_is_warning">
				<RegExpr String="[^\s]" attribute="Warning" context="#stay" />
			</context>
			<context attribute="Enumeration" lineEndContext="#pop" name="tag_line_value">
				<AnyChar String="%$" context="handle_percent" lookAhead="true" />
			</context>
			<context attribute="String" lineEndContext="#pop" name="tag_line_string">
				<RegExpr String="\\[^%]" attribute="Escaped character" />
				<RegExpr String="\\(?=(\%))" attribute="Escaped character" />
				<AnyChar String="%$" context="handle_percent" lookAhead="true" />
			</context>
			<context attribute="String" lineEndContext="#pop" name="tag_line_string_only_one_word">
				<RegExpr String="\\[^%]" attribute="Escaped character" />
				<RegExpr String="\\(?=(\%))" attribute="Escaped character" />
				<AnyChar String="%$" context="tag_line_string" lookAhead="true" />
				<DetectSpaces context="every_non_whitespace_is_error" />
			</context>
			<context attribute="Error" lineEndContext="#pop" name="tag_line_integer">
				<Int attribute="Integer" context="every_non_whitespace_is_error" />
				<AnyChar String="%$" context="tag_line_integer_without_syntax_check" lookAhead="true" />
				<RegExpr String="." context="every_non_whitespace_is_error" lookAhead="true" />
			</context>
			<context attribute="Warning" lineEndContext="#pop" name="tag_line_os">
				<DetectSpaces attribute="Fallback for separator spaces" />
				<RegExpr String="(AIX|AmigaOS|BSD_OS|bsdi|bsdi4\.0|cygwin32|CYGWIN32_95|CYGWIN32_NT|Darwin|darwin|Darwin|FreeBSD|FreeMiNT|HP-UX|hpux10|hpux10\.00|hpux10\.01|hpux10\.10|hpux10\.20|hpux10\.30|hpux11\.00|hpux9\.04|hpux9\.05|hpux9\.07|IRIX|Irix|IRIX|IRIX64|Irix64|IRIX64|Linux|Linux\/390|Linux\/ESA|machten|MacOSX|macosx|MacOSX|MiNT|mint|MiNT|mint|MiNT|mint|MP_RAS|ncr-sysv4\.2|ncr-sysv4\.3|NEXTSTEP|NextStep|OS\/390|OSF1|osf1|osf3\.2|osf4\.0|SCO_SV|SCO_SV3\.2v5\.0\.2|solaris|solaris2\.3|solaris2\.4|solaris2\.5|solaris2\.6|solaris2\.7|SunOS|SunOS4|SunOS5|TOS|UNIX_SV|VM\/ESA)(?=($| |\t))" attribute="Enumeration" />
				<AnyChar String="%$" context="tag_line_value" lookAhead="true" />
			</context>
			<context attribute="Integer" lineEndContext="#pop" name="tag_line_integer_without_syntax_check">
				<AnyChar String="%$" context="handle_percent" lookAhead="true" />
			</context>
			<context attribute="Warning" lineEndContext="#pop" name="tag_line_arch">
				<DetectSpaces attribute="Fallback for separator spaces" />
				<RegExpr String="(alpha|alphaev5|alphaev56|alphaev6|alphaev67|alphapca56|amd64|armv3l|armv4b|armv4l|armv4tl|armv5b|armv5l|armv5teb|armv5tejl|armv5tel|armv6l|armv7l|atariclone|atarist|atariste|ataritt|athlon|axp|em64t|falcon|fat|geode|hades|hppa|hppa1\.0|hppa1\.1|hppa1\.2|hppa2\.0|hppa64|i370|i386|i486|i586|i686|ia32e|ia64|IP|m68k|m68kmint|milan|mips|mipsel|noarch|osfmach3_i386|osfmach3_i486|osfmach3_i586|osfmach3_i686|osfmach3_ppc|parisc|pentium3|pentium4|powerpc|powerpc64|powerppc|ppc|ppc32dy4|ppc64|ppc64iseries|ppc64pseries|ppc8260|ppc8560|ppciseries|ppcpseries|rs6000|s390|s390x|sgi|sh|sh3|sh4|sh4a|sparc|sparc64|sparc64v|sparcv8|sparcv9|sparcv9v|sun4|sun4c|sun4d|sun4m|sun4u|x86_64|xtensa)(?=($| |\t))" attribute="Enumeration" />
				<AnyChar String="%$" context="tag_line_value" lookAhead="true" />
			</context>
			<context attribute="Enumeration" lineEndContext="#pop" name="tag_line_package">
				<AnyChar String="()" attribute="Keyword" context="#stay" />
				<Detect2Chars attribute="Keyword" char="&lt;" char1="=" context="#stay" />
				<Detect2Chars attribute="Keyword" char="&gt;" char1="=" context="#stay" />
				<Detect2Chars attribute="Keyword" char="=" char1="=" context="#stay" />
				<AnyChar String="=&lt;&gt;," attribute="Keyword" context="#stay" />
				<AnyChar String="%$" context="handle_percent" lookAhead="true" />
			</context>
			<context attribute="Error" lineEndContext="#pop" name="tag_line_switch">
				<AnyChar String="01" attribute="Enumeration" context="every_non_whitespace_is_error" />
				<Detect2Chars attribute="Enumeration" char="n" char1="o" context="every_non_whitespace_is_error" />
				<StringDetect String="yes" attribute="Enumeration" context="every_non_whitespace_is_error" />
				<AnyChar String="%$" context="tag_line_value" lookAhead="true" />
				<RegExpr String="." context="every_non_whitespace_is_error" lookAhead="true" />
			</context>
			<context attribute="Tag" lineEndContext="#pop" name="changelog_generic">
				<AnyChar String="%$" context="handle_percent" lookAhead="true" />
			</context>
			<context attribute="Tag" lineEndContext="#pop" name="changelog_weekday">
				<DetectSpaces />
				<keyword String="weekdays" attribute="Tag" context="changelog_month" />
				<AnyChar String="%$" context="changelog_generic" lookAhead="true" />
				<RegExpr String="\S*" attribute="Error" context="changelog_month" />
			</context>
			<context attribute="Tag" lineEndContext="#pop" name="changelog_month">
				<DetectSpaces />
				<keyword String="month names" attribute="Tag" context="changelog_day" />
				<AnyChar String="%$" context="changelog_generic" lookAhead="true" />
				<RegExpr String="\S*" attribute="Error" context="changelog_day" />
			</context>
			<context attribute="Tag" lineEndContext="#pop" name="changelog_day">
				<DetectSpaces />
				<keyword String="days" attribute="Tag" context="changelog_year" />
				<AnyChar String="%$" context="changelog_generic" lookAhead="true" />
				<RegExpr String="\S*" attribute="Error" context="changelog_year" />
			</context>
			<context attribute="Tag" lineEndContext="#pop" name="changelog_year">
				<DetectSpaces />
				<RegExpr String="(\d{4})(?=($| |\t))" attribute="Tag" context="changelog_header" />
				<AnyChar String="%$" context="changelog_generic" lookAhead="true" />
				<RegExpr String="\S*" attribute="Error" context="changelog_header" />
			</context>
			<context attribute="Tag" lineEndContext="#pop" name="changelog_header">
				<AnyChar String="%$" context="handle_percent" lookAhead="true" />
			</context>
			<context attribute="Warning" lineEndContext="#pop" name="parameters after ifos">
				<DetectSpaces attribute="Fallback for separator spaces" />
				<RegExpr String="(AIX|AmigaOS|BSD_OS|bsdi|bsdi4\.0|cygwin32|CYGWIN32_95|CYGWIN32_NT|Darwin|darwin|Darwin|FreeBSD|FreeMiNT|HP-UX|hpux10|hpux10\.00|hpux10\.01|hpux10\.10|hpux10\.20|hpux10\.30|hpux11\.00|hpux9\.04|hpux9\.05|hpux9\.07|IRIX|Irix|IRIX|IRIX64|Irix64|IRIX64|Linux|Linux\/390|Linux\/ESA|machten|MacOSX|macosx|MacOSX|MiNT|mint|MiNT|mint|MiNT|mint|MP_RAS|ncr-sysv4\.2|ncr-sysv4\.3|NEXTSTEP|NextStep|OS\/390|OSF1|osf1|osf3\.2|osf4\.0|SCO_SV|SCO_SV3\.2v5\.0\.2|solaris|solaris2\.3|solaris2\.4|solaris2\.5|solaris2\.6|solaris2\.7|SunOS|SunOS4|SunOS5|TOS|UNIX_SV|VM\/ESA)(?=($| |\t))" attribute="Enumeration" />
				<AnyChar String="%$" context="handle_percent" lookAhead="true" />
			</context>
			<context attribute="Warning" lineEndContext="#pop" name="parameters after ifarch">
				<DetectSpaces attribute="Fallback for separator spaces" />
				<RegExpr String="(alpha|alphaev5|alphaev56|alphaev6|alphaev67|alphapca56|amd64|armv3l|armv4b|armv4l|armv4tl|armv5b|armv5l|armv5teb|armv5tejl|armv5tel|armv6l|armv7l|atariclone|atarist|atariste|ataritt|athlon|axp|em64t|falcon|fat|geode|hades|hppa|hppa1\.0|hppa1\.1|hppa1\.2|hppa2\.0|hppa64|i370|i386|i486|i586|i686|ia32e|ia64|IP|m68k|m68kmint|milan|mips|mipsel|noarch|osfmach3_i386|osfmach3_i486|osfmach3_i586|osfmach3_i686|osfmach3_ppc|parisc|pentium3|pentium4|powerpc|powerpc64|powerppc|ppc|ppc32dy4|ppc64|ppc64iseries|ppc64pseries|ppc8260|ppc8560|ppciseries|ppcpseries|rs6000|s390|s390x|sgi|sh|sh3|sh4|sh4a|sparc|sparc64|sparc64v|sparcv8|sparcv9|sparcv9v|sun4|sun4c|sun4d|sun4m|sun4u|x86_64|xtensa)(?=($| |\t))" attribute="Enumeration" />
				<AnyChar String="%$" context="handle_percent" lookAhead="true" />
			</context>
			<context attribute="Error" lineEndContext="#pop" name="expression after _if_ statement">
				<DetectSpaces attribute="Fallback for separator spaces" context="#stay" />
				<AnyChar String="()" attribute="Keyword" context="#stay" />
				<Detect2Chars attribute="Keyword" char="&amp;" char1="&amp;" context="#stay" />
				<Detect2Chars attribute="Keyword" char="&lt;" char1="=" context="#stay" />
				<Detect2Chars attribute="Keyword" char="&gt;" char1="=" context="#stay" />
				<Detect2Chars attribute="Keyword" char="=" char1="=" context="#stay" />
				<Detect2Chars attribute="Keyword" char="!" char1="=" context="#stay" />
				<AnyChar String="!&lt;&gt;" attribute="Keyword" context="#stay" />
				<Detect2Chars attribute="Keyword" char="|" char1="|" context="#stay" />
				<Int attribute="Integer" context="#stay" />
				<DetectIdentifier attribute="String" context="#stay" />
				<DetectChar attribute="String" char="&quot;" context="quoted strings in if statements" />
				<AnyChar String="%$" context="handle_percent" lookAhead="true" />
			</context>
			<context attribute="String" lineEndContext="#pop" name="quoted strings in if statements">
				<RegExpr String="\\[^&quot;]" attribute="Escaped character" />
				<AnyChar String="%$" context="handle_percent" lookAhead="true" />
				<DetectChar attribute="String" char="&quot;" context="#pop" />
			</context>
			<context attribute="Fallback for separator spaces" lineEndContext="#pop" name="macro defination">
				<DetectSpaces />
				<RegExpr String="[A-Za-z0-9_]*(?=($| |\t))" attribute="Enumeration" context="macro defination content" />
				<RegExpr String="[^ \t]*" attribute="Error" context="macro defination content" />
			</context>
			<context attribute="String" lineEndContext="#pop" name="macro defination content">
				<DetectSpaces />
				<LineContinue attribute="Line break" context="#stay" />
				<DetectChar attribute="Warning" char="\" />
			</context>
			<context attribute="Fallback for separator spaces" lineEndContext="#pop" name="undefine macro">
				<DetectSpaces />
				<RegExpr String="[A-Za-z0-9_]*(?=($| |\t))" attribute="Enumeration" context="every_non_whitespace_is_error" />
				<RegExpr String="." attribute="Error" context="every_non_whitespace_is_error" />
			</context>
			<context attribute="Fallback for separator spaces" lineEndContext="#pop" name="handle_percent">
				<Detect2Chars attribute="Escaped character" char="%" char1="%" context="#pop" />
				<RegExpr String="%(if!?)(?=($| |\t))" attribute="Keyword" beginRegion="if_block" context="expression after _if_ statement" firstNonSpace="true" />
				<RegExpr String="%(ifarch|ifnarch)(?=($| |\t))" attribute="Keyword" beginRegion="if_block" context="parameters after ifarch" firstNonSpace="true" />
				<RegExpr String="%(ifos|ifnos)(?=($| |\t))" attribute="Keyword" beginRegion="if_block" context="parameters after ifos" firstNonSpace="true" />
				<RegExpr String="%else(?=($| |\t))" attribute="Keyword" beginRegion="if_block" context="every_non_whitespace_is_error" endRegion="if_block" firstNonSpace="true" />
				<RegExpr String="%endif(?=($| |\t))" attribute="Keyword" context="every_non_whitespace_is_error" endRegion="if_block" firstNonSpace="true" />
				<RegExpr String="%(define|global)(?=($| |\t))" attribute="Keyword" context="macro defination" firstNonSpace="true" />
				<RegExpr String="%undefine(?=($| |\t))" attribute="Keyword" context="undefine macro" firstNonSpace="true" />
				<RegExpr String="%package(?=($| |\t))" attribute="Section" column="0" context="package section start line" />
				<RegExpr String="%description(?=($| |\t))" attribute="Section" column="0" context="description section start line" />
				<RegExpr String="%(prep|build|pre|preun|install|post|postun|clean|files|trigger|triggerin|triggerun|triggerpostun|verifyscript|check|pretrans|posttrans)(?=($| |\t))" attribute="Section" column="0" context="command section" />
				<RegExpr String="%changelog(?=($| |\t))" attribute="Section" column="0" context="changelog section" />
				<RegExpr String="%([\{\(][ \t]{0,}){0,1}(if|(ifarch|ifnarch)|(ifos|ifnos)|else|endif|define|global|undefine|package|description|(prep|build|pre|preun|install|post|postun|clean|files|trigger|triggerin|triggerun|triggerpostun|verifyscript|check|pretrans|posttrans)|changelog)(?=($|[^A-Za-z0-9_]))" attribute="Error" context="#pop" />
				<RegExpr String="%[A-Za-z0-9_]*\(" attribute="Macro call" context="macro content in parenthesis" />
				<RegExpr String="(%|\$)\{" attribute="Macro call" context="macro content in braces" />
				<RegExpr String="(%|\$)([A-Za-z0-9_]{1,}|\*|\#)(?=($|[^A-Za-z0-9_]))" attribute="Macro call" context="#pop" />
				<RegExpr String="(%|\$)([A-Za-z0-9_]{1,}|\*|\#)" attribute="Error" context="#pop" />
				<AnyChar String="%$" attribute="Error" context="#pop" />
			</context>
			<context attribute="Macro call" lineEndContext="#pop#pop" name="macro content in parenthesis">
				<AnyChar String="%$" context="handle_percent" lookAhead="true" />
				<DetectChar attribute="Macro call" char=")" context="#pop#pop" />
				<AnyChar String="({}" attribute="Error" context="#stay" />
			</context>
			<context attribute="Macro call" lineEndContext="#pop#pop" name="macro content in braces">
				<DetectChar attribute="Macro call" char="}" context="#pop#pop" />
				<AnyChar String="({)" attribute="Error" context="#stay" />
				<AnyChar String="%$" context="handle_percent" lookAhead="true" />
			</context>
		</contexts>
		<itemDatas>
			<itemData defStyleNum="dsNormal" name="Shell commands" />
			<itemData defStyleNum="dsNormal" name="Fallback for separator spaces" />
			<itemData defStyleNum="dsKeyword" name="Keyword" />
			<itemData defStyleNum="dsComment" name="Comment" />
			<itemData defStyleNum="dsDataType" name="Tag" />
			<itemData defStyleNum="dsOthers" name="Enumeration" />
			<itemData defStyleNum="dsString" name="String" />
			<itemData defStyleNum="dsDecVal" name="Integer" />
			<itemData defStyleNum="dsError" name="Error" />
			<itemData defStyleNum="dsError" name="Warning" />
			<itemData defStyleNum="dsError" name="Hint" />
			<itemData defStyleNum="dsFunction" name="Macro call" />
			<itemData defStyleNum="dsRegionMarker" name="Section" />
			<itemData defStyleNum="dsChar" name="Escaped character" />
			<itemData defStyleNum="dsKeyword" name="Line break" />
		</itemDatas>
		<list name="weekdays">
			<item> Mon </item>
			<item> Tue </item>
			<item> Wed </item>
			<item> Thu </item>
			<item> Fri </item>
			<item> Sat </item>
			<item> Sun </item>
		</list>
		<list name="days">
			<item> 1 </item>
			<item> 2 </item>
			<item> 3 </item>
			<item> 4 </item>
			<item> 5 </item>
			<item> 6 </item>
			<item> 7 </item>
			<item> 8 </item>
			<item> 9 </item>
			<item> 01 </item>
			<item> 02 </item>
			<item> 03 </item>
			<item> 04 </item>
			<item> 05 </item>
			<item> 06 </item>
			<item> 07 </item>
			<item> 08 </item>
			<item> 09 </item>
			<item> 10 </item>
			<item> 11 </item>
			<item> 12 </item>
			<item> 13 </item>
			<item> 14 </item>
			<item> 15 </item>
			<item> 16 </item>
			<item> 17 </item>
			<item> 18 </item>
			<item> 19 </item>
			<item> 20 </item>
			<item> 21 </item>
			<item> 22 </item>
			<item> 23 </item>
			<item> 24 </item>
			<item> 25 </item>
			<item> 26 </item>
			<item> 27 </item>
			<item> 28 </item>
			<item> 29 </item>
			<item> 30 </item>
			<item> 31 </item>
		</list>
		<list name="month names">
			<item> Jan </item>
			<item> Feb </item>
			<item> Mar </item>
			<item> Apr </item>
			<item> May </item>
			<item> Jun </item>
			<item> Jul </item>
			<item> Aug </item>
			<item> Sep </item>
			<item> Oct </item>
			<item> Nov </item>
			<item> Dec </item>
		</list>
	</highlighting>
	<general>
		<keywords casesensitive="1" weakDeliminator=".():!+,-&lt;=&gt;%&amp;*/;?[]^{|}~\," />
		<comments>
			<comment name="singleLine" start="#" />
		</comments>
	</general>
</language>
