<?xml version="1.0" encoding="UTF-8"?>
<!-- read from /usr/share/katepart5/syntax/rtf.xml at 26/09/15 17:36:14 CEST -->
<language author="Lukas Sommer" extensions="*.rtf" kateversion="2.4" license="LGPL version 2.1, or version 3 or later versions approved by the membership of KDE e.V.; or any other license appoved by the emembership of KDE e.V." mimetype="text/rtf;application/rtf" name="Rich Text Format" section="Markup" version="1.0">
	<highlighting>
		<contexts>
			<context attribute="Text" lineEndContext="#stay" name="context_normal">
				<DetectChar attribute="Braces" beginRegion="true" char="{" />
				<DetectChar attribute="Braces" char="}" endRegion="true" />
				<DetectChar char="\" context="context_process_backslash" lookAhead="true" />
			</context>
			<context attribute="Numeric parameter" fallthrough="true" fallthroughContext="context_normal" lineEndContext="context_normal" name="context_process_backslash">
				<Detect2Chars attribute="Control words" char="\" char1="|" />
				<Detect2Chars attribute="Character" char="\" char1="~" />
				<Detect2Chars attribute="Character" char="\" char1="-" />
				<Detect2Chars attribute="Character" char="\" char1="_" />
				<Detect2Chars attribute="Control words" char="\" char1=":" />
				<Detect2Chars attribute="Control words" char="\" char1="*" />
				<Detect2Chars attribute="Character" char="\" char1="\" />
				<Detect2Chars attribute="Character" char="\" char1="{" />
				<Detect2Chars attribute="Character" char="\" char1="}" />
				<RegExpr String="\\u([-]?\d+)" attribute="Character" />
				<RegExpr String="\\'[01-9a-f]{2}" attribute="Character" />
				<RegExpr String="\\[a-zA-Z]+" attribute="Control words" context="context_functionparameter" />
				<DetectChar attribute="Error" char="\" />
			</context>
			<context attribute="Control words" fallthrough="true" fallthroughContext="context_normal" lineEndContext="context_normal" name="context_functionparameter">
				<RegExpr String="[-]?\d+" attribute="Numeric parameter" context="context_normal" />
				<DetectChar attribute="Error" char="-" />
			</context>
		</contexts>
		<itemDatas>
			<itemData defStyleNum="dsString" name="Text" />
			<itemData defStyleNum="dsChar" name="Character" />
			<itemData defStyleNum="dsKeyword" name="Braces" />
			<itemData defStyleNum="dsFunction" name="Control words" />
			<itemData defStyleNum="dsDecVal" name="Numeric parameter" />
			<itemData defStyleNum="dsError" name="Error" />
		</itemDatas>
	</highlighting>
</language>
