<?xml version="1.0" encoding="UTF-8"?>
<!-- read from /usr/share/katepart5/syntax/sed.xml at 26/06/15 21:53:22 CEST -->
<language author="Bart Sas (bart.sas@gmail.com)" extensions="*.sed" kateversion="2.4" license="GPL" mimetype="text/x-sed" name="sed" section="Scripts" version="1.0">
	<highlighting>
		<contexts>
			<context attribute="Normal" lineEndContext="#stay" name="BeginningOfLine">
				<DetectSpaces />
				<DetectChar attribute="Comment" char="#" context="Comment" />
				<RegExpr String="(/)" attribute="Separator" context="FirstAddressRegex" />
				<RegExpr String="\\(\S)" attribute="Separator" context="FirstAddressRegex" />
				<Int attribute="Line Number" context="AfterFirstAddress" />
				<DetectChar attribute="Last Line" char="$" context="AfterFirstAddress" />
				<DetectChar attribute="Brace" char="}" context="AfterCommand" />
				<DetectChar attribute="Label" char=":" context="Label" />
				<DetectChar attribute="Negation" char="!" context="Command" />
				<IncludeRules context="Command" />
				<RegExpr String="\S" attribute="Error" context="Error" />
			</context>
			<context attribute="Regex" dynamic="true" lineEndContext="Error" name="FirstAddressRegex">
				<DetectSpaces />
				<RegExpr String="\\%1" attribute="Regex Escape" context="#stay" dynamic="true" />
				<RegExpr String="%1" attribute="Separator" context="AfterFirstAddress" dynamic="true" />
				<IncludeRules context="Regex" />
			</context>
			<context attribute="Normal" lineEndContext="BeginningOfLine" name="AfterFirstAddress">
				<DetectSpaces />
				<DetectChar attribute="Negation" char="!" context="Command" />
				<IncludeRules context="AfterFirstAddress2" />
				<RegExpr String="\S" attribute="Error" context="Error" />
			</context>
			<context attribute="Normal" lineEndContext="BeginningOfLine" name="AfterFirstAddress2">
				<DetectSpaces />
				<DetectChar attribute="Normal" char="," context="SecondAddress" />
				<DetectChar attribute="Normal" char="~" context="Step" />
				<IncludeRules context="Command" />
				<RegExpr String="\S" attribute="Error" context="Error" />
			</context>
			<context attribute="Normal" lineEndContext="Error" name="SecondAddress">
				<DetectSpaces />
				<RegExpr String="(/)" attribute="Separator" context="SecondAddressRegex" />
				<RegExpr String="\\(\S)" attribute="Separator" context="SecondAddressRegex" />
				<Int attribute="Line Number" context="AfterSecondAddress" />
				<DetectChar attribute="Last Line" char="$" context="AfterSecondAddress" />
				<RegExpr String="\S" attribute="Error" context="Error" />
			</context>
			<context attribute="Regex" dynamic="true" lineEndContext="Error" name="SecondAddressRegex">
				<DetectSpaces />
				<RegExpr String="\\%1" attribute="Regex Escape" context="#stay" dynamic="true" />
				<RegExpr String="%1" attribute="Separator" context="AfterSecondAddress" dynamic="true" />
				<IncludeRules context="Regex" />
			</context>
			<context attribute="Normal" dynamic="true" lineEndContext="Error" name="AfterSecondAddress">
				<DetectSpaces />
				<DetectChar attribute="Negation" char="!" context="Command" />
				<IncludeRules context="Command" />
				<RegExpr String="\S" attribute="Error" context="Error" />
			</context>
			<context attribute="Normal" lineEndContext="Error" name="Step">
				<DetectSpaces />
				<Int attribute="Step" context="Command" />
				<RegExpr String="\S" attribute="Error" context="Error" />
			</context>
			<context attribute="Normal" lineEndContext="Error" name="Command">
				<DetectSpaces />
				<DetectChar attribute="Command" char="s" context="SCommand" />
				<DetectChar attribute="Command" char="y" context="YCommand" />
				<AnyChar String="dpnDNPhHgGxFvz=" attribute="Command" context="AfterCommand" />
				<AnyChar String="aic" attribute="Command" context="AICCommand" />
				<AnyChar String="bTt" attribute="Command" context="BTCommand" />
				<AnyChar String="WwrR" attribute="Command" context="WRCommand" />
				<AnyChar String="lL" attribute="Command" context="LCommand" />
				<AnyChar String="qQ" attribute="Command" context="QCommand" />
				<DetectChar attribute="Brace" char="{" context="BeginningOfLine" />
				<RegExpr String="\S" attribute="Error" context="Error" />
			</context>
			<context attribute="Normal" lineEndContext="Error" name="SCommand">
				<DetectSpaces />
				<RegExpr String="(\S)" attribute="Separator" context="SRegex" />
			</context>
			<context attribute="Regex" dynamic="true" lineEndContext="Error" name="SRegex">
				<DetectSpaces />
				<RegExpr String="\\%1" attribute="Regex Escape" context="#stay" dynamic="true" />
				<RegExpr String="(%1)" attribute="Separator" context="SReplacement" dynamic="true" />
				<IncludeRules context="Regex" />
			</context>
			<context attribute="Replacement" dynamic="true" lineEndContext="Error" name="SReplacement">
				<DetectSpaces />
				<RegExpr String="\\%1" attribute="Repl Escape" context="#stay" dynamic="true" />
				<RegExpr String="%1" attribute="Separator" context="SFlags" dynamic="true" />
				<RegExpr String="\\[0-9LlUuE\\&amp;]" attribute="Repl Escape" context="#stay" />
				<DetectChar attribute="Repl Escape" char="&amp;" context="#stay" />
			</context>
			<context attribute="Normal" lineEndContext="BeginningOfLine" name="SFlags">
				<DetectSpaces />
				<AnyChar String="gpeIiMm" attribute="Flag" context="#stay" />
				<DetectChar attribute="Flag" char="w" context="WFlag" />
				<Int attribute="Repl Number" context="#stay" />
				<IncludeRules context="AfterCommand" />
			</context>
			<context attribute="Normal" lineEndContext="BeginningOfLine" name="WFlag">
				<DetectSpaces />
				<RegExpr String="\S+" attribute="Filename" context="SFlags" />
			</context>
			<context attribute="Normal" lineEndContext="Error" name="YCommand">
				<DetectSpaces />
				<RegExpr String="(\S)" attribute="Separator" context="YSourceList" />
			</context>
			<context attribute="Char List" dynamic="true" lineEndContext="Error" name="YSourceList">
				<DetectSpaces />
				<RegExpr String="\\%1" attribute="Char List Escape" context="#stay" dynamic="true" />
				<RegExpr String="(%1)" attribute="Separator" context="YDestList" dynamic="true" />
				<Detect2Chars attribute="Char List Escape" char="\" char1="n" context="#stay" />
				<Detect2Chars attribute="Char List Escape" char="\" char1="\" context="#stay" />
			</context>
			<context attribute="Char List" dynamic="true" lineEndContext="Error" name="YDestList">
				<DetectSpaces />
				<RegExpr String="\\%1" attribute="Char List Escape" context="#stay" dynamic="true" />
				<RegExpr String="%1" attribute="Separator" context="AfterCommand" dynamic="true" />
				<Detect2Chars attribute="Char List Escape" char="\" char1="n" context="#stay" />
				<Detect2Chars attribute="Char List Escape" char="\" char1="\" context="#stay" />
			</context>
			<context attribute="Normal" lineEndContext="Error" name="AICCommand">
				<DetectSpaces />
				<LineContinue attribute="Line Continue" context="LiteralText" />
				<RegExpr String="\S" attribute="Error" context="Error" />
			</context>
			<context attribute="Literal Text" lineEndContext="BeginningOfLine" name="LiteralText">
				<Detect2Chars attribute="Literal Escape" char="\" char1="\" context="LiteralText" />
				<LineContinue attribute="Line Continue" context="LiteralText" />
				<DetectChar attribute="Error" char="\" context="Error" />
			</context>
			<context attribute="Normal" lineEndContext="BeginningOfLine" name="BTCommand">
				<DetectSpaces />
				<RegExpr String="\w+" attribute="Label" context="AfterCommand" />
				<IncludeRules context="AfterCommand" />
			</context>
			<context attribute="Normal" lineEndContext="Error" name="WRCommand">
				<DetectSpaces />
				<RegExpr String="\S+" attribute="Filename" context="AfterCommand" />
			</context>
			<context attribute="Normal" lineEndContext="BeginningOfLine" name="LCommand">
				<DetectSpaces />
				<Int attribute="Wrap Length" context="AfterCommand" />
				<IncludeRules context="AfterCommand" />
			</context>
			<context attribute="Normal" lineEndContext="BeginningOfLine" name="QCommand">
				<DetectSpaces />
				<Int attribute="Exit Code" context="AfterCommand" />
				<IncludeRules context="AfterCommand" />
			</context>
			<context attribute="Normal" lineEndContext="Error" name="Label">
				<DetectSpaces />
				<RegExpr String="\w+" attribute="Label" context="AfterCommand" />
				<RegExpr String="\S" attribute="Error" context="Error" />
			</context>
			<context attribute="Normal" lineEndContext="BeginningOfLine" name="AfterCommand">
				<DetectSpaces />
				<DetectChar attribute="Normal" char=";" context="BeginningOfLine" />
				<DetectChar attribute="Brace" char="}" context="AfterCommand" />
				<DetectChar attribute="Comment" char="#" context="Comment" />
				<RegExpr String="\S" attribute="Error" context="Error" />
			</context>
			<context attribute="Regex" lineEndContext="Error" name="Regex">
				<Detect2Chars attribute="Regex Escape" char="\" char1="(" context="#stay" />
				<Detect2Chars attribute="Regex Escape" char="\" char1=")" context="#stay" />
				<Detect2Chars attribute="Regex Escape" char="\" char1="+" context="#stay" />
				<Detect2Chars attribute="Regex Escape" char="\" char1="?" context="#stay" />
				<Detect2Chars attribute="Regex Escape" char="\" char1="|" context="#stay" />
				<Detect2Chars attribute="Regex Escape" char="\" char1="{" context="#stay" />
				<Detect2Chars attribute="Regex Escape" char="\" char1="}" context="#stay" />
				<Detect2Chars attribute="Regex Escape" char="\" char1="[" context="#stay" />
				<Detect2Chars attribute="Regex Escape" char="\" char1="]" context="#stay" />
				<Detect2Chars attribute="Regex Escape" char="\" char1="." context="#stay" />
				<Detect2Chars attribute="Regex Escape" char="\" char1="*" context="#stay" />
				<Detect2Chars attribute="Regex Escape" char="\" char1="\" context="#stay" />
				<Detect2Chars attribute="Regex Escape" char="\" char1="^" context="#stay" />
				<Detect2Chars attribute="Regex Escape" char="\" char1="$" context="#stay" />
				<Detect2Chars attribute="Regex Escape" char="\" char1="n" context="#stay" />
				<Detect2Chars attribute="Regex Escape" char="\" char1="t" context="#stay" />
				<Detect2Chars attribute="Regex Escape" char="\" char1="0" context="#stay" />
				<Detect2Chars attribute="Regex Escape" char="\" char1="1" context="#stay" />
				<Detect2Chars attribute="Regex Escape" char="\" char1="2" context="#stay" />
				<Detect2Chars attribute="Regex Escape" char="\" char1="3" context="#stay" />
				<Detect2Chars attribute="Regex Escape" char="\" char1="4" context="#stay" />
				<Detect2Chars attribute="Regex Escape" char="\" char1="5" context="#stay" />
				<Detect2Chars attribute="Regex Escape" char="\" char1="6" context="#stay" />
				<Detect2Chars attribute="Regex Escape" char="\" char1="7" context="#stay" />
				<Detect2Chars attribute="Regex Escape" char="\" char1="8" context="#stay" />
				<Detect2Chars attribute="Regex Escape" char="\" char1="9" context="#stay" />
				<DetectChar attribute="Regex Escape" char="*" context="#stay" />
				<DetectChar attribute="Regex Escape" char="." context="#stay" />
				<DetectChar attribute="Regex Escape" char="^" context="#stay" />
				<DetectChar attribute="Regex Escape" char="$" context="#stay" />
				<DetectChar attribute="Regex Escape" char="[" context="#stay" />
				<DetectChar attribute="Regex Escape" char="]" context="#stay" />
			</context>
			<context attribute="Comment" lineEndContext="BeginningOfLine" name="Comment" />
			<context attribute="Error" lineEndContext="BeginningOfLine" name="Error" />
		</contexts>
		<itemDatas>
			<itemData defStyleNum="dsNormal" name="Normal" />
			<itemData defStyleNum="dsString" name="Regex" />
			<itemData defStyleNum="dsChar" name="Regex Escape" />
			<itemData defStyleNum="dsString" name="Replacement" />
			<itemData defStyleNum="dsChar" name="Repl Escape" />
			<itemData defStyleNum="dsString" name="Char List" />
			<itemData defStyleNum="dsChar" name="Char List Escape" />
			<itemData name="Separator" defStyleNum="dsString" />
			<itemData defStyleNum="dsDecVal" name="Line Number" />
			<itemData defStyleNum="dsDecVal" name="Step" />
			<itemData name="Last Line" defStyleNum="dsOthers" />
			<itemData name="Negation" defStyleNum="dsOthers" />
			<itemData defStyleNum="dsKeyword" name="Command" />
			<itemData defStyleNum="dsFunction" name="Label" />
			<itemData defStyleNum="dsNormal" name="Brace" />
			<itemData defStyleNum="dsDataType" name="Flag" />
			<itemData defStyleNum="dsDecVal" name="Repl Number" />
			<itemData defStyleNum="dsDecVal" name="Exit Code" />
			<itemData defStyleNum="dsBaseN" name="Filename" />
			<itemData defStyleNum="dsDecVal" name="Wrap Length" />
			<itemData name="Line Continue" defStyleNum="dsOthers" />
			<itemData name="Literal Text" defStyleNum="dsOthers" />
			<itemData name="Literal Escape" defStyleNum="dsSpecialChar" />
			<itemData defStyleNum="dsComment" name="Comment" />
			<itemData defStyleNum="dsError" name="Error" />
		</itemDatas>
	</highlighting>
	<general>
		<comments>
			<comment name="singleLine" start="#" />
		</comments>
	</general>
</language>
