<?xml version="1.0" encoding="UTF-8"?>
<!-- read from /usr/share/katepart5/syntax/sql-mysql.xml at 26/09/15 17:36:14 CEST -->
<language author="Shane Wright (me@shanewright.co.uk)" casesensitive="0" extensions="*.sql;*.SQL;*.ddl;*.DDL" kateversion="3.4" license="" mimetype="text/x-sql" name="SQL (MySQL)" section="Database" version="1.16">
	<highlighting>
		<contexts>
			<context attribute="Normal Text" lineEndContext="#stay" name="Normal">
				<DetectSpaces />
				<RegExpr String="SET(?=\s*\()" attribute="Data Type" context="#stay" insensitive="true" />
				<RegExpr String="\bCHARACTER SET\b" attribute="Keyword" context="#stay" insensitive="true" />
				<keyword String="keywords" attribute="Keyword" context="#stay" />
				<keyword String="operators" attribute="Operator" context="#stay" />
				<keyword String="functions" attribute="Function" context="#stay" />
				<keyword String="types" attribute="Data Type" context="#stay" />
				<DetectIdentifier />
				<RegExpr String="%(?:bulk_(?:exceptions|rowcount)|found|isopen|notfound|rowcount|rowtype|type)\b" attribute="Data Type" context="#stay" insensitive="true" />
				<HlCHex attribute="Hex" context="#stay" />
				<Float attribute="Float" context="#stay" />
				<Int attribute="Decimal" context="#stay" />
				<DetectChar attribute="String" char="'" context="String" />
				<DetectChar attribute="String" char="&quot;" context="String2" />
				<DetectChar attribute="Name" char="`" context="Name" />
				<DetectChar attribute="Comment" char="#" context="SingleLineComment" />
				<Detect2Chars attribute="Comment" char="-" char1="-" context="SingleLineComment" />
				<Detect2Chars attribute="Comment" beginRegion="Comment" char="/" char1="*" context="MultiLineComment" />
				<RegExpr String="rem\b" attribute="Comment" column="0" context="SingleLineComment" insensitive="true" />
				<AnyChar String=":&amp;" attribute="Symbol" context="#stay" />
				<RegExpr String="/$" attribute="Symbol" column="0" context="#stay" />
				<RegExpr String="@@?[^@ \t\r\n]" attribute="Preprocessor" column="0" context="Preprocessor" />
				<DetectChar attribute="String Char" char="." context="#stay" />
			</context>
			<context attribute="String" lineEndContext="#stay" name="String">
				<LineContinue attribute="String" context="#pop" />
				<HlCStringChar attribute="String Char" context="#stay" />
				<DetectChar attribute="Symbol" char="&amp;" context="#stay" />
				<DetectChar attribute="String" char="'" context="#pop" />
			</context>
			<context attribute="String" lineEndContext="#stay" name="String2">
				<LineContinue attribute="String" context="#pop" />
				<HlCStringChar attribute="String Char" context="#stay" />
				<DetectChar attribute="Symbol" char="&amp;" context="#stay" />
				<DetectChar attribute="String" char="&quot;" context="#pop" />
			</context>
			<context attribute="Name" lineEndContext="#stay" name="Name">
				<LineContinue attribute="Name" context="#pop" />
				<HlCStringChar attribute="String Char" context="#stay" />
				<DetectChar attribute="Name" char="`" context="#pop" />
			</context>
			<context attribute="Comment" lineEndContext="#pop" name="SingleLineComment" />
			<context attribute="Comment" lineEndContext="#stay" name="MultiLineComment">
				<LineContinue attribute="Comment" context="#pop" />
				<Detect2Chars attribute="Comment" char="*" char1="/" context="#pop" endRegion="Comment" />
			</context>
			<context attribute="Preprocessor" lineEndContext="#pop" name="Preprocessor" />
		</contexts>
		<itemDatas>
			<itemData defStyleNum="dsNormal" name="Normal Text" spellChecking="false" />
			<itemData defStyleNum="dsKeyword" name="Keyword" spellChecking="false" />
			<itemData defStyleNum="dsNormal" name="Operator" spellChecking="false" />
			<itemData defStyleNum="dsFunction" name="Function" spellChecking="false" />
			<itemData defStyleNum="dsDataType" name="Data Type" spellChecking="false" />
			<itemData defStyleNum="dsDecVal" name="Decimal" spellChecking="false" />
			<itemData defStyleNum="dsBaseN" name="Hex" spellChecking="false" />
			<itemData defStyleNum="dsFloat" name="Float" spellChecking="false" />
			<itemData name="Name" defStyleNum="dsString" />
			<itemData defStyleNum="dsString" name="String" />
			<itemData defStyleNum="dsChar" name="String Char" spellChecking="false" />
			<itemData defStyleNum="dsComment" name="Comment" />
			<itemData defStyleNum="dsChar" name="Symbol" spellChecking="false" />
			<itemData defStyleNum="dsOthers" name="Preprocessor" spellChecking="false" />
		</itemDatas>
		<list name="types">
			<item> BINARY </item>
			<item> BLOB </item>
			<item> CHAR </item>
			<item> CHARACTER </item>
			<item> ENUM </item>
			<item> LONGBLOB </item>
			<item> LONGTEXT </item>
			<item> MEDIUMBLOB </item>
			<item> MEDIUMTEXT </item>
			<item> TEXT </item>
			<item> TINYBLOB </item>
			<item> TINYTEXT </item>
			<item> VARBINARY </item>
			<item> VARCHAR </item>
			<item> BIGINT </item>
			<item> BIT </item>
			<item> BOOL </item>
			<item> BOOLEAN </item>
			<item> DEC </item>
			<item> DECIMAL </item>
			<item> DOUBLE </item>
			<item> FIXED </item>
			<item> FLOAT </item>
			<item> INT </item>
			<item> INTEGER </item>
			<item> LONG </item>
			<item> MEDIUMINT </item>
			<item> MIDDLEINT </item>
			<item> NUMERIC </item>
			<item> TINYINT </item>
			<item> REAL </item>
			<item> SERIAL </item>
			<item> SMALLINT </item>
			<item> DATE </item>
			<item> DATETIME </item>
			<item> TIME </item>
			<item> TIMESTAMP </item>
			<item> YEAR </item>
		</list>
		<list name="keywords">
			<item> ACCESS </item>
			<item> ADD </item>
			<item> ALL </item>
			<item> ALTER </item>
			<item> ANALYZE </item>
			<item> AND </item>
			<item> AS </item>
			<item> ASC </item>
			<item> AUTO_INCREMENT </item>
			<item> BDB </item>
			<item> BERKELEYDB </item>
			<item> BETWEEN </item>
			<item> BOTH </item>
			<item> BY </item>
			<item> CASCADE </item>
			<item> CASE </item>
			<item> CHANGE </item>
			<item> CHARSET </item>
			<item> COLUMN </item>
			<item> COLUMNS </item>
			<item> CONSTRAINT </item>
			<item> CREATE </item>
			<item> CROSS </item>
			<item> CURRENT_DATE </item>
			<item> CURRENT_TIME </item>
			<item> CURRENT_TIMESTAMP </item>
			<item> DATABASE </item>
			<item> DATABASES </item>
			<item> DAY_HOUR </item>
			<item> DAY_MINUTE </item>
			<item> DAY_SECOND </item>
			<item> DEC </item>
			<item> DEFAULT </item>
			<item> DELAYED </item>
			<item> DELETE </item>
			<item> DESC </item>
			<item> DESCRIBE </item>
			<item> DISTINCT </item>
			<item> DISTINCTROW </item>
			<item> DROP </item>
			<item> ELSE </item>
			<item> ENCLOSED </item>
			<item> ESCAPED </item>
			<item> EXISTS </item>
			<item> EXPLAIN </item>
			<item> FIELDS </item>
			<item> FOR </item>
			<item> FOREIGN </item>
			<item> FROM </item>
			<item> FULLTEXT </item>
			<item> FUNCTION </item>
			<item> GRANT </item>
			<item> GROUP </item>
			<item> HAVING </item>
			<item> HIGH_PRIORITY </item>
			<item> IF </item>
			<item> IGNORE </item>
			<item> IN </item>
			<item> INDEX </item>
			<item> INFILE </item>
			<item> INNER </item>
			<item> INNODB </item>
			<item> INSERT </item>
			<item> INTERVAL </item>
			<item> INTO </item>
			<item> IS </item>
			<item> JOIN </item>
			<item> KEY </item>
			<item> KEYS </item>
			<item> KILL </item>
			<item> LEADING </item>
			<item> LEFT </item>
			<item> LIKE </item>
			<item> LIMIT </item>
			<item> LINES </item>
			<item> LOAD </item>
			<item> LOCK </item>
			<item> LOW_PRIORITY </item>
			<item> MASTER_SERVER_ID </item>
			<item> MATCH </item>
			<item> MRG_MYISAM </item>
			<item> NATIONAL </item>
			<item> NATURAL </item>
			<item> NOT </item>
			<item> NULL </item>
			<item> NUMERIC </item>
			<item> ON </item>
			<item> OPTIMIZE </item>
			<item> OPTION </item>
			<item> OPTIONALLY </item>
			<item> OR </item>
			<item> ORDER </item>
			<item> OUTER </item>
			<item> OUTFILE </item>
			<item> PARTIAL </item>
			<item> PRECISION </item>
			<item> PRIMARY </item>
			<item> PRIVILEGES </item>
			<item> PROCEDURE </item>
			<item> PURGE </item>
			<item> READ </item>
			<item> REFERENCES </item>
			<item> REGEXP </item>
			<item> RENAME </item>
			<item> REPLACE </item>
			<item> REQUIRE </item>
			<item> RESTRICT </item>
			<item> RETURNS </item>
			<item> REVOKE </item>
			<item> RIGHT </item>
			<item> RLIKE </item>
			<item> SELECT </item>
			<item> SET </item>
			<item> SHOW </item>
			<item> SONAME </item>
			<item> SQL_BIG_RESULT </item>
			<item> SQL_CALC_FOUND_ROWS </item>
			<item> SQL_SMALL_RESULT </item>
			<item> SSL </item>
			<item> STARTING </item>
			<item> STRAIGHT_JOIN </item>
			<item> STRIPED </item>
			<item> TABLE </item>
			<item> TABLES </item>
			<item> TERMINATED </item>
			<item> THEN </item>
			<item> TO </item>
			<item> TRAILING </item>
			<item> TRUNCATE </item>
			<item> TYPE </item>
			<item> UNION </item>
			<item> UNIQUE </item>
			<item> UNLOCK </item>
			<item> UNSIGNED </item>
			<item> UPDATE </item>
			<item> USAGE </item>
			<item> USE </item>
			<item> USER_RESOURCES </item>
			<item> USING </item>
			<item> VALUES </item>
			<item> VARYING </item>
			<item> WHEN </item>
			<item> WHERE </item>
			<item> WHILE </item>
			<item> WITH </item>
			<item> WRITE </item>
			<item> XOR </item>
			<item> YEAR_MONTH </item>
			<item> ZEROFILL </item>
		</list>
		<list name="functions">
			<item> ASCII </item>
			<item> BIN </item>
			<item> BIT_LENGTH </item>
			<item> CHAR </item>
			<item> CHARACTER_LENGTH </item>
			<item> CHAR_LENGTH </item>
			<item> CONCAT </item>
			<item> CONCAT_WS </item>
			<item> CONV </item>
			<item> ELT </item>
			<item> EXPORT_SET </item>
			<item> FIELD </item>
			<item> FIND_IN_SET </item>
			<item> HEX </item>
			<item> INSERT </item>
			<item> INSTR </item>
			<item> LCASE </item>
			<item> LEFT </item>
			<item> LENGTH </item>
			<item> LOAD_FILE </item>
			<item> LOCATE </item>
			<item> LOWER </item>
			<item> LPAD </item>
			<item> LTRIM </item>
			<item> MAKE_SET </item>
			<item> MID </item>
			<item> OCT </item>
			<item> OCTET_LENGTH </item>
			<item> ORD </item>
			<item> POSITION </item>
			<item> QUOTE </item>
			<item> REPEAT </item>
			<item> REPLACE </item>
			<item> REVERSE </item>
			<item> RIGHT </item>
			<item> RPAD </item>
			<item> RTRIM </item>
			<item> SOUNDEX </item>
			<item> SPACE </item>
			<item> SUBSTRING </item>
			<item> SUBSTRING_INDEX </item>
			<item> TRIM </item>
			<item> UCASE </item>
			<item> UPPER </item>
			<item> ABS </item>
			<item> ACOS </item>
			<item> ASIN </item>
			<item> ATAN </item>
			<item> ATAN2 </item>
			<item> CEILING </item>
			<item> COS </item>
			<item> COT </item>
			<item> DEGREES </item>
			<item> EXP </item>
			<item> FLOOR </item>
			<item> GREATEST </item>
			<item> LEAST </item>
			<item> LN </item>
			<item> LOG </item>
			<item> LOG10 </item>
			<item> LOG2 </item>
			<item> MOD </item>
			<item> PI </item>
			<item> POW </item>
			<item> POWER </item>
			<item> RADIANS </item>
			<item> RAND </item>
			<item> ROUND </item>
			<item> SIGN </item>
			<item> SIN </item>
			<item> SQRT </item>
			<item> TAN </item>
			<item> ADDDATE </item>
			<item> CURDATE </item>
			<item> CURRENT_DATE </item>
			<item> CURRENT_TIME </item>
			<item> CURRENT_TIMESTAMP </item>
			<item> CURTIME </item>
			<item> DATE_ADD </item>
			<item> DATE_FORMAT </item>
			<item> DATE_SUB </item>
			<item> DAYNAME </item>
			<item> DAYOFMONTH </item>
			<item> DAYOFWEEK </item>
			<item> DAYOFYEAR </item>
			<item> EXTRACT </item>
			<item> FROM_DAYS </item>
			<item> FROM_UNIXTIME </item>
			<item> HOUR </item>
			<item> MINUTE </item>
			<item> MONTH </item>
			<item> MONTHNAME </item>
			<item> NOW </item>
			<item> PERIOD_ADD </item>
			<item> PERIOD_DIFF </item>
			<item> QUARTER </item>
			<item> SECOND </item>
			<item> SEC_TO_TIME </item>
			<item> SUBDATE </item>
			<item> SYSDATE </item>
			<item> TIME_FORMAT </item>
			<item> TIME_TO_SEC </item>
			<item> TO_DAYS </item>
			<item> UNIX_TIMESTAMP </item>
			<item> WEEK </item>
			<item> WEEKDAY </item>
			<item> YEAR </item>
			<item> YEARWEEK </item>
			<item> CAST </item>
			<item> CONVERT </item>
			<item> AES_DECRYPT </item>
			<item> AES_ENCRYPT </item>
			<item> BENCHMARK </item>
			<item> BIT_COUNT </item>
			<item> CONNECTION_ID </item>
			<item> DATABASE </item>
			<item> DECODE </item>
			<item> DES_DECRYPT </item>
			<item> DES_ENCRYPT </item>
			<item> ENCODE </item>
			<item> ENCRYPT </item>
			<item> FORMAT </item>
			<item> FOUND_ROWS </item>
			<item> GET_LOCK </item>
			<item> INET_ATON </item>
			<item> INET_NTOA </item>
			<item> IS_FREE_LOCK </item>
			<item> LAST_INSERT_ID </item>
			<item> MASTER_POS_WAIT </item>
			<item> MD5 </item>
			<item> PASSWORD </item>
			<item> RELEASE_LOCK </item>
			<item> SESSION_USER </item>
			<item> SHA </item>
			<item> SHA1 </item>
			<item> SYSTEM_USER </item>
			<item> USER </item>
			<item> VERSION </item>
			<item> AVG </item>
			<item> BIT_AND </item>
			<item> BIT_OR </item>
			<item> COUNT </item>
			<item> MAX </item>
			<item> MIN </item>
			<item> STD </item>
			<item> STDDEV </item>
			<item> SUM </item>
		</list>
		<list name="operators">
			<item> + </item>
			<item> - </item>
			<item> * </item>
			<item> / </item>
			<item> || </item>
			<item> = </item>
			<item> != </item>
			<item> &lt;&gt; </item>
			<item> &lt; </item>
			<item> &lt;= </item>
			<item> &gt; </item>
			<item> &gt;= </item>
			<item> ~= </item>
			<item> ^= </item>
			<item> := </item>
			<item> =&gt; </item>
			<item> ** </item>
			<item> .. </item>
		</list>
	</highlighting>
	<general>
		<comments>
			<comment name="singleLine" start="--" />
			<comment end="*/" name="multiLine" start="/*" />
		</comments>
		<keywords casesensitive="0" weakDeliminator="+-*/|=!&lt;&gt;~^:." />
		<folding indentationsensitive="true" />
	</general>
</language>
