<?xml version="1.0" encoding="UTF-8"?>
<!-- read from /usr/share/katepart5/syntax/tcsh.xml at 26/06/15 21:52:40 CEST -->
<language author="Matthew Woehlke (mw_triad@users.sourceforge.net)" casesensitive="1" extensions="*.csh;*.tcsh;csh.cshrc;csh.login;.tcshrc;.cshrc;.login" kateversion="2.4" license="LGPL" mimetype="application/x-csh" name="Tcsh" section="Scripts" version="0.2">
	<highlighting>
		<contexts>
			<context attribute="Normal Text" lineEndContext="#stay" name="Start">
				<IncludeRules context="FindAll" />
			</context>
			<context attribute="Normal Text" lineEndContext="#stay" name="FindAll">
				<IncludeRules context="FindComments" />
				<IncludeRules context="FindCommands" />
				<IncludeRules context="FindStrings" />
				<IncludeRules context="FindSubstitutions" />
				<IncludeRules context="FindOthers" />
			</context>
			<context attribute="Normal Text" lineEndContext="#stay" name="FindMost">
				<IncludeRules context="FindComments" />
				<IncludeRules context="FindStrings" />
				<IncludeRules context="FindSubstitutions" />
				<IncludeRules context="FindOthers" />
			</context>
			<context attribute="Normal Text" lineEndContext="#pop" name="FindComments">
				<DetectChar attribute="Comment" char="#" context="Comment" firstNonSpace="true" />
				<RegExpr String="[\s;](?=#)" attribute="Normal Text" context="Comment" />
			</context>
			<context attribute="Comment" lineEndContext="#pop" name="Comment">
				<IncludeRules context="##Alerts" />
			</context>
			<context attribute="Normal Text" lineEndContext="#pop" name="FindCommentsParen">
				<DetectChar attribute="Comment" char="#" context="CommentParen" firstNonSpace="true" />
				<RegExpr String="[\s;](?=#)" attribute="Normal Text" context="CommentParen" />
			</context>
			<context attribute="Comment" lineEndContext="#pop" name="CommentParen">
				<RegExpr String="[^)](?=\))" attribute="Comment" context="#pop" />
				<IncludeRules context="##Alerts" />
			</context>
			<context attribute="Normal Text" lineEndContext="#pop" name="FindCommentsBackq">
				<DetectChar attribute="Comment" char="#" context="CommentBackq" firstNonSpace="true" />
				<RegExpr String="[\s;](?=#)" attribute="Normal Text" context="CommentBackq" />
			</context>
			<context attribute="Comment" lineEndContext="#pop" name="CommentBackq">
				<RegExpr String="[^`](?=`)" attribute="Comment" context="#pop" />
				<IncludeRules context="##Alerts" />
			</context>
			<context attribute="Normal Text" lineEndContext="#stay" name="FindCommands">
				<Detect2Chars attribute="Keyword" beginRegion="expression" char="(" char1="(" context="ExprDblParen" />
				<RegExpr String="\[\[(?=($|\s))" attribute="Keyword" beginRegion="expression" column="0" context="ExprDblBracket" />
				<RegExpr String="\s\[\[(?=($|\s))" attribute="Keyword" beginRegion="expression" context="ExprDblBracket" />
				<RegExpr String="\[(?=($|\s))" attribute="Builtin" beginRegion="expression" column="0" context="ExprBracket" />
				<RegExpr String="\s\[(?=($|\s))" attribute="Builtin" beginRegion="expression" context="ExprBracket" />
				<RegExpr String="\{(?=($|\s))" attribute="Keyword" beginRegion="group" context="Group" />
				<DetectChar attribute="Keyword" beginRegion="subshell" char="(" context="SubShell" />
				<RegExpr String="\bdo(?![\w$+-])" attribute="Keyword" beginRegion="do" context="#stay" />
				<RegExpr String="\bdone(?![\w$+-])" attribute="Keyword" context="#stay" endRegion="do" />
				<RegExpr String="\belse\s+if(?![\w$+-])" attribute="Keyword" context="#stay" />
				<RegExpr String="\bif(?![\w$+-])" attribute="Keyword" beginRegion="if" context="#stay" />
				<RegExpr String="\bendif(?![\w$+-])" attribute="Keyword" context="#stay" endRegion="if" />
				<RegExpr String="\bswitch(?![\w$+-])" attribute="Keyword" beginRegion="switch" context="Switch" />
				<RegExpr String="-[A-Za-z0-9][A-Za-z0-9_]*" attribute="Option" context="#stay" />
				<RegExpr String="--[a-z][A-Za-z0-9_-]*" attribute="Option" context="#stay" />
				<RegExpr String="\b@\s" attribute="Keyword" context="#stay" />
				<RegExpr String="\bset\s" attribute="Keyword" context="#stay" />
				<RegExpr String="\bsetenv\s" attribute="Keyword" context="CmdSetEnv" />
				<StringDetect String=":()" attribute="Function" context="#stay" />
				<RegExpr String="\bfunction\b" attribute="Keyword" context="FunctionDef" />
				<keyword String="keywords" attribute="Keyword" context="#stay" />
				<keyword String="builtins" attribute="Builtin" context="#stay" />
				<keyword String="unixcommands" attribute="Command" context="#stay" />
				<keyword String="builtins_var" attribute="Builtin" context="VarName" />
				<RegExpr String="(&lt;&lt;?|&gt;&gt;?&amp;?!?)" attribute="Redirection" context="#stay" />
				<RegExpr String="([|&amp;])\1?" attribute="Control" context="#stay" />
				<RegExpr String="[A-Za-z_:][A-Za-z0-9_:#%@-]*\s*\(\)" attribute="Function" context="#stay" />
			</context>
			<context attribute="Normal Text" lineEndContext="#stay" name="FindOthers">
				<RegExpr String="\\[;&quot;\\'$`{}()|&amp;&lt;&gt;* ]" attribute="Escape" context="#stay" />
				<RegExpr String="([\w_@.%*?+-]|\\ )*(?=/)" attribute="Path" context="#stay" />
				<RegExpr String="~\w*" attribute="Path" context="#stay" />
				<RegExpr String="/([\w_@.%*?+-]|\\ )*(?=([\s/):;$`'&quot;]|$))" attribute="Path" context="#stay" />
			</context>
			<context attribute="Normal Text" lineEndContext="#stay" name="FindStrings">
				<DetectChar attribute="String SingleQ" char="'" context="StringSQ" />
				<DetectChar attribute="String DoubleQ" char="&quot;" context="StringDQ" />
				<Detect2Chars attribute="String SingleQ" char="$" char1="'" context="StringEsc" />
				<Detect2Chars attribute="String Transl." char="$" char1="&quot;" context="StringDQ" />
			</context>
			<context attribute="Normal Text" lineEndContext="#stay" name="FindSubstitutions">
				<RegExpr String="\$[A-Za-z_][A-Za-z0-9_]*\[" attribute="Variable" context="Subscript" />
				<RegExpr String="\$[A-Za-z_][A-Za-z0-9_]*" attribute="Variable" context="#stay" />
				<RegExpr String="\$[*@#?$!_0-9-]" attribute="Variable" context="#stay" />
				<RegExpr String="\$\{[*@#?$!_0-9-]\}" attribute="Variable" context="#stay" />
				<RegExpr String="\$\{#[A-Za-z_][A-Za-z0-9_]*\}" attribute="Variable" context="#stay" />
				<RegExpr String="\$\{![A-Za-z_][A-Za-z0-9_]*\*?\}" attribute="Variable" context="#stay" />
				<RegExpr String="\$\{[A-Za-z_][A-Za-z0-9_]*" attribute="Variable" context="VarBrace" />
				<RegExpr String="\$\{[*@#?$!_0-9-](?=[:#%/])" attribute="Variable" context="VarBrace" />
				<StringDetect String="$((" attribute="Variable" beginRegion="expression" context="ExprDblParenSubst" />
				<DetectChar attribute="Backquote" char="`" context="SubstBackq" />
				<RegExpr String="\\[`$\\]" attribute="Escape" context="#stay" />
			</context>
			<context attribute="Normal Text" lineEndContext="#stay" name="FindTests">
				<RegExpr String="-[rwxXeozsfdlbcpSugktRLDIFNZ](?=\s)" attribute="Expression" context="#stay" />
				<RegExpr String="-[AMCUG]:?(?=\s)" attribute="Expression" context="#stay" />
				<RegExpr String="-P[0-7]{,3}:?(?=\s)" attribute="Expression" context="#stay" />
				<RegExpr String="([|&amp;=&gt;&lt;])\1" attribute="Expression" context="#stay" />
				<RegExpr String="[|^&amp;&gt;&lt;+\-*/%!~]" attribute="Expression" context="#stay" />
				<RegExpr String="([!=]~|[!&gt;&lt;]=)" attribute="Expression" context="#stay" />
			</context>
			<context attribute="Normal Text" lineEndContext="#stay" name="ExprDblParen">
				<Detect2Chars attribute="Keyword" char=")" char1=")" context="#pop" endRegion="expression" />
				<DetectChar attribute="Normal Text" char="(" context="ExprSubParen" />
				<IncludeRules context="FindMost" />
			</context>
			<context attribute="Normal Text" lineEndContext="#stay" name="ExprDblParenSubst">
				<Detect2Chars attribute="Variable" char=")" char1=")" context="#pop" endRegion="expression" />
				<DetectChar attribute="Normal Text" char="(" context="ExprSubParen" />
				<IncludeRules context="FindMost" />
			</context>
			<context attribute="Normal Text" lineEndContext="#stay" name="ExprSubParen">
				<DetectChar attribute="Normal Text" char=")" context="#pop" />
				<DetectChar attribute="Normal Text" char="(" context="ExprSubParen" />
				<IncludeRules context="FindMost" />
			</context>
			<context attribute="Normal Text" lineEndContext="#stay" name="ExprBracket">
				<RegExpr String="\s\](?=($|[\s;|&amp;]))" attribute="Builtin" context="#pop" endRegion="expression" />
				<RegExpr String="\](?=($|[\s;|&amp;]))" attribute="Builtin" column="0" context="#pop" endRegion="expression" />
				<DetectChar attribute="Normal Text" char="(" context="ExprSubParen" />
				<IncludeRules context="FindTests" />
				<IncludeRules context="FindMost" />
			</context>
			<context attribute="Normal Text" lineEndContext="#stay" name="ExprDblBracket">
				<RegExpr String="\s\]\](?=($|[\s;|&amp;]))" attribute="Keyword" context="#pop" endRegion="expression" />
				<RegExpr String="\]\](?=($|[\s;|&amp;]))" attribute="Keyword" column="0" context="#pop" endRegion="expression" />
				<DetectChar attribute="Normal Text" char="(" context="ExprSubParen" />
				<IncludeRules context="FindTests" />
				<IncludeRules context="FindMost" />
			</context>
			<context attribute="Normal Text" lineEndContext="#stay" name="Group">
				<DetectChar attribute="Keyword" char="}" context="#pop" endRegion="group" />
				<IncludeRules context="FindAll" />
			</context>
			<context attribute="Normal Text" lineEndContext="#stay" name="SubShell">
				<DetectChar attribute="Keyword" char=")" context="#pop" endRegion="subshell" />
				<IncludeRules context="FindAll" />
			</context>
			<context attribute="Normal Text" fallthrough="true" fallthroughContext="#pop" lineEndContext="#pop" name="Assign">
				<DetectChar attribute="Variable" char="(" context="AssignArray" />
				<IncludeRules context="FindStrings" />
				<IncludeRules context="FindSubstitutions" />
				<IncludeRules context="FindOthers" />
				<RegExpr String="[\w:,+_./-]+" attribute="Normal Text" context="#stay" />
			</context>
			<context attribute="Normal Text" lineEndContext="#pop" name="AssignArray">
				<DetectChar attribute="Variable" char=")" context="#pop" />
				<DetectChar attribute="Variable" char="[" context="Subscript" />
				<DetectChar attribute="Variable" char="=" context="Assign" />
				<IncludeRules context="FindMost" />
			</context>
			<context attribute="Normal Text" fallthrough="true" fallthroughContext="#pop" lineEndContext="#pop" name="AssignSubscr">
				<DetectChar attribute="Variable" char="[" context="Subscript" />
				<DetectChar attribute="Variable" char="=" context="Assign" />
				<IncludeRules context="FindStrings" />
				<IncludeRules context="FindSubstitutions" />
				<IncludeRules context="FindOthers" />
			</context>
			<context attribute="Variable" lineEndContext="#stay" name="Subscript">
				<DetectChar attribute="Variable" char="]" context="#pop" />
				<IncludeRules context="FindStrings" />
				<IncludeRules context="FindSubstitutions" />
				<IncludeRules context="FindOthers" />
			</context>
			<context attribute="Function" fallthrough="true" fallthroughContext="#pop" lineEndContext="#pop" name="FunctionDef">
				<RegExpr String="\s+[A-Za-z_:][A-Za-z0-9_:#%@-]*(\s*\(\))?" attribute="Function" context="#pop" />
			</context>
			<context attribute="Normal Text" fallthrough="true" fallthroughContext="#pop" lineEndContext="#pop" name="CmdSetEnv">
				<RegExpr String="\b[A-Za-z_][A-Za-z0-9_]*" attribute="Variable" context="#pop" />
				<DetectChar attribute="Variable" char="\s" context="Assign" />
				<IncludeRules context="FindMost" />
			</context>
			<context attribute="Normal Text" fallthrough="true" fallthroughContext="#pop" lineEndContext="#pop" name="VarName">
				<RegExpr String="-[A-Za-z0-9]+" attribute="Option" context="#stay" />
				<RegExpr String="--[a-z][A-Za-z0-9_-]*" attribute="Option" context="#stay" />
				<RegExpr String="\b[A-Za-z_][A-Za-z0-9_]*" attribute="Variable" context="#stay" />
				<DetectChar attribute="Variable" char="[" context="Subscript" />
				<DetectChar attribute="Variable" char="=" context="Assign" />
				<IncludeRules context="FindMost" />
				<RegExpr String="[^]})|;`&amp;&gt;&lt;]" attribute="Normal Text" context="#stay" />
			</context>
			<context attribute="Normal Text" lineEndContext="#stay" name="ProcessSubst">
				<DetectChar attribute="Redirection" char=")" context="#pop" />
				<IncludeRules context="FindCommentsParen" />
				<IncludeRules context="FindCommands" />
				<IncludeRules context="FindStrings" />
				<IncludeRules context="FindSubstitutions" />
				<IncludeRules context="FindOthers" />
			</context>
			<context attribute="String SingleQ" lineEndContext="#stay" name="StringSQ">
				<DetectChar attribute="String SingleQ" char="'" context="#pop" />
			</context>
			<context attribute="String DoubleQ" lineEndContext="#stay" name="StringDQ">
				<DetectChar attribute="String DoubleQ" char="&quot;" context="#pop" />
				<RegExpr String="\\[`&quot;\\$\n]" attribute="String Escape" context="#stay" />
				<IncludeRules context="FindSubstitutions" />
			</context>
			<context attribute="String SingleQ" lineEndContext="#stay" name="StringEsc">
				<DetectChar attribute="String SingleQ" char="'" context="#pop" />
				<RegExpr String="\\[abefnrtv\\']" attribute="String Escape" context="#stay" />
				<RegExpr String="\\([0-7]{1,3}|x[A-Fa-f0-9]{1,2}|c.)" attribute="String Escape" context="#stay" />
			</context>
			<context attribute="Variable" lineEndContext="#stay" name="VarBrace">
				<DetectChar attribute="Variable" char="}" context="#pop" />
				<DetectChar attribute="Variable" char="[" context="Subscript" />
				<IncludeRules context="FindStrings" />
				<IncludeRules context="FindSubstitutions" />
			</context>
			<context attribute="Normal Text" lineEndContext="#stay" name="SubstFile">
				<DetectChar attribute="Redirection" char=")" context="#pop" />
				<IncludeRules context="FindCommentsParen" />
				<IncludeRules context="FindStrings" />
				<IncludeRules context="FindSubstitutions" />
				<IncludeRules context="FindOthers" />
			</context>
			<context attribute="Normal Text" lineEndContext="#stay" name="SubstCommand">
				<DetectChar attribute="Variable" char=")" context="#pop" />
				<IncludeRules context="FindCommentsParen" />
				<IncludeRules context="FindCommands" />
				<IncludeRules context="FindStrings" />
				<IncludeRules context="FindSubstitutions" />
				<IncludeRules context="FindOthers" />
			</context>
			<context attribute="Normal Text" lineEndContext="#stay" name="SubstBackq">
				<DetectChar attribute="Backquote" char="`" context="#pop" />
				<IncludeRules context="FindCommentsBackq" />
				<IncludeRules context="FindCommands" />
				<IncludeRules context="FindStrings" />
				<IncludeRules context="FindSubstitutions" />
				<IncludeRules context="FindOthers" />
			</context>
			<context attribute="Normal Text" lineEndContext="#stay" name="Switch">
				<RegExpr String="\scase\b" attribute="Keyword" context="SwitchCase" />
				<RegExpr String="\sdefault\b" attribute="Keyword" context="SwitchDefault" />
				<RegExpr String="\bendsw(?=$|[\s;)])" attribute="Keyword" context="#pop" endRegion="switch" />
				<IncludeRules context="FindMost" />
			</context>
			<context attribute="Normal Text" lineEndContext="#stay" name="SwitchCase">
				<DetectChar attribute="Keyword" beginRegion="switchexpr" char=":" context="SwitchExpr" />
				<IncludeRules context="FindMost" />
			</context>
			<context attribute="Normal Text" lineEndContext="#stay" name="SwitchDefault">
				<DetectChar attribute="Keyword" beginRegion="switchexpr" char=":" context="SwitchExpr" />
			</context>
			<context attribute="Normal Text" lineEndContext="#stay" name="SwitchExpr">
				<RegExpr String="\sbreaksw\b" attribute="Keyword" context="#pop#pop" endRegion="switchexpr" />
				<RegExpr String="\scase\b" attribute="Keyword" context="#pop#pop" endRegion="switchexpr" lookAhead="true" />
				<IncludeRules context="FindAll" />
			</context>
			<context attribute="Normal Text" lineEndContext="#stay" name="HereDoc">
				<RegExpr String="(&lt;&lt;-\s*&quot;([|&amp;;()&lt;&gt;\s]+)&quot;)" attribute="Redirection" context="HereDocIQ" lookAhead="true" />
				<RegExpr String="(&lt;&lt;-\s*'([|&amp;;()&lt;&gt;\s]+)')" attribute="Redirection" context="HereDocIQ" lookAhead="true" />
				<RegExpr String="(&lt;&lt;-\s*\\([|&amp;;()&lt;&gt;\s]+))" attribute="Redirection" context="HereDocIQ" lookAhead="true" />
				<RegExpr String="(&lt;&lt;-\s*([|&amp;;()&lt;&gt;\s]+))" attribute="Redirection" context="HereDocINQ" lookAhead="true" />
				<RegExpr String="(&lt;&lt;\s*&quot;([|&amp;;()&lt;&gt;\s]+)&quot;)" attribute="Redirection" context="HereDocQ" lookAhead="true" />
				<RegExpr String="(&lt;&lt;\s*'([|&amp;;()&lt;&gt;\s]+)')" attribute="Redirection" context="HereDocQ" lookAhead="true" />
				<RegExpr String="(&lt;&lt;\s*\\([|&amp;;()&lt;&gt;\s]+))" attribute="Redirection" context="HereDocQ" lookAhead="true" />
				<RegExpr String="(&lt;&lt;\s*([|&amp;;()&lt;&gt;\s]+))" attribute="Redirection" context="HereDocNQ" lookAhead="true" />
				<StringDetect String="&lt;&lt;" attribute="Redirection" context="#pop" />
			</context>
			<context attribute="Normal Text" lineEndContext="#pop" name="HereDocRemainder">
				<IncludeRules context="FindAll" />
			</context>
			<context attribute="Normal Text" dynamic="true" lineEndContext="#stay" name="HereDocQ">
				<RegExpr String="%1" attribute="Redirection" context="HereDocRemainder" dynamic="true" />
				<RegExpr String="%2[\s;]*$" attribute="Redirection" column="0" context="#pop#pop" dynamic="true" />
			</context>
			<context attribute="Normal Text" dynamic="true" lineEndContext="#stay" name="HereDocNQ">
				<RegExpr String="%1" attribute="Redirection" context="HereDocRemainder" dynamic="true" />
				<RegExpr String="%2[\s;]*$" attribute="Redirection" column="0" context="#pop#pop" dynamic="true" />
				<IncludeRules context="FindSubstitutions" />
			</context>
			<context attribute="Normal Text" dynamic="true" lineEndContext="#stay" name="HereDocIQ">
				<RegExpr String="%1" attribute="Redirection" context="HereDocRemainder" dynamic="true" />
				<RegExpr String="\s*%2[\s;]*$" attribute="Redirection" column="0" context="#pop#pop" dynamic="true" />
			</context>
			<context attribute="Normal Text" dynamic="true" lineEndContext="#stay" name="HereDocINQ">
				<RegExpr String="%1" attribute="Redirection" context="HereDocRemainder" dynamic="true" />
				<RegExpr String="\s*%2[\s;]*$" attribute="Redirection" column="0" context="#pop#pop" dynamic="true" />
				<IncludeRules context="FindSubstitutions" />
			</context>
		</contexts>
		<itemDatas>
			<itemData defStyleNum="dsNormal" name="Normal Text" />
			<itemData defStyleNum="dsComment" name="Comment" />
			<itemData defStyleNum="dsKeyword" name="Keyword" />
			<itemData defStyleNum="dsKeyword" name="Control" />
			<itemData defStyleNum="dsOthers" name="Label" />
			<itemData defStyleNum="dsKeyword" name="Builtin" />
			<itemData defStyleNum="dsKeyword" name="Command" />
			<itemData defStyleNum="dsKeyword" name="Redirection" />
			<itemData defStyleNum="dsDataType" name="Escape" />
			<itemData defStyleNum="dsString" name="String SingleQ" />
			<itemData defStyleNum="dsString" name="String DoubleQ" />
			<itemData defStyleNum="dsKeyword" name="Backquote" />
			<itemData defStyleNum="dsString" name="String Transl." />
			<itemData defStyleNum="dsDataType" name="String Escape" />
			<itemData defStyleNum="dsOthers" name="Variable" />
			<itemData defStyleNum="dsOthers" name="Expression" />
			<itemData defStyleNum="dsFunction" name="Function" />
			<itemData defStyleNum="dsNormal" name="Path" />
			<itemData defStyleNum="dsNormal" name="Option" />
		</itemDatas>
		<list name="builtins">
			<item> : </item>
			<item> alias </item>
			<item> alloc </item>
			<item> bg </item>
			<item> bindkey </item>
			<item> break </item>
			<item> builtins </item>
			<item> bye </item>
			<item> cd </item>
			<item> chdir </item>
			<item> complete </item>
			<item> continue </item>
			<item> dirs </item>
			<item> echo </item>
			<item> echotc </item>
			<item> eval </item>
			<item> exec </item>
			<item> exit </item>
			<item> fg </item>
			<item> filetest </item>
			<item> glob </item>
			<item> hashstat </item>
			<item> history </item>
			<item> hup </item>
			<item> inlib </item>
			<item> jobs </item>
			<item> kill </item>
			<item> limit </item>
			<item> log </item>
			<item> login </item>
			<item> logout </item>
			<item> ls-F </item>
			<item> migrate </item>
			<item> newgrp </item>
			<item> nice </item>
			<item> nohup </item>
			<item> notify </item>
			<item> onintr </item>
			<item> popd </item>
			<item> printenv </item>
			<item> pushd </item>
			<item> rehash </item>
			<item> repeat </item>
			<item> sched </item>
			<item> settc </item>
			<item> setty </item>
			<item> shift </item>
			<item> source </item>
			<item> stop </item>
			<item> suspend </item>
			<item> telltc </item>
			<item> time </item>
			<item> umask </item>
			<item> unalias </item>
			<item> uncomplete </item>
			<item> unhash </item>
			<item> unlimit </item>
			<item> ver </item>
			<item> wait </item>
			<item> watchlog </item>
			<item> where </item>
			<item> which </item>
		</list>
		<list name="keywords">
			<item> else </item>
			<item> for </item>
			<item> function </item>
			<item> in </item>
			<item> select </item>
			<item> until </item>
			<item> while </item>
			<item> . </item>
			<item> then </item>
		</list>
		<list name="builtins_var">
			<item> unset </item>
			<item> unsetenv </item>
		</list>
		<list name="unixcommands">
			<item> arch </item>
			<item> awk </item>
			<item> bash </item>
			<item> bunzip2 </item>
			<item> bzcat </item>
			<item> bzcmp </item>
			<item> bzdiff </item>
			<item> bzegrep </item>
			<item> bzfgrep </item>
			<item> bzgrep </item>
			<item> bzip2 </item>
			<item> bzip2recover </item>
			<item> bzless </item>
			<item> bzmore </item>
			<item> cat </item>
			<item> chattr </item>
			<item> chgrp </item>
			<item> chmod </item>
			<item> chown </item>
			<item> chvt </item>
			<item> cp </item>
			<item> date </item>
			<item> dd </item>
			<item> deallocvt </item>
			<item> df </item>
			<item> dir </item>
			<item> dircolors </item>
			<item> dmesg </item>
			<item> dnsdomainname </item>
			<item> domainname </item>
			<item> du </item>
			<item> dumpkeys </item>
			<item> echo </item>
			<item> ed </item>
			<item> egrep </item>
			<item> false </item>
			<item> fgconsole </item>
			<item> fgrep </item>
			<item> fuser </item>
			<item> gawk </item>
			<item> getkeycodes </item>
			<item> gocr </item>
			<item> grep </item>
			<item> groff </item>
			<item> groups </item>
			<item> gunzip </item>
			<item> gzexe </item>
			<item> gzip </item>
			<item> hostname </item>
			<item> igawk </item>
			<item> install </item>
			<item> kbd_mode </item>
			<item> kbdrate </item>
			<item> killall </item>
			<item> last </item>
			<item> lastb </item>
			<item> link </item>
			<item> ln </item>
			<item> loadkeys </item>
			<item> loadunimap </item>
			<item> login </item>
			<item> ls </item>
			<item> lsattr </item>
			<item> lsmod </item>
			<item> lsmod.old </item>
			<item> mapscrn </item>
			<item> mesg </item>
			<item> mkdir </item>
			<item> mkfifo </item>
			<item> mknod </item>
			<item> mktemp </item>
			<item> more </item>
			<item> mount </item>
			<item> mv </item>
			<item> nano </item>
			<item> netstat </item>
			<item> nisdomainname </item>
			<item> nroff </item>
			<item> openvt </item>
			<item> pgawk </item>
			<item> pidof </item>
			<item> ping </item>
			<item> ps </item>
			<item> pstree </item>
			<item> pwd </item>
			<item> rbash </item>
			<item> readlink </item>
			<item> red </item>
			<item> resizecons </item>
			<item> rm </item>
			<item> rmdir </item>
			<item> run-parts </item>
			<item> sash </item>
			<item> sed </item>
			<item> setfont </item>
			<item> setkeycodes </item>
			<item> setleds </item>
			<item> setmetamode </item>
			<item> setserial </item>
			<item> sh </item>
			<item> showkey </item>
			<item> shred </item>
			<item> sleep </item>
			<item> ssed </item>
			<item> stat </item>
			<item> stty </item>
			<item> su </item>
			<item> sync </item>
			<item> tar </item>
			<item> tempfile </item>
			<item> touch </item>
			<item> troff </item>
			<item> true </item>
			<item> umount </item>
			<item> uname </item>
			<item> unicode_start </item>
			<item> unicode_stop </item>
			<item> unlink </item>
			<item> utmpdump </item>
			<item> uuidgen </item>
			<item> vdir </item>
			<item> wall </item>
			<item> wc </item>
			<item> ypdomainname </item>
			<item> zcat </item>
			<item> zcmp </item>
			<item> zdiff </item>
			<item> zegrep </item>
			<item> zfgrep </item>
			<item> zforce </item>
			<item> zgrep </item>
			<item> zless </item>
			<item> zmore </item>
			<item> znew </item>
			<item> zsh </item>
			<item> aclocal </item>
			<item> aconnect </item>
			<item> aplay </item>
			<item> apm </item>
			<item> apmsleep </item>
			<item> apropos </item>
			<item> ar </item>
			<item> arecord </item>
			<item> as </item>
			<item> as86 </item>
			<item> autoconf </item>
			<item> autoheader </item>
			<item> automake </item>
			<item> awk </item>
			<item> basename </item>
			<item> bc </item>
			<item> bison </item>
			<item> c++ </item>
			<item> cal </item>
			<item> cat </item>
			<item> cc </item>
			<item> cdda2wav </item>
			<item> cdparanoia </item>
			<item> cdrdao </item>
			<item> cd-read </item>
			<item> cdrecord </item>
			<item> chfn </item>
			<item> chgrp </item>
			<item> chmod </item>
			<item> chown </item>
			<item> chroot </item>
			<item> chsh </item>
			<item> clear </item>
			<item> cmp </item>
			<item> co </item>
			<item> col </item>
			<item> comm </item>
			<item> cp </item>
			<item> cpio </item>
			<item> cpp </item>
			<item> cut </item>
			<item> dc </item>
			<item> dd </item>
			<item> df </item>
			<item> diff </item>
			<item> diff3 </item>
			<item> dir </item>
			<item> dircolors </item>
			<item> directomatic </item>
			<item> dirname </item>
			<item> du </item>
			<item> env </item>
			<item> expr </item>
			<item> fbset </item>
			<item> file </item>
			<item> find </item>
			<item> flex </item>
			<item> flex++ </item>
			<item> fmt </item>
			<item> free </item>
			<item> ftp </item>
			<item> funzip </item>
			<item> fuser </item>
			<item> g++ </item>
			<item> gawk </item>
			<item> gc </item>
			<item> gcc </item>
			<item> gdb </item>
			<item> getent </item>
			<item> getopt </item>
			<item> gettext </item>
			<item> gettextize </item>
			<item> gimp </item>
			<item> gimp-remote </item>
			<item> gimptool </item>
			<item> gmake </item>
			<item> gs </item>
			<item> head </item>
			<item> hexdump </item>
			<item> id </item>
			<item> install </item>
			<item> join </item>
			<item> kill </item>
			<item> killall </item>
			<item> ld </item>
			<item> ld86 </item>
			<item> ldd </item>
			<item> less </item>
			<item> lex </item>
			<item> ln </item>
			<item> locate </item>
			<item> lockfile </item>
			<item> logname </item>
			<item> lp </item>
			<item> lpr </item>
			<item> ls </item>
			<item> lynx </item>
			<item> m4 </item>
			<item> make </item>
			<item> man </item>
			<item> mkdir </item>
			<item> mknod </item>
			<item> msgfmt </item>
			<item> mv </item>
			<item> namei </item>
			<item> nasm </item>
			<item> nawk </item>
			<item> nice </item>
			<item> nl </item>
			<item> nm </item>
			<item> nm86 </item>
			<item> nmap </item>
			<item> nohup </item>
			<item> nop </item>
			<item> od </item>
			<item> passwd </item>
			<item> patch </item>
			<item> pcregrep </item>
			<item> pcretest </item>
			<item> perl </item>
			<item> perror </item>
			<item> pidof </item>
			<item> pr </item>
			<item> printf </item>
			<item> procmail </item>
			<item> prune </item>
			<item> ps2ascii </item>
			<item> ps2epsi </item>
			<item> ps2frag </item>
			<item> ps2pdf </item>
			<item> ps2ps </item>
			<item> psbook </item>
			<item> psmerge </item>
			<item> psnup </item>
			<item> psresize </item>
			<item> psselect </item>
			<item> pstops </item>
			<item> rcs </item>
			<item> rev </item>
			<item> rm </item>
			<item> scp </item>
			<item> sed </item>
			<item> seq </item>
			<item> setterm </item>
			<item> shred </item>
			<item> size </item>
			<item> size86 </item>
			<item> skill </item>
			<item> slogin </item>
			<item> snice </item>
			<item> sort </item>
			<item> sox </item>
			<item> split </item>
			<item> ssh </item>
			<item> ssh-add </item>
			<item> ssh-agent </item>
			<item> ssh-keygen </item>
			<item> ssh-keyscan </item>
			<item> stat </item>
			<item> strings </item>
			<item> strip </item>
			<item> sudo </item>
			<item> suidperl </item>
			<item> sum </item>
			<item> tac </item>
			<item> tail </item>
			<item> tee </item>
			<item> test </item>
			<item> tr </item>
			<item> uniq </item>
			<item> unlink </item>
			<item> unzip </item>
			<item> updatedb </item>
			<item> updmap </item>
			<item> uptime </item>
			<item> users </item>
			<item> vmstat </item>
			<item> w </item>
			<item> wc </item>
			<item> wget </item>
			<item> whatis </item>
			<item> whereis </item>
			<item> which </item>
			<item> who </item>
			<item> whoami </item>
			<item> write </item>
			<item> xargs </item>
			<item> yacc </item>
			<item> yes </item>
			<item> zip </item>
			<item> zsoelim </item>
			<item> dcop </item>
			<item> kdialog </item>
			<item> kfile </item>
			<item> xhost </item>
			<item> xmodmap </item>
			<item> xset </item>
		</list>
	</highlighting>
	<general>
		<comments>
			<comment name="singleLine" start="#" />
		</comments>
		<keywords additionalDeliminator="`" casesensitive="1" weakDeliminator="^%#[]$._{}:-" />
	</general>
</language>
