<?xml version="1.0" encoding="UTF-8"?>
<!DOCTYPE language SYSTEM "language.dtd">
<!-- read from /usr/share/katepart5/syntax/tibasic.xml at 25/06/15 19:33:20 CEST -->
<language extensions="" kateversion="2.2" name="TI Basic" section="Scientific" version="1.01">
	<highlighting>
		<contexts>
			<context attribute="Normal Text" lineEndContext="#stay" name="Normal">
				<keyword String="keywords" attribute="Keyword" context="#stay" />
				<keyword String="special_sym" attribute="Special operators" context="#stay" />
				<Detect2Chars attribute="Assignment" char="-" char1="&gt;" context="#stay" />
				<Detect2Chars attribute="Assignment" char="s" char1="t" context="#stay" />
				<RegExpr String="\[\w\]" attribute="Matrix" context="#stay" />
				<DetectChar attribute="String" char="&quot;" context="String" />
			</context>
			<context attribute="String" lineEndContext="#stay" name="String">
				<DetectChar attribute="String" char="&quot;" context="#pop" />
			</context>
		</contexts>
		<itemDatas>
			<itemData defStyleNum="dsNormal" name="Normal Text" />
			<itemData defStyleNum="dsOthers" name="Assignment" />
			<itemData defStyleNum="dsKeyword" name="Keyword" />
			<itemData defStyleNum="dsString" name="String" />
			<itemData defStyleNum="dsNormal" name="Special operators" />
			<itemData defStyleNum="dsNormal" name="Matrix" />
		</itemDatas>
		<list name="keywords">
			<item>If </item>
			<item>Then </item>
			<item>Else </item>
			<item>For </item>
			<item>While </item>
			<item>Repeat </item>
			<item>End </item>
			<item>Pause </item>
			<item>Lbl </item>
			<item>Goto </item>
			<item>IS&gt; </item>
			<item>DS&lt; </item>
			<item>Menu </item>
			<item>prgm </item>
			<item>Return </item>
			<item>DelVar </item>
			<item>GraphStyle </item>
			<item>Input </item>
			<item>Prompt </item>
			<item>Disp </item>
			<item>DispGraph </item>
			<item>DispTable </item>
			<item>Output </item>
			<item>getKey </item>
			<item>ClrHome </item>
			<item>ClrTable </item>
			<item>GetCalc </item>
			<item>Get </item>
			<item>Send</item>
			<item>prgm</item>
		</list>
		<list name="special_sym">
			<item>net</item>
			<item>eogt</item>
			<item>eolt</item>
			<item>sqrt</item>
			<item>%THETA</item>
		</list>
	</highlighting>
	<general>
		<keywords casesensitive="0" weakDeliminator="%&lt;&gt;" />
	</general>
</language>
