<?xml version="1.0" encoding="UTF-8"?>
<!-- read from /usr/share/katepart5/syntax/valgrind-suppression.xml at 26/06/15 21:52:58 CEST -->
<language author="Milian Wolff (mail@milianw.de)" extensions="*.supp;" kateversion="2.4" license="LGPL" mimetype="" name="Valgrind Suppression" section="Other" version="1.0">
	<highlighting>
		<contexts>
			<context attribute="Normal Text" lineEndContext="#stay" name="File">
				<DetectChar attribute="Comment" char="#" context="Comment" firstNonSpace="true" />
				<DetectChar attribute="Normal Text" char="{" context="Rule" firstNonSpace="true" />
			</context>
			<context attribute="Normal Text" lineEndContext="#stay" name="Rule">
				<RegExpr String="^[^\}]+$" attribute="RuleName" context="Rule2" />
				<DetectChar attribute="Normal Text" char="}" context="#pop" firstNonSpace="true" />
			</context>
			<context attribute="Normal Text" lineEndContext="#stay" name="Rule2">
				<RegExpr String="\w+:\w+" attribute="ErrorKind" context="Rule3" />
				<DetectChar attribute="Normal Text" char="}" context="#pop#pop" firstNonSpace="true" />
			</context>
			<context attribute="Normal Text" lineEndContext="#stay" name="Rule3">
				<RegExpr String="fun:|obj:|\.\.\." attribute="FrameKind" context="#stay" />
				<DetectChar attribute="Normal Text" char="}" context="#pop#pop#pop" firstNonSpace="true" />
			</context>
			<context attribute="Comment" lineEndContext="#pop" name="Comment">
				<DetectSpaces />
				<IncludeRules context="##Alerts" />
				<DetectIdentifier />
			</context>
		</contexts>
		<itemDatas>
			<itemData defStyleNum="dsNormal" name="Normal Text" />
			<itemData defStyleNum="dsKeyword" name="RuleName" />
			<itemData defStyleNum="dsComment" name="Comment" />
			<itemData defStyleNum="dsOthers" name="ErrorKind" />
			<itemData defStyleNum="dsFunction" name="FrameKind" />
		</itemDatas>
	</highlighting>
	<general>
		<comments>
			<comment name="singleLine" start="#" />
		</comments>
		<keywords casesensitive="0" />
	</general>
</language>
