<?xml version="1.0" encoding="UTF-8"?>
<!DOCTYPE language SYSTEM "language.dtd">
<!-- read from /usr/share/katepart5/syntax/xml.xml at 25/06/15 19:33:21 CEST -->
<language author="Wilbert Berendsen (wilbert@kde.nl)" casesensitive="1" extensions="*.docbook;*.xml;*.rc;*.daml;*.rdf;*.rss;*.xspf;*.xsd;*.svg;*.ui;*.kcfg;*.qrc;*.wsdl" kateversion="3.4" license="LGPL" mimetype="text/xml;text/book;text/daml;text/rdf;application/rss+xml;application/xspf+xml;image/svg+xml;application/x-designer;application/xml" name="XML" section="Markup" version="2.03">
	<highlighting>
		<contexts>
			<context attribute="Normal Text" lineEndContext="#stay" name="Start">
				<IncludeRules context="FindXML" />
			</context>
			<context attribute="Normal Text" lineEndContext="#stay" name="FindXML">
				<DetectSpaces />
				<StringDetect String="&lt;!--" attribute="Comment" beginRegion="comment" context="Comment" />
				<StringDetect String="&lt;![CDATA[" attribute="CDATA" beginRegion="cdata" context="CDATA" />
				<RegExpr String="&lt;!DOCTYPE\s+" attribute="Doctype" beginRegion="doctype" context="Doctype" />
				<RegExpr String="&lt;\?[\w:_-]*" attribute="Processing Instruction" beginRegion="pi" context="PI" />
				<RegExpr String="&lt;(?![0-9])[\w_:][\w.:_-]*" attribute="Element" beginRegion="element" context="Element" />
				<IncludeRules context="FindEntityRefs" />
				<DetectIdentifier />
			</context>
			<context attribute="Other Text" lineEndContext="#stay" name="FindEntityRefs">
				<RegExpr String="&amp;(#[0-9]+|#[xX][0-9A-Fa-f]+|(?![0-9])[\w_:][\w.:_-]*);" attribute="EntityRef" context="#stay" />
				<AnyChar String="&amp;&lt;" attribute="Error" context="#stay" />
			</context>
			<context attribute="Other Text" lineEndContext="#stay" name="FindPEntityRefs">
				<RegExpr String="&amp;(#[0-9]+|#[xX][0-9A-Fa-f]+|(?![0-9])[\w_:][\w.:_-]*);" attribute="EntityRef" context="#stay" />
				<RegExpr String="%(?![0-9])[\w_:][\w.:_-]*;" attribute="PEntityRef" context="#stay" />
				<AnyChar String="&amp;%" attribute="Error" context="#stay" />
			</context>
			<context attribute="Comment" lineEndContext="#stay" name="Comment">
				<DetectSpaces />
				<StringDetect String="--&gt;" attribute="Comment" context="#pop" endRegion="comment" />
				<RegExpr String="-(-(?!-&gt;))+" attribute="Error" context="#stay" />
				<IncludeRules context="##Alerts" />
				<DetectIdentifier />
			</context>
			<context attribute="Other Text" lineEndContext="#stay" name="CDATA">
				<DetectSpaces />
				<DetectIdentifier />
				<StringDetect String="]]&gt;" attribute="CDATA" context="#pop" endRegion="cdata" />
				<StringDetect String="]]&amp;gt;" attribute="EntityRef" context="#stay" />
			</context>
			<context attribute="Other Text" lineEndContext="#stay" name="PI">
				<Detect2Chars attribute="Processing Instruction" char="?" char1="&gt;" context="#pop" endRegion="pi" />
			</context>
			<context attribute="Other Text" lineEndContext="#stay" name="Doctype">
				<DetectChar attribute="Doctype" char="&gt;" context="#pop" endRegion="doctype" />
				<DetectChar attribute="Doctype" beginRegion="int_subset" char="[" context="Doctype Internal Subset" />
			</context>
			<context attribute="Other Text" lineEndContext="#stay" name="Doctype Internal Subset">
				<DetectChar attribute="Doctype" char="]" context="#pop" endRegion="int_subset" />
				<RegExpr String="&lt;!(ELEMENT|ENTITY|ATTLIST|NOTATION)\b" attribute="Doctype" context="Doctype Markupdecl" />
				<StringDetect String="&lt;!--" attribute="Comment" beginRegion="comment" context="Comment" />
				<RegExpr String="&lt;\?[\w:_-]*" attribute="Processing Instruction" beginRegion="pi" context="PI" />
				<IncludeRules context="FindPEntityRefs" />
			</context>
			<context attribute="Other Text" lineEndContext="#stay" name="Doctype Markupdecl">
				<DetectChar attribute="Doctype" char="&gt;" context="#pop" />
				<DetectChar attribute="Value" char="&quot;" context="Doctype Markupdecl DQ" />
				<DetectChar attribute="Value" char="'" context="Doctype Markupdecl SQ" />
			</context>
			<context attribute="Value" lineEndContext="#stay" name="Doctype Markupdecl DQ">
				<DetectChar attribute="Value" char="&quot;" context="#pop" />
				<IncludeRules context="FindPEntityRefs" />
			</context>
			<context attribute="Value" lineEndContext="#stay" name="Doctype Markupdecl SQ">
				<DetectChar attribute="Value" char="'" context="#pop" />
				<IncludeRules context="FindPEntityRefs" />
			</context>
			<context attribute="Other Text" lineEndContext="#stay" name="Element">
				<Detect2Chars attribute="Element" char="/" char1="&gt;" context="#pop" endRegion="element" />
				<DetectChar attribute="Element" char="&gt;" context="El Content" />
				<RegExpr String="^(?![0-9])[\w_:][\w.:_-]*" attribute="Attribute" context="Attribute" />
				<RegExpr String="\s+(?![0-9])[\w_:][\w.:_-]*" attribute="Attribute" context="Attribute" />
				<RegExpr String="\S" attribute="Error" context="#stay" />
			</context>
			<context attribute="Other Text" lineEndContext="#stay" name="El Content">
				<RegExpr String="&lt;/(?![0-9])[\w_:][\w.:_-]*" attribute="Element" context="El End" />
				<IncludeRules context="FindXML" />
			</context>
			<context attribute="Other Text" lineEndContext="#stay" name="El End">
				<DetectChar attribute="Element" char="&gt;" context="#pop#pop#pop" endRegion="element" />
				<RegExpr String="\S" attribute="Error" context="#stay" />
			</context>
			<context attribute="Other Text" lineEndContext="#stay" name="Attribute">
				<DetectChar attribute="Attribute" char="=" context="Value" />
				<RegExpr String="\S" attribute="Error" context="#stay" />
			</context>
			<context attribute="Other Text" lineEndContext="#stay" name="Value">
				<DetectChar attribute="Value" char="&quot;" context="Value DQ" />
				<DetectChar attribute="Value" char="'" context="Value SQ" />
				<RegExpr String="\S" attribute="Error" context="#stay" />
			</context>
			<context attribute="Value" lineEndContext="#stay" name="Value DQ">
				<DetectChar attribute="Value" char="&quot;" context="#pop#pop#pop" />
				<IncludeRules context="FindEntityRefs" />
			</context>
			<context attribute="Value" lineEndContext="#stay" name="Value SQ">
				<DetectChar attribute="Value" char="'" context="#pop#pop#pop" />
				<IncludeRules context="FindEntityRefs" />
			</context>
		</contexts>
		<itemDatas>
			<itemData defStyleNum="dsNormal" name="Normal Text" />
			<itemData defStyleNum="dsNormal" name="Other Text" />
			<itemData defStyleNum="dsComment" name="Comment" spellChecking="false" />
			<itemData bold="1" defStyleNum="dsBaseN" name="CDATA" spellChecking="false" />
			<itemData defStyleNum="dsKeyword" name="Processing Instruction" spellChecking="false" />
			<itemData bold="1" defStyleNum="dsDataType" name="Doctype" spellChecking="false" />
			<itemData defStyleNum="dsKeyword" name="Element" spellChecking="false" />
			<itemData defStyleNum="dsOthers" name="Attribute" spellChecking="false" />
			<itemData name="Value" defStyleNum="dsString" />
			<itemData defStyleNum="dsDecVal" name="EntityRef" spellChecking="false" />
			<itemData defStyleNum="dsDecVal" name="PEntityRef" spellChecking="false" />
			<itemData defStyleNum="dsError" name="Error" spellChecking="false" />
		</itemDatas>
	</highlighting>
	<general>
		<comments>
			<comment end="--&gt;" name="multiLine" start="&lt;!--" />
		</comments>
		<indentation mode="xml" />
	</general>
</language>
