<?xml version="1.0" encoding="UTF-8"?>
<!DOCTYPE language SYSTEM "language.dtd">
<!-- read from /usr/share/katepart5/syntax/xmldebug.xml at 25/06/15 19:33:21 CEST -->
<language extensions="" kateversion="2.4" mimetype="" name="XML (Debug)" section="Markup" version="1.03">
	<highlighting>
		<contexts>
			<context attribute="Error" lineEndContext="#stay" name="0:prolog">
				<RegExpr String="&lt;\?xml(\s+|$)" attribute="Doctype Declaration" context="1:XMLDecl Version" />
			</context>
			<context attribute="Error" lineEndContext="#stay" name="1:XMLDecl Version">
				<RegExpr String="\s*version\s*" attribute="Attribute" context="2:XMLDecl Version Eq" />
				<RegExpr String="\s+" attribute="Doctype Declaration" context="#stay" />
			</context>
			<context attribute="Error" lineEndContext="5:XMLDecl Encoding Eq" name="2:XMLDecl Version Eq">
				<RegExpr String="\s*=\s*" attribute="Attribute" context="3:XMLDecl Version" />
				<RegExpr String="\s+" attribute="Attribute" context="#stay" />
			</context>
			<context attribute="Error" lineEndContext="#stay" name="3:XMLDecl Version">
				<RegExpr String="\s*(&quot;[A-Za-z0-9:._-]*&quot;|'[A-Za-z0-9:._-]*')(?!e)\s*" attribute="Value" context="4:XMLDecl Encoding" />
				<RegExpr String="\s+" attribute="Attribute" context="#stay" />
			</context>
			<context attribute="Error" lineEndContext="#stay" name="4:XMLDecl Encoding">
				<RegExpr String="\s*encoding\s*" attribute="Attribute" context="5:XMLDecl Encoding Eq" />
				<RegExpr String="\s+" attribute="Doctype Declaration" context="#stay" />
				<RegExpr String="\?&gt;" attribute="Doctype Declaration" context="11:Misc after XMLDecl" />
			</context>
			<context attribute="Error" lineEndContext="#stay" name="5:XMLDecl Encoding Eq">
				<RegExpr String="\s*=\s*" attribute="Attribute" context="6:XMLDecl Encoding" />
				<RegExpr String="\s+" attribute="Attribute" context="#stay" />
			</context>
			<context attribute="Error" lineEndContext="#stay" name="6:XMLDecl Encoding">
				<RegExpr String="\s*(&quot;[A-Za-z][A-Za-z0-9._-]*&quot;|'[A-Za-z][A-Za-z0-9._-]*')(?!s)\s*" attribute="Value" context="7:XMLDecl Standalone" />
				<RegExpr String="\s+" attribute="Attribute" context="#stay" />
			</context>
			<context attribute="Error" lineEndContext="#stay" name="7:XMLDecl Standalone">
				<RegExpr String="\s*standalone\s*" attribute="Attribute" context="8:XMLDecl Standalone Eq" />
				<RegExpr String="\s+" attribute="Doctype Declaration" context="#stay" />
				<RegExpr String="\?&gt;" attribute="Doctype Declaration" context="11:Misc after XMLDecl" />
			</context>
			<context attribute="Error" lineEndContext="#stay" name="8:XMLDecl Standalone Eq">
				<RegExpr String="\s*=\s*" attribute="Attribute" context="9:XMLDecl Standalone" />
				<RegExpr String="\s+" attribute="Attribute" context="#stay" />
			</context>
			<context attribute="Error" lineEndContext="#stay" name="9:XMLDecl Standalone">
				<RegExpr String="\s*&quot;(yes|no)&quot;|'(yes|no)'\s*" attribute="Value" context="10:XMLDecl Standalone" />
				<RegExpr String="\s+" attribute="Attribute" context="#stay" />
			</context>
			<context attribute="Error" lineEndContext="#stay" name="10:XMLDecl Standalone">
				<RegExpr String="\s+" attribute="Doctype Declaration" context="#stay" />
				<RegExpr String="\?&gt;" attribute="Doctype Declaration" context="11:Misc after XMLDecl" />
			</context>
			<context attribute="Error" lineEndContext="#stay" name="11:Misc after XMLDecl">
				<RegExpr String="\s+" attribute="Normal Text" context="#stay" />
				<RegExpr String="\s*&lt;!--\s*" attribute="Comment" context="12:Comment after XMLDecl" />
				<RegExpr String="\s*&lt;\?xml-stylesheet(\s+|$)" attribute="Processing Instruction" context="13:PI after XMLDecl" />
				<RegExpr String="\s*&lt;\??[xX][mM][lL]" attribute="Error" context="13:PI after XMLDecl" />
				<RegExpr String="\s*&lt;\?[a-zA-Z_][a-zA-Z0-9_-]*(:[a-zA-Z0-9_-]*)?(\s+|$)" attribute="Processing Instruction" context="13:PI after XMLDecl" />
				<RegExpr String="&lt;!DOCTYPE(\s+|$)" attribute="Doctype Declaration" context="14:Doctype Decl Name" />
				<RegExpr String="&lt;[xX][mM][lL](\w|[_.-])*(:(\w|[_.-])+)?" attribute="Error" context="80:STag" />
				<RegExpr String="&lt;(?![٠-٩۰-۹०-९০-৯੦-੯૦-૯୦-୯௧-௯౦-౯೦-೯൦-൯๐-๙໐-໙༠-༩]|\d)(\w|_)(\w|[_.-])*(:(\w|[_.-])+)?" attribute="Normal Tag" context="80:STag" />
				<RegExpr String="&lt;(?![٠-٩۰-۹०-९০-৯੦-੯૦-૯୦-୯௧-௯౦-౯೦-೯൦-൯๐-๙໐-໙༠-༩]|\d)(\w|[:_])(\w|[:_.-])*" attribute="Error" context="80:STag" />
				<RegExpr String="&lt;/[xX][mM][lL](\w|[_.-])*(:(\w|[_.-])+)?" attribute="Error" context="85:ETag" />
				<RegExpr String="&lt;/(?![٠-٩۰-۹०-९০-৯੦-੯૦-૯୦-୯௧-௯౦-౯೦-೯൦-൯๐-๙໐-໙༠-༩]|\d)(\w|_)(\w|[_.-])*(:(\w|[_.-])+)?" attribute="Normal Tag" context="85:ETag" />
				<RegExpr String="&lt;/(?![٠-٩۰-۹०-९০-৯੦-੯૦-૯୦-୯௧-௯౦-౯೦-೯൦-൯๐-๙໐-໙༠-༩]|\d)(\w|[:_])(\w|[:_.-])*" attribute="Error" context="85:ETag" />
				<RegExpr String="&amp;(?![٠-٩۰-۹०-९০-৯੦-੯૦-૯୦-୯௧-௯౦-౯೦-೯൦-൯๐-๙໐-໙༠-༩]|\d)(\w|[_:])(\w|[_:.-])*;" attribute="Entity" context="79:Outside" />
				<RegExpr String="&amp;#(x[0-9a-fA-F]+|[0-9]+);" attribute="Entity" context="79:Outside" />
				<RegExpr String="&lt;!\[CDATA\[" attribute="Entity" context="86:CDSect" />
				<RegExpr String="&lt;!--" attribute="Comment" context="87:Comment inside IS" />
				<RegExpr String="&lt;\?xml-stylesheet(\s|$)" attribute="Normal Tag" context="88:PI inside IS" />
				<RegExpr String="&lt;\?[xX][mM][lL](\w|[_.-])*(:(\w|[_.-])+)?" attribute="Error" context="88:PI inside IS" />
				<RegExpr String="&lt;\?(?![٠-٩۰-۹०-९০-৯੦-੯૦-૯୦-୯௧-௯౦-౯೦-೯൦-൯๐-๙໐-໙༠-༩]|\d)(\w|_)(\w|[_.-])*(:(\w|[_.-])+)?" attribute="Normal Tag" context="88:PI inside IS" />
				<RegExpr String="&lt;\?(?![٠-٩۰-۹०-९০-৯੦-੯૦-૯୦-୯௧-௯౦-౯೦-೯൦-൯๐-๙໐-໙༠-༩]|\d)(\w|[:_])(\w|[:_.-])*" attribute="Error" context="88:PI inside IS" />
				<DetectChar attribute="Error" char="&lt;" context="79:Outside" />
				<DetectChar attribute="Error" char="&amp;" context="79:Outside" />
				<RegExpr String="\]\]&gt;" attribute="Error" context="79:Outside" />
			</context>
			<context attribute="Comment" lineEndContext="#stay" name="12:Comment after XMLDecl">
				<RegExpr String="---&gt;" attribute="Error" context="#pop" />
				<RegExpr String="--&gt;" attribute="Comment" context="#pop" />
				<Detect2Chars attribute="Error" char="-" char1="-" context="#stay" />
			</context>
			<context attribute="Processing Instruction Body" lineEndContext="#stay" name="13:PI after XMLDecl">
				<Detect2Chars attribute="Processing Instruction" char="?" char1="&gt;" context="#pop" />
			</context>
			<context attribute="Error" lineEndContext="#stay" name="14:Doctype Decl Name">
				<RegExpr String="(?![٠-٩۰-۹०-९০-৯੦-੯૦-૯୦-୯௧-௯౦-౯೦-೯൦-൯๐-๙໐-໙༠-༩]|\d)(\w|[_:])(\w|[_:.-])*(\s+|$)" attribute="Doctype Declaration" context="15:Doctype Decl ExternalID" />
				<RegExpr String="\s+" attribute="Doctype Declaration" context="#stay" />
			</context>
			<context attribute="Error" lineEndContext="#stay" name="15:Doctype Decl ExternalID">
				<RegExpr String="PUBLIC(\s+|$)" attribute="Doctype Declaration" context="16:Doctype Decl PublicID" />
				<RegExpr String="SYSTEM(\s+|$)" attribute="Doctype Declaration" context="19:Doctype Decl SystemID" />
				<DetectChar attribute="Doctype Declaration" char="[" context="23:Doctype Decl IS" />
				<DetectChar attribute="Doctype Declaration" char="&gt;" context="23:Doctype Decl IS" />
				<RegExpr String="\s+" attribute="Doctype Declaration" context="#stay" />
			</context>
			<context attribute="Error" lineEndContext="#stay" name="16:Doctype Decl PublicID">
				<DetectChar attribute="Value" char="&quot;" context="17:Doctype Decl PublicID qq" />
				<DetectChar attribute="Value" char="'" context="18:Doctype Decl PublicID q" />
				<RegExpr String="\s+" attribute="Doctype Declaration" context="#stay" />
			</context>
			<context attribute="Error" lineEndContext="#stay" name="17:Doctype Decl PublicID qq">
				<DetectChar attribute="Value" char="&quot;(\s+|$)" context="19:Doctype Decl SystemID" />
				<RegExpr String="[ 
a-zA-Z0-9'()+,./:=?;!*#@$_%-]" attribute="Value" context="#stay" />
			</context>
			<context attribute="Value" lineEndContext="#stay" name="18:Doctype Decl PublicID q">
				<DetectChar attribute="Value" char="'(\s+|$)" context="19:Doctype Decl SystemID" />
				<RegExpr String="[ 
a-zA-Z0-9()+,./:=?;!*#@$_%-]" attribute="Value" context="#stay" />
			</context>
			<context attribute="Error" lineEndContext="#stay" name="19:Doctype Decl SystemID">
				<DetectChar attribute="Value" char="&quot;" context="20:Doctype Decl SystemID qq" />
				<DetectChar attribute="Value" char="'" context="21:Doctype Decl SystemID q" />
				<RegExpr String="\s+" attribute="Doctype Declaration" context="#stay" />
			</context>
			<context attribute="Value" lineEndContext="#stay" name="20:Doctype Decl SystemID qq">
				<DetectChar attribute="Value" char="&quot;" context="22:Doctype Decl IS or end" />
			</context>
			<context attribute="Value" lineEndContext="#stay" name="21:Doctype Decl SystemID q">
				<DetectChar attribute="Value" char="'" context="22:Doctype Decl IS or end" />
			</context>
			<context attribute="Error" lineEndContext="#stay" name="22:Doctype Decl IS or end">
				<DetectChar attribute="Doctype Declaration" char="[" context="23:Doctype Decl IS" />
				<DetectChar attribute="Doctype Declaration" char="&gt;" context="79:Outside" />
				<RegExpr String="\s+" attribute="Doctype Declaration" context="#stay" />
			</context>
			<context attribute="Error" lineEndContext="#stay" name="23:Doctype Decl IS">
				<RegExpr String="%(?![٠-٩۰-۹०-९০-৯੦-੯૦-૯୦-୯௧-௯౦-౯೦-೯൦-൯๐-๙໐-໙༠-༩]|\d)(\w|[_:])(\w|[_:.-])*;" attribute="Entity" context="#stay" />
				<RegExpr String="\s+" attribute="Doctype Declaration" context="#stay" />
				<RegExpr String="&lt;!ELEMENT(\s+|$)" attribute="Doctype Declaration" context="24:elementdecl" />
				<RegExpr String="&lt;!ATTLIST(\s+|$)" attribute="Doctype Declaration" context="38:AttlistDecl" />
				<RegExpr String="&lt;!ENTITY(\s+|$)" attribute="Doctype Declaration" context="50:EntityDecl" />
				<RegExpr String="&lt;!NOTATION(\s+|$)" attribute="Doctype Declaration" context="71:NotationDecl Name" />
				<RegExpr String="\s*&lt;!--\s*" attribute="Comment" context="77:Comment inside IS" />
				<RegExpr String="\s*&lt;\?xml-stylesheet(\s+|$)" attribute="Processing Instruction" context="78:PI inside IS" />
				<RegExpr String="\s*&lt;\??[xX][mM][lL]" attribute="Error" context="78:PI inside IS" />
				<RegExpr String="\s*&lt;\?[a-zA-Z_][a-zA-Z0-9_-]*(:[a-zA-Z0-9_-]*)?(\s+|$)" attribute="Processing Instruction" context="78:PI inside IS" />
				<Detect2Chars attribute="Doctype Declaration" char="]" char1="&gt;" context="79:Outside" />
			</context>
			<context attribute="Error" lineEndContext="#stay" name="24:elementdecl">
				<RegExpr String="(?![٠-٩۰-۹०-९০-৯੦-੯૦-૯୦-୯௧-௯౦-౯೦-೯൦-൯๐-๙໐-໙༠-༩]|\d)(\w|[_:])(\w|[_:.-])*" attribute="Normal Tag" context="25:contentspec" />
				<RegExpr String="\s+" attribute="Doctype Declaration" context="#stay" />
			</context>
			<context attribute="Error" lineEndContext="#stay" name="25:contentspec">
				<RegExpr String="(EMPTY|ANY)" attribute="Attribute" context="37:element end" />
				<DetectChar attribute="Attribute" char="(" context="26:MixedOrChildren" />
				<RegExpr String="\s+" attribute="Doctype Declaration" context="#stay" />
			</context>
			<context attribute="Error" lineEndContext="#stay" name="26:MixedOrChildren">
				<RegExpr String="#PCDATA" attribute="Attribute" context="27:MixedShort" />
				<RegExpr String="\s+" attribute="Doctype Declaration" context="#stay" />
				<DetectChar attribute="Doctype Declaration" char="(" context="30:children unknown" />
				<RegExpr String="(?![٠-٩۰-۹०-९০-৯੦-੯૦-૯୦-୯௧-௯౦-౯೦-೯൦-൯๐-๙໐-໙༠-༩]|\d)(\w|[_:])(\w|[_:.-])*[\?\*\+]?" attribute="Value" context="30:children unknown" />
			</context>
			<context attribute="Error" lineEndContext="#stay" name="27:MixedShort">
				<DetectChar attribute="Doctype Declaration" char="|" context="28:MixedLong" />
				<RegExpr String="\s+" attribute="Doctype Declaration" context="#stay" />
				<DetectChar attribute="Doctype Declaration" char=")" context="37:element end" />
			</context>
			<context attribute="Error" lineEndContext="#stay" name="28:MixedLong">
				<RegExpr String="(?![٠-٩۰-۹०-९০-৯੦-੯૦-૯୦-୯௧-௯౦-౯೦-೯൦-൯๐-๙໐-໙༠-༩]|\d)(\w|[_:])(\w|[_:.-])*" attribute="Value" context="29:MixedLong endOrContinue" />
				<RegExpr String="\s+" attribute="Doctype Declaration" context="#stay" />
			</context>
			<context attribute="Error" lineEndContext="#stay" name="29:MixedLong endOrContinue">
				<DetectChar attribute="Doctype Declaration" char="|" context="#pop" />
				<RegExpr String="\s+" attribute="Doctype Declaration" context="#pop#pop" />
				<Detect2Chars attribute="Doctype Declaration" char=")" char1="*" context="37:element end" />
			</context>
			<context attribute="Error" lineEndContext="#stay" name="30:children unknown">
				<DetectChar attribute="Doctype Declaration" char="|" context="33:children choice" />
				<DetectChar attribute="Doctype Declaration" char="," context="35:children seq" />
				<RegExpr String="\s+" attribute="Doctype Declaration" context="#stay" />
				<RegExpr String="\)[\?\*\+]?" attribute="Doctype Declaration" context="31:children unknownOrEnd" />
			</context>
			<context attribute="Error" lineEndContext="#stay" name="31:children unknownOrEnd">
				<DetectChar attribute="Doctype Declaration" char="|" context="33:children choice" />
				<DetectChar attribute="Doctype Declaration" char="," context="35:children seq" />
				<RegExpr String="\s+" attribute="Doctype Declaration" context="#stay" />
				<RegExpr String="\)[\?\*\+]?" attribute="Doctype Declaration" context="#stay" />
				<DetectChar attribute="Doctype Declaration" char="&gt;" context="23:Doctype Decl IS" />
			</context>
			<context attribute="Error" lineEndContext="#stay" name="32:children unknownName">
				<RegExpr String="(?![٠-٩۰-۹०-९০-৯੦-੯૦-૯୦-୯௧-௯౦-౯೦-೯൦-൯๐-๙໐-໙༠-༩]|\d)(\w|[_:])(\w|[_:.-])*[\?\*\+]?" attribute="Value" context="30:children unknown" />
				<DetectChar attribute="Doctype Declaration" char="(" context="#stay" />
				<RegExpr String="\s+" attribute="Doctype Declaration" context="#stay" />
			</context>
			<context attribute="Error" lineEndContext="#stay" name="33:children choice">
				<RegExpr String="(?![٠-٩۰-۹०-९০-৯੦-੯૦-૯୦-୯௧-௯౦-౯೦-೯൦-൯๐-๙໐-໙༠-༩]|\d)(\w|[_:])(\w|[_:.-])*[\?\*\+]?" attribute="Value" context="34:children choiceOrEnd" />
				<DetectChar attribute="Doctype Declaration" char="(" context="32:children unknownName" />
				<RegExpr String="\s+" attribute="Doctype Declaration" context="#stay" />
			</context>
			<context attribute="Error" lineEndContext="#stay" name="34:children choiceOrEnd">
				<DetectChar attribute="Doctype Declaration" char="|" context="#pop" />
				<RegExpr String="\s+" attribute="Doctype Declaration" context="#stay" />
				<RegExpr String="\)[\?\*\+]?" attribute="Doctype Declaration" context="31:children unknownOrEnd" />
			</context>
			<context attribute="Error" lineEndContext="#stay" name="35:children seq">
				<RegExpr String="(?![٠-٩۰-۹०-९০-৯੦-੯૦-૯୦-୯௧-௯౦-౯೦-೯൦-൯๐-๙໐-໙༠-༩]|\d)(\w|[_:])(\w|[_:.-])*[\?\*\+]?" attribute="Value" context="36:children seqOrEnd" />
				<DetectChar attribute="Doctype Declaration" char="(" context="32:children unknownName" />
				<RegExpr String="\s+" attribute="Doctype Declaration" context="#stay" />
			</context>
			<context attribute="Error" lineEndContext="#stay" name="36:children seqOrEnd">
				<DetectChar attribute="Doctype Declaration" char="," context="#pop" />
				<RegExpr String="\s+" attribute="Doctype Declaration" context="#stay" />
				<RegExpr String="\)[\?\*\+]?" attribute="Doctype Declaration" context="31:children unknownOrEnd" />
			</context>
			<context attribute="Error" lineEndContext="#stay" name="37:element end">
				<DetectChar attribute="Doctype Declaration" char="&gt;" context="23:Doctype Decl IS" />
				<RegExpr String="\s+" attribute="Doctype Declaration" context="#stay" />
			</context>
			<context attribute="Error" lineEndContext="#stay" name="38:AttlistDecl">
				<RegExpr String="(?![٠-٩۰-۹०-९০-৯੦-੯૦-૯୦-୯௧-௯౦-౯೦-೯൦-൯๐-๙໐-໙༠-༩]|\d)(\w|[_:])(\w|[_:.-])*(\s+|$)" attribute="Normal Tag" context="39:AttDef" />
				<RegExpr String="(?![٠-٩۰-۹०-९০-৯੦-੯૦-૯୦-୯௧-௯౦-౯೦-೯൦-൯๐-๙໐-໙༠-༩]|\d)(\w|[_:])(\w|[_:.-])*&gt;" attribute="Normal Tag" context="23:Doctype Decl IS" />
				<RegExpr String="\s+" attribute="Doctype Declaration" context="#stay" />
			</context>
			<context attribute="Error" lineEndContext="#stay" name="39:AttDef">
				<RegExpr String="(?![٠-٩۰-۹०-९০-৯੦-੯૦-૯୦-୯௧-௯౦-౯೦-೯൦-൯๐-๙໐-໙༠-༩]|\d)(\w|[_:])(\w|[_:.-])*(\s+|$)" attribute="Attribute" context="40:AttType" />
				<RegExpr String="\s+" attribute="Doctype Declaration" context="#stay" />
				<DetectChar attribute="Doctype Declaration" char="&gt;" context="23:Doctype Decl IS" />
			</context>
			<context attribute="Error" lineEndContext="#stay" name="40:AttType">
				<keyword String="AttType" attribute="Doctype Declaration" context="46:DefaultDecl" />
				<RegExpr String="NOTATION(\s+|$)" attribute="Doctype Declaration" context="41:NotationStart" />
				<DetectChar attribute="Doctype Declaration" char="(" context="42:Notation" />
				<RegExpr String="\s+" attribute="Doctype Declaration" context="#pop" />
			</context>
			<context attribute="Error" lineEndContext="#stay" name="41:NotationStart">
				<DetectChar attribute="Doctype Declaration" char="(" context="42:Notation" />
				<RegExpr String="\s+" attribute="Doctype Declaration" context="#pop#pop" />
			</context>
			<context attribute="Error" lineEndContext="#stay" name="42:Notation">
				<RegExpr String="(?![٠-٩۰-۹०-९০-৯੦-੯૦-૯୦-୯௧-௯౦-౯೦-೯൦-൯๐-๙໐-໙༠-༩]|\d)(\w|[_:])(\w|[_:.-])*" attribute="Value" context="43:Notation or End" />
				<RegExpr String="\s+" attribute="Doctype Declaration" context="#stay" />
			</context>
			<context attribute="Error" lineEndContext="#stay" name="43:Notation or End">
				<DetectChar attribute="Doctype Declaration" char="|" context="#pop" />
				<RegExpr String="\)(\s+|$)" attribute="Doctype Declaration" context="46:DefaultDecl" />
				<RegExpr String="\s+" attribute="Doctype Declaration" context="#stay" />
			</context>
			<context attribute="Error" lineEndContext="#stay" name="44:Enumeration">
				<RegExpr String="(\w|[_:.-])+" attribute="Value" context="#stay" />
				<RegExpr String="\s+" attribute="Doctype Declaration" context="#stay" />
			</context>
			<context attribute="Error" lineEndContext="#stay" name="45:Enumeration or End">
				<DetectChar attribute="Doctype Declaration" char="|" context="44:Enumeration" />
				<RegExpr String="\)(\s+|$)" attribute="Doctype Declaration" context="46:DefaultDecl" />
				<RegExpr String="\s+" attribute="Doctype Declaration" context="#stay" />
			</context>
			<context attribute="Error" lineEndContext="#stay" name="46:DefaultDecl">
				<RegExpr String="(#REQUIRED|#IMPLIED)(\s+|$)" attribute="Attribute" context="39:AttDef" />
				<RegExpr String="#FIXED(\s+|$)" attribute="Attribute" context="47:DefaultDecl AttValue" />
				<RegExpr String="\s+" attribute="Doctype Declaration" context="#stay" />
				<RegExpr String="&quot;" attribute="Value" context="48:DefaultDecl AttValue qq" />
				<RegExpr String="'" attribute="Value" context="49:DefaultDecl AttValue q" />
			</context>
			<context attribute="Error" lineEndContext="#stay" name="47:DefaultDecl AttValue">
				<RegExpr String="&quot;" attribute="Value" context="48:DefaultDecl AttValue qq" />
				<RegExpr String="'" attribute="Value" context="49:DefaultDecl AttValue q" />
			</context>
			<context attribute="Value" lineEndContext="#stay" name="48:DefaultDecl AttValue qq">
				<RegExpr String="&amp;(?![٠-٩۰-۹०-९০-৯੦-੯૦-૯୦-୯௧-௯౦-౯೦-೯൦-൯๐-๙໐-໙༠-༩]|\d)(\w|[_:])(\w|[_:.-])*;" attribute="Entity" context="#stay" />
				<RegExpr String="&amp;#(x[0-9a-fA-F]+|[0-9]+);" attribute="Entity" context="#stay" />
				<DetectChar attribute="Error" char="&amp;" context="#stay" />
				<DetectChar attribute="Error" char="&lt;" context="#stay" />
				<DetectChar attribute="Value" char="&quot;" context="39:AttDef" />
			</context>
			<context attribute="Value" lineEndContext="#stay" name="49:DefaultDecl AttValue q">
				<RegExpr String="&amp;(?![٠-٩۰-۹०-९০-৯੦-੯૦-૯୦-୯௧-௯౦-౯೦-೯൦-൯๐-๙໐-໙༠-༩]|\d)(\w|[_:])(\w|[_:.-])*;" attribute="Entity" context="#stay" />
				<RegExpr String="&amp;#(x[0-9a-fA-F]+|[0-9]+);" attribute="Entity" context="#stay" />
				<DetectChar attribute="Error" char="&amp;" context="#stay" />
				<DetectChar attribute="Error" char="&lt;" context="#stay" />
				<DetectChar attribute="Value" char="&quot;" context="39:AttDef" />
			</context>
			<context attribute="Error" lineEndContext="#stay" name="50:EntityDecl">
				<RegExpr String="(?![٠-٩۰-۹०-९০-৯੦-੯૦-૯୦-୯௧-௯౦-౯೦-೯൦-൯๐-๙໐-໙༠-༩]|\d)(\w|[_:])(\w|[_:.-])*(\s+|$)" attribute="Entity" context="52:GEDecl EntityValueOrExternalID" />
				<DetectChar attribute="Entity" char="%" context="61:PEDecl" />
				<RegExpr String="\s+" attribute="Doctype Declaration" context="#stay" />
			</context>
			<context attribute="Error" lineEndContext="#stay" name="51:unused">
				
			</context>
			<context attribute="Error" lineEndContext="#stay" name="52:GEDecl EntityValueOrExternalID">
				<RegExpr String="&quot;" attribute="Value" context="53:GEDecl EntityValue qq" />
				<RegExpr String="'" attribute="Value" context="54:GEDecl EntityValue q" />
				<RegExpr String="PUBLIC(\s+|$)" attribute="Doctype Declaration" context="55:GEDecl PublicID" />
				<RegExpr String="SYSTEM(\s+|$)" attribute="Doctype Declaration" context="58:GEDecl SystemID" />
			</context>
			<context attribute="Value" lineEndContext="#stay" name="53:GEDecl EntityValue qq">
				<RegExpr String="[&amp;%](?![٠-٩۰-۹०-९০-৯੦-੯૦-૯୦-୯௧-௯౦-౯೦-೯൦-൯๐-๙໐-໙༠-༩]|\d)(\w|[_:])(\w|[_:.-])*;" attribute="Entity" context="#stay" />
				<RegExpr String="&amp;#(x[0-9a-fA-F]+|[0-9]+);" attribute="Entity" context="#stay" />
				<DetectChar attribute="Error" char="&amp;" context="#stay" />
				<DetectChar attribute="Error" char="%" context="#stay" />
				<DetectChar attribute="Error" char="&lt;" context="#stay" />
				<DetectChar attribute="Value" char="&quot;" context="69:GEDecl endOrNDATA" />
			</context>
			<context attribute="Value" lineEndContext="#stay" name="54:GEDecl EntityValue q">
				<RegExpr String="[&amp;%](?![٠-٩۰-۹०-९০-৯੦-੯૦-૯୦-୯௧-௯౦-౯೦-೯൦-൯๐-๙໐-໙༠-༩]|\d)(\w|[_:])(\w|[_:.-])*;" attribute="Entity" context="#stay" />
				<RegExpr String="&amp;#(x[0-9a-fA-F]+|[0-9]+);" attribute="Entity" context="#stay" />
				<DetectChar attribute="Error" char="&amp;" context="#stay" />
				<DetectChar attribute="Error" char="%" context="#stay" />
				<DetectChar attribute="Error" char="&lt;" context="#stay" />
				<DetectChar attribute="Value" char="'" context="69:GEDecl endOrNDATA" />
			</context>
			<context attribute="Error" lineEndContext="#stay" name="55:GEDecl PublicID">
				<DetectChar attribute="Value" char="&quot;" context="56:GEDecl PublicID qq" />
				<DetectChar attribute="Value" char="'" context="57:GEDecl PublicID q" />
				<RegExpr String="\s+" attribute="Doctype Declaration" context="#stay" />
			</context>
			<context attribute="Error" lineEndContext="#stay" name="56:GEDecl PublicID qq">
				<DetectChar attribute="Value" char="&quot;(\s+|$)" context="58:GEDecl SystemID" />
				<RegExpr String="[ 
a-zA-Z0-9'()+,./:=?;!*#@$_%-]" attribute="Value" context="#stay" />
			</context>
			<context attribute="Value" lineEndContext="#stay" name="57:GEDecl PublicID q">
				<DetectChar attribute="Value" char="'(\s+|$)" context="58:GEDecl SystemID" />
				<RegExpr String="[ 
a-zA-Z0-9()+,./:=?;!*#@$_%-]" attribute="Value" context="#stay" />
			</context>
			<context attribute="Error" lineEndContext="#stay" name="58:GEDecl SystemID">
				<DetectChar attribute="Value" char="&quot;" context="59:GEDecl SystemID qq" />
				<DetectChar attribute="Value" char="'" context="60:GEDecl SystemID q" />
				<RegExpr String="\s+" attribute="Doctype Declaration" context="#stay" />
			</context>
			<context attribute="Value" lineEndContext="#stay" name="59:GEDecl SystemID qq">
				<DetectChar attribute="Value" char="&quot;" context="69:GEDecl endOrNDATA" />
			</context>
			<context attribute="Value" lineEndContext="#stay" name="60:GEDecl SystemID q">
				<DetectChar attribute="Value" char="'" context="69:GEDecl endOrNDATA" />
			</context>
			<context attribute="Error" lineEndContext="#stay" name="61:PEDecl">
				<RegExpr String="(?![٠-٩۰-۹०-९০-৯੦-੯૦-૯୦-୯௧-௯౦-౯೦-೯൦-൯๐-๙໐-໙༠-༩]|\d)(\w|[_:])(\w|[_:.-])*(\s+|$)" attribute="Entity" context="62:PEDecl EntityValueOrExternalID" />
				<RegExpr String="\s+" attribute="Doctype Declaration" context="#stay" />
			</context>
			<context attribute="Error" lineEndContext="#stay" name="62:PEDecl EntityValueOrExternalID">
				<RegExpr String="&quot;" attribute="Value" context="53:GEDecl EntityValue qq" />
				<RegExpr String="'" attribute="Value" context="54:GEDecl EntityValue q" />
				<RegExpr String="PUBLIC(\s+|$)" attribute="Doctype Declaration" context="63:PEDecl PublicID" />
				<RegExpr String="SYSTEM(\s+|$)" attribute="Doctype Declaration" context="66:PEDecl SystemID" />
			</context>
			<context attribute="Error" lineEndContext="#stay" name="63:PEDecl PublicID">
				<DetectChar attribute="Value" char="&quot;" context="64:PEDecl PublicID qq" />
				<DetectChar attribute="Value" char="'" context="65:PEDecl PublicID q" />
				<RegExpr String="\s+" attribute="Doctype Declaration" context="#stay" />
			</context>
			<context attribute="Error" lineEndContext="#stay" name="64:PEDecl PublicID qq">
				<DetectChar attribute="Value" char="&quot;(\s+|$)" context="66:PEDecl SystemID" />
				<RegExpr String="[ 
a-zA-Z0-9'()+,./:=?;!*#@$_%-]" attribute="Value" context="#stay" />
			</context>
			<context attribute="Value" lineEndContext="#stay" name="65:PEDecl PublicID q">
				<DetectChar attribute="Value" char="'(\s+|$)" context="66:PEDecl SystemID" />
				<RegExpr String="[ 
a-zA-Z0-9()+,./:=?;!*#@$_%-]" attribute="Value" context="#stay" />
			</context>
			<context attribute="Error" lineEndContext="#stay" name="66:PEDecl SystemID">
				<DetectChar attribute="Value" char="&quot;" context="67:PEDecl SystemID qq" />
				<DetectChar attribute="Value" char="'" context="68:PEDecl SystemID q" />
				<RegExpr String="\s+" attribute="Doctype Declaration" context="#stay" />
			</context>
			<context attribute="Value" lineEndContext="#stay" name="67:PEDecl SystemID qq">
				<DetectChar attribute="Value" char="&quot;" context="37:element end" />
			</context>
			<context attribute="Value" lineEndContext="#stay" name="68:PEDecl SystemID q">
				<DetectChar attribute="Value" char="'" context="37:element end" />
			</context>
			<context attribute="Error" lineEndContext="#stay" name="69:GEDecl endOrNDATA">
				<DetectChar attribute="Doctype Declaration" char="&gt;" context="23:Doctype Decl IS" />
				<RegExpr String="NDATA(\s+|$)" attribute="Doctype Declaration" context="70:GEDecl NDATA" />
				<RegExpr String="\s+" attribute="Doctype Declaration" context="#stay" />
			</context>
			<context attribute="Error" lineEndContext="#stay" name="70:GEDecl NDATA">
				<RegExpr String="(?![٠-٩۰-۹०-९০-৯੦-੯૦-૯୦-୯௧-௯౦-౯೦-೯൦-൯๐-๙໐-໙༠-༩]|\d)(\w|[_:])(\w|[_:.-])*" attribute="Entity" context="37:element end" />
				<RegExpr String="\s+" attribute="Doctype Declaration" context="#stay" />
			</context>
			<context attribute="Error" lineEndContext="#stay" name="71:NotationDecl Name">
				<RegExpr String="(?![٠-٩۰-۹०-९০-৯੦-੯૦-૯୦-୯௧-௯౦-౯೦-೯൦-൯๐-๙໐-໙༠-༩]|\d)(\w|[_:])(\w|[_:.-])*(\s+|$)" attribute="Entity" context="72:NotationDecl ExternalID" />
				<RegExpr String="\s+" attribute="Doctype Declaration" context="#stay" />
			</context>
			<context attribute="Error" lineEndContext="#stay" name="72:NotationDecl ExternalID">
				<RegExpr String="PUBLIC(\s+|$)" attribute="Doctype Declaration" context="73:NotationDecl PublicID" />
				<RegExpr String="SYSTEM(\s+|$)" attribute="Doctype Declaration" context="66:PEDecl SystemID" />
				<RegExpr String="\s+" attribute="Doctype Declaration" context="#stay" />
			</context>
			<context attribute="Error" lineEndContext="#stay" name="73:NotationDecl PublicID">
				<DetectChar attribute="Value" char="&quot;" context="74:NotationDecl PublicID qq" />
				<DetectChar attribute="Value" char="'" context="75:NotationDecl PublicID q" />
				<RegExpr String="\s+" attribute="Doctype Declaration" context="#stay" />
			</context>
			<context attribute="Error" lineEndContext="#stay" name="74:NotationDecl PublicID qq">
				<DetectChar attribute="Value" char="&quot;(\s+|$)" context="76:NotationDecl SystemIDOrEnd" />
				<RegExpr String="[ 
a-zA-Z0-9'()+,./:=?;!*#@$_%-]" attribute="Value" context="#stay" />
			</context>
			<context attribute="Value" lineEndContext="#stay" name="75:NotationDecl PublicID q">
				<DetectChar attribute="Value" char="'(\s+|$)" context="76:NotationDecl SystemIDOrEnd" />
				<RegExpr String="[ 
a-zA-Z0-9()+,./:=?;!*#@$_%-]" attribute="Value" context="#stay" />
			</context>
			<context attribute="Error" lineEndContext="#stay" name="76:NotationDecl SystemIDOrEnd">
				<DetectChar attribute="Value" char="&quot;" context="67:PEDecl SystemID qq" />
				<DetectChar attribute="Value" char="'" context="68:PEDecl SystemID q" />
				<DetectChar attribute="Doctype Declaration" char="&gt;" context="23:Doctype Decl IS" />
				<RegExpr String="\s+" attribute="Doctype Declaration" context="#stay" />
			</context>
			<context attribute="Comment" lineEndContext="#stay" name="77:Comment inside IS">
				<RegExpr String="---&gt;" attribute="Error" context="23:Doctype Decl IS" />
				<RegExpr String="--&gt;" attribute="Comment" context="23:Doctype Decl IS" />
				<Detect2Chars attribute="Error" char="-" char1="-" context="#stay" />
			</context>
			<context attribute="Processing Instruction Body" lineEndContext="#stay" name="78:PI inside IS">
				<Detect2Chars attribute="Processing Instruction" char="?" char1="&gt;" context="23:Doctype Decl IS" />
			</context>
			<context attribute="Normal Text" lineEndContext="#stay" name="79:Outside">
				<RegExpr String="&lt;[xX][mM][lL](\w|[_.-])*(:(\w|[_.-])+)?" attribute="Error" context="80:STag" />
				<RegExpr String="&lt;(?![٠-٩۰-۹०-९০-৯੦-੯૦-૯୦-୯௧-௯౦-౯೦-೯൦-൯๐-๙໐-໙༠-༩]|\d)(\w|_)(\w|[_.-])*(:(\w|[_.-])+)?" attribute="Normal Tag" context="80:STag" />
				<RegExpr String="&lt;(?![٠-٩۰-۹०-९০-৯੦-੯૦-૯୦-୯௧-௯౦-౯೦-೯൦-൯๐-๙໐-໙༠-༩]|\d)(\w|[:_])(\w|[:_.-])*" attribute="Error" context="80:STag" />
				<RegExpr String="&lt;/[xX][mM][lL](\w|[_.-])*(:(\w|[_.-])+)?" attribute="Error" context="85:ETag" />
				<RegExpr String="&lt;/(?![٠-٩۰-۹०-९০-৯੦-੯૦-૯୦-୯௧-௯౦-౯೦-೯൦-൯๐-๙໐-໙༠-༩]|\d)(\w|_)(\w|[_.-])*(:(\w|[_.-])+)?" attribute="Normal Tag" context="85:ETag" />
				<RegExpr String="&lt;/(?![٠-٩۰-۹०-९০-৯੦-੯૦-૯୦-୯௧-௯౦-౯೦-೯൦-൯๐-๙໐-໙༠-༩]|\d)(\w|[:_])(\w|[:_.-])*" attribute="Error" context="85:ETag" />
				<RegExpr String="&amp;(?![٠-٩۰-۹०-९০-৯੦-੯૦-૯୦-୯௧-௯౦-౯೦-೯൦-൯๐-๙໐-໙༠-༩]|\d)(\w|[_:])(\w|[_:.-])*;" attribute="Entity" context="#stay" />
				<RegExpr String="&amp;#(x[0-9a-fA-F]+|[0-9]+);" attribute="Entity" context="#stay" />
				<RegExpr String="&lt;!\[CDATA\[" attribute="Entity" context="86:CDSect" />
				<RegExpr String="&lt;!--" attribute="Comment" context="87:Comment inside IS" />
				<RegExpr String="&lt;\?xml-stylesheet(\s|$)" attribute="Normal Tag" context="88:PI inside IS" />
				<RegExpr String="&lt;\?[xX][mM][lL](\w|[_.-])*(:(\w|[_.-])+)?" attribute="Error" context="88:PI inside IS" />
				<RegExpr String="&lt;\?(?![٠-٩۰-۹०-९০-৯੦-੯૦-૯୦-୯௧-௯౦-౯೦-೯൦-൯๐-๙໐-໙༠-༩]|\d)(\w|_)(\w|[_.-])*(:(\w|[_.-])+)?" attribute="Normal Tag" context="88:PI inside IS" />
				<RegExpr String="&lt;\?(?![٠-٩۰-۹०-९০-৯੦-੯૦-૯୦-୯௧-௯౦-౯೦-೯൦-൯๐-๙໐-໙༠-༩]|\d)(\w|[:_])(\w|[:_.-])*" attribute="Error" context="88:PI inside IS" />
				<DetectChar attribute="Error" char="&lt;" context="#stay" />
				<DetectChar attribute="Error" char="&amp;" context="#stay" />
				<RegExpr String="\]\]&gt;" attribute="Error" context="#stay" />
			</context>
			<context attribute="Error" lineEndContext="#stay" name="80:STag">
				<Detect2Chars attribute="Normal Tag" char="/" char1="&gt;" context="79:Outside" />
				<DetectChar attribute="Normal Tag" char="&gt;" context="79:Outside" />
				<RegExpr String="(xmlns:(\w|[_.-])*|xmlns|xml:(lang|base|space))" attribute="Attribute" context="81:STag Attribute" />
				<RegExpr String="[xX][mM][lL](\w|[_.-])*(:(\w|[_.-])+)?" attribute="Error" context="81:STag Attribute" />
				<RegExpr String="(?![٠-٩۰-۹०-९০-৯੦-੯૦-૯୦-୯௧-௯౦-౯೦-೯൦-൯๐-๙໐-໙༠-༩]|\d)(\w|_)(\w|[_.-])*(:(\w|[_.-])+)?" attribute="Attribute" context="81:STag Attribute" />
				<RegExpr String="(?![٠-٩۰-۹०-९০-৯੦-੯૦-૯୦-୯௧-௯౦-౯೦-೯൦-൯๐-๙໐-໙༠-༩]|\d)(\w|[:_])(\w|[:_.-])*" attribute="Error" context="81:STag Attribute" />
				<RegExpr String="\s+" attribute="Normal Tag" context="#stay" />
			</context>
			<context attribute="Error" lineEndContext="#stay" name="81:STag Attribute">
				<DetectChar attribute="Attribute" char="=" context="82:STag Attribute Value" />
				<RegExpr String="\s+" attribute="Normal Tag" context="#stay" />
			</context>
			<context attribute="Error" lineEndContext="#stay" name="82:STag Attribute Value">
				<DetectChar attribute="Value" char="&quot;" context="83:STag Value qq" />
				<DetectChar attribute="Value" char="'" context="84:STag Value q" />
				<RegExpr String="\s+" attribute="Normal Tag" context="#stay" />
			</context>
			<context attribute="Value" lineEndContext="#stay" name="83:STag Value qq">
				<RegExpr String="&amp;(?![٠-٩۰-۹०-९০-৯੦-੯૦-૯୦-୯௧-௯౦-౯೦-೯൦-൯๐-๙໐-໙༠-༩]|\d)(\w|[_:])(\w|[_:.-])*;" attribute="Entity" context="#stay" />
				<RegExpr String="&amp;#(x[0-9a-fA-F]+|[0-9]+);" attribute="Entity" context="#stay" />
				<DetectChar attribute="Error" char="&amp;" context="#stay" />
				<DetectChar attribute="Error" char="&lt;" context="#stay" />
				<RegExpr String="&quot;(?=(?![٠-٩۰-۹०-९০-৯੦-੯૦-૯୦-୯௧-௯౦-౯೦-೯൦-൯๐-๙໐-໙༠-༩]|\d)(\w|[_:]))" attribute="Error" context="80:STag" />
				<RegExpr String="&quot;(?=&gt;|/&gt;|\s|$)" attribute="Value" context="80:STag" />
			</context>
			<context attribute="Value" lineEndContext="#stay" name="84:STag Value q">
				<RegExpr String="&amp;(?![٠-٩۰-۹०-९০-৯੦-੯૦-૯୦-୯௧-௯౦-౯೦-೯൦-൯๐-๙໐-໙༠-༩]|\d)(\w|[_:])(\w|[_:.-])*;" attribute="Entity" context="#stay" />
				<RegExpr String="&amp;#(x[0-9a-fA-F]+|[0-9]+);" attribute="Entity" context="#stay" />
				<DetectChar attribute="Error" char="&amp;" context="#stay" />
				<DetectChar attribute="Error" char="&lt;" context="#stay" />
				<RegExpr String="'(?=(?![٠-٩۰-۹०-९০-৯੦-੯૦-૯୦-୯௧-௯౦-౯೦-೯൦-൯๐-๙໐-໙༠-༩]|\d)(\w|[_:]))" attribute="Error" context="80:STag" />
				<RegExpr String="'(?=&gt;|/&gt;|\s|$)" attribute="Value" context="80:STag" />
			</context>
			<context attribute="Error" lineEndContext="#stay" name="85:ETag">
				<DetectChar attribute="Normal Tag" char="&gt;" context="79:Outside" />
				<RegExpr String="\s+" attribute="Normal Tag" context="#stay" />
			</context>
			<context attribute="Normal Text" lineEndContext="#stay" name="86:CDSect">
				<RegExpr String="\]\]&gt;" attribute="Entity" context="79:Outside" />
			</context>
			<context attribute="Comment" lineEndContext="#stay" name="87:Comment inside IS">
				<RegExpr String="---&gt;" attribute="Error" context="79:Outside" />
				<RegExpr String="--&gt;" attribute="Comment" context="79:Outside" />
				<Detect2Chars attribute="Error" char="-" char1="-" context="#stay" />
			</context>
			<context attribute="Processing Instruction Body" lineEndContext="#stay" name="88:PI inside IS">
				<Detect2Chars attribute="Processing Instruction" char="?" char1="&gt;" context="79:Outside" />
			</context>
		</contexts>
		<itemDatas>
			<itemData defStyleNum="dsNormal" name="Normal Text" />
			<itemData defStyleNum="dsChar" name="Entity" />
			<itemData defStyleNum="dsKeyword" name="Normal Tag" />
			<itemData defStyleNum="dsDataType" name="Attribute" />
			<itemData defStyleNum="dsString" name="Value" />
			<itemData defStyleNum="dsKeyword" name="Doctype Declaration" />
			<itemData defStyleNum="dsComment" name="Comment" />
			<itemData defStyleNum="dsKeyword" name="Processing Instruction" />
			<itemData defStyleNum="dsOthers" name="PI content" />
			<itemData defStyleNum="dsKeyword" name="Stylesheet" />
			<itemData defStyleNum="dsError" name="Error" />
		</itemDatas>
		<list name="AttType">
			<item>CDATA</item>
			<item>ID</item>
			<item>IDREF</item>
			<item>IDREFS</item>
			<item>ENTITY</item>
			<item>ENTITIES</item>
			<item>NMTOKEN</item>
			<item>NMTOKENS</item>
		</list>
	</highlighting>
	<general>
		<comments>
			<comment end="--&gt;" name="multiLine" start="&lt;!--" />
		</comments>
		<keywords casesensitive="1" />
		<indentation mode="xml" />
	</general>
</language>
