<?xml version="1.0" encoding="UTF-8"?>
<!DOCTYPE language SYSTEM "language.dtd">
<!-- read from /usr/share/katepart5/syntax/yaml.xml at 25/06/15 19:33:20 CEST -->
<language author="Dr Orlovsky MA (dr.orlovsky@gmail.com)" extensions="*.yaml;*.yml" kateversion="2.5" license="LGPL" mimetype="text/yaml" name="YAML" section="Markup" version="1.2">
	<highlighting>
		<contexts>
			<context attribute="Normal Text" lineEndContext="#stay" name="normal">
				<RegExpr String="^---" attribute="Document Header" context="header" />
				<RegExpr String="^\.\.\.$" attribute="End of Document" context="EOD" />
				<RegExpr String="^%" attribute="Directive" context="directive" />
				<DetectSpaces />
				<DetectChar attribute="Comment" char="#" context="comment" />
				<DetectChar attribute="Operator" char="-" context="dash" firstNonSpace="true" />
				<DetectChar attribute="Operator" beginRegion="List" char="[" context="list" />
				<DetectChar attribute="Operator" beginRegion="Hash" char="{" context="hash" />
				<RegExpr String="!!\S+" attribute="Data Types" context="#stay" firstNonSpace="true" />
				<RegExpr String="&amp;\S+" attribute="Alias" context="#stay" firstNonSpace="true" />
				<RegExpr String="\*\S+" attribute="Reference" context="#stay" firstNonSpace="true" />
				<RegExpr String="\??\s*[^&quot;'#-][^:#]*:" attribute="Key" context="attribute-pre" />
				<RegExpr String="\??\s*&quot;[^&quot;#]+&quot;\s*:" attribute="Key" context="attribute-pre" />
				<RegExpr String="\??\s*'[^'#]+'\s*:" attribute="Key" context="attribute-pre" />
				<DetectChar attribute="String" beginRegion="String" char="'" context="string" />
				<DetectChar attribute="String" beginRegion="String" char="&quot;" context="stringx" />
			</context>
			<context attribute="List" lineEndContext="#pop" name="dash">
				<DetectSpaces />
				<DetectChar attribute="Comment" char="#" context="comment" />
				<RegExpr String="null$" attribute="Data Types" context="#stay" />
				<RegExpr String="!!\S+" attribute="Data Types" context="#stay" />
				<RegExpr String="&amp;\S+" attribute="Alias" context="#stay" />
				<RegExpr String="\*\S+" attribute="Reference" context="#stay" />
				<RegExpr String="." attribute="Normal Text" context="#pop" lookAhead="true" />
			</context>
			<context attribute="Document Header" lineEndContext="#pop" name="header">
				<DetectChar attribute="Comment" char="#" context="comment" />
			</context>
			<context attribute="End of Document" lineEndContext="#stay" name="EOD">
				
			</context>
			<context attribute="Directive" lineEndContext="#pop" name="directive">
				
			</context>
			<context attribute="Attribute" lineEndContext="#pop#pop" name="attribute">
				<DetectChar attribute="Comment" char="#" context="comment" />
			</context>
			<context attribute="Attribute" lineEndContext="#stay" name="attribute-inline">
				<DetectChar attribute="Operator" char="," context="#pop#pop" />
				<DetectChar attribute="Operator" char="}" context="#pop#pop" lookAhead="true" />
				<DetectChar attribute="Comment" char="#" context="comment" />
			</context>
			<context attribute="Attribute" lineEndContext="#pop" name="attribute-pre">
				<DetectSpaces />
				<DetectChar attribute="Comment" char="#" context="comment" />
				<RegExpr String="null$" attribute="Data Types" context="#stay" />
				<RegExpr String="!!\S+" attribute="Data Types" context="#stay" />
				<DetectChar attribute="Operator" beginRegion="List" char="[" context="list" />
				<DetectChar attribute="Operator" beginRegion="Hash" char="{" context="hash" />
				<DetectChar attribute="String" beginRegion="String" char="'" context="attribute-string" />
				<DetectChar attribute="String" beginRegion="String" char="&quot;" context="attribute-stringx" />
				<RegExpr String="&amp;\S+" attribute="Alias" context="attribute" />
				<RegExpr String="\*\S+" attribute="Reference" context="attribute" />
				<RegExpr String="." attribute="Attribute" context="attribute" />
			</context>
			<context attribute="Attribute" lineEndContext="#pop" name="attribute-pre-inline">
				<DetectSpaces />
				<DetectChar attribute="Comment" char="#" context="comment" />
				<StringDetect String="null" attribute="Data Types" context="#stay" />
				<RegExpr String="!!\S+" attribute="Data Types" context="#stay" />
				<DetectChar attribute="Operator" beginRegion="List" char="[" context="list" />
				<DetectChar attribute="Operator" beginRegion="Hash" char="{" context="hash" />
				<DetectChar attribute="String" beginRegion="String" char="'" context="attribute-string-inline" />
				<DetectChar attribute="String" beginRegion="String" char="&quot;" context="attribute-stringx-inline" />
				<RegExpr String="&amp;\S+" attribute="Alias" context="attribute-inline" />
				<RegExpr String="\*\S+" attribute="Reference" context="attribute-inline" />
				<DetectChar attribute="Operator" char="," context="#pop" />
				<DetectChar attribute="Operator" char="}" context="#pop" lookAhead="true" />
				<RegExpr String="." attribute="Attribute" context="attribute-inline" />
			</context>
			<context attribute="List" lineEndContext="#stay" name="list">
				<DetectSpaces />
				<DetectChar attribute="Comment" char="#" context="comment" />
				<DetectChar attribute="Operator" char="]" context="#pop" endRegion="List" />
				<RegExpr String="\??\s*[^&quot;'#-][^:#]*:" attribute="Key" context="attribute-pre" />
				<RegExpr String="\??\s*&quot;[^&quot;#]+&quot;\s*:" attribute="Key" context="attribute-pre" />
				<RegExpr String="\??\s*'[^'#]+'\s*:" attribute="Key" context="attribute-pre" />
				<StringDetect String="null" attribute="Data Types" context="#stay" />
				<RegExpr String="!!\S+" attribute="Data Types" context="#stay" />
				<DetectChar attribute="Operator" beginRegion="List" char="[" context="list" />
				<DetectChar attribute="Operator" beginRegion="Hash" char="{" context="hash" />
				<RegExpr String="&amp;\S+" attribute="Alias" context="#stay" />
				<RegExpr String="\*\S+" attribute="Reference" context="#stay" />
				<DetectChar attribute="String" beginRegion="String" char="'" context="string" />
				<DetectChar attribute="String" beginRegion="String" char="&quot;" context="stringx" />
				<DetectChar attribute="Operator" char="," context="#stay" />
			</context>
			<context attribute="Hash" lineEndContext="#stay" name="hash">
				<DetectSpaces />
				<DetectChar attribute="Comment" char="#" context="comment" />
				<RegExpr String="\??\s*[^&quot;'#-][^:#]*:" attribute="Key" context="attribute-pre-inline" />
				<RegExpr String="\??\s*&quot;[^&quot;#]+&quot;\s*:" attribute="Key" context="attribute-pre-inline" />
				<RegExpr String="\??\s*'[^'#]+'\s*:" attribute="Key" context="attribute-pre-inline" />
				<DetectChar attribute="Operator" char="}" context="#pop" endRegion="Hash" />
			</context>
			<context attribute="String" lineEndContext="#stay" name="attribute-string">
				<DetectIdentifier />
				<DetectChar attribute="String" char="'" context="attribute-end" endRegion="String" />
			</context>
			<context attribute="String" lineEndContext="#stay" name="attribute-stringx">
				<DetectIdentifier />
				<DetectChar attribute="String" char="&quot;" context="attribute-end" endRegion="String" />
			</context>
			<context attribute="String" lineEndContext="#stay" name="attribute-string-inline">
				<DetectIdentifier />
				<DetectChar attribute="String" char="'" context="attribute-end-inline" endRegion="String" />
			</context>
			<context attribute="String" lineEndContext="#stay" name="attribute-stringx-inline">
				<DetectIdentifier />
				<DetectChar attribute="String" char="&quot;" context="attribute-end-inline" endRegion="String" />
			</context>
			<context attribute="Error" lineEndContext="#pop#pop#pop" name="attribute-end">
				
			</context>
			<context attribute="Error" lineEndContext="#pop#pop#pop" name="attribute-end-inline">
				<RegExpr String="\s*" attribute="Normal Text" context="#stay" />
				<DetectChar attribute="String" char="}" context="#pop#pop#pop" lookAhead="true" />
				<RegExpr String=",\s" attribute="Operator" context="#pop#pop#pop" />
			</context>
			<context attribute="String" lineEndContext="#stay" name="string">
				<DetectIdentifier />
				<DetectChar attribute="String" char="'" context="#pop" endRegion="String" />
			</context>
			<context attribute="String" lineEndContext="#stay" name="stringx">
				<DetectIdentifier />
				<DetectChar attribute="String" char="&quot;" context="#pop" endRegion="String" />
			</context>
			<context attribute="Comment" lineEndContext="#pop" name="comment">
				<IncludeRules context="##Alerts" />
				<IncludeRules context="##Modelines" />
			</context>
		</contexts>
		<itemDatas>
			<itemData defStyleNum="dsNormal" name="Normal Text" />
			<itemData defStyleNum="dsNormal" name="List" />
			<itemData defStyleNum="dsNormal" name="Hash" />
			<itemData defStyleNum="dsComment" name="Comment" />
			<itemData defStyleNum="dsComment" name="End of Document" />
			<itemData defStyleNum="dsOthers" name="Document Header" />
			<itemData defStyleNum="dsDataType" name="Data Types" />
			<itemData defStyleNum="dsDataType" name="Alias" />
			<itemData defStyleNum="dsDataType" name="Reference" />
			<itemData defStyleNum="dsFunction" name="Key" />
			<itemData defStyleNum="dsOthers" name="Directive" />
			<itemData defStyleNum="dsKeyword" name="Operator" />
			<itemData defStyleNum="dsString" name="String" />
			<itemData defStyleNum="dsError" name="Error" />
		</itemDatas>
	</highlighting>
	<general>
		<comments>
			<comment name="singleLine" position="afterwhitespace" start="#" />
		</comments>
		<keywords casesensitive="1" />
	</general>
</language>
